order_id,customer_id,customer_name,city,state,product_id,product_name,category,quantity,unit_price,total_amount,order_date,status
1,328,Customer 328,Rio de Janeiro,RJ,1,Notebook Pro,Computers,3,4500.0,13500.0,2026-03-04,completed
2,72,Customer 72,Rio de Janeiro,RJ,9,External HD 2TB,Storage,1,500.0,500.0,2026-06-01,completed
3,17,Customer 17,São Paulo,SP,2,Keyboard Mechanical,Accessories,2,350.0,700.0,2026-03-01,completed
4,309,Customer 309,São Paulo,SP,9,External HD 2TB,Storage,2,500.0,1000.0,2026-07-03,cancelled
5,360,Customer 360,Recife,PE,7,Webcam Full HD,Accessories,2,300.0,600.0,2026-04-25,completed
6,143,Customer 143,São Paulo,SP,3,Monitor 27,Monitors,4,1200.0,4800.0,2026-03-29,completed
7,80,Customer 80,Belo Horizonte,MG,6,SSD 1TB,Storage,1,700.0,700.0,2026-01-24,completed
8,50,Customer 50,Salvador,BA,6,SSD 1TB,Storage,5,700.0,3500.0,2026-03-09,completed
9,374,Customer 374,Porto Alegre,RS,9,External HD 2TB,Storage,1,500.0,500.0,2026-08-25,completed
10,41,Customer 41,Recife,PE,5,Headset Pro,Accessories,5,450.0,2250.0,2026-08-15,completed
11,296,Customer 296,Belo Horizonte,MG,2,Keyboard Mechanical,Accessories,1,350.0,350.0,2026-06-19,completed
12,396,Customer 396,Brasília,DF,2,Keyboard Mechanical,Accessories,2,350.0,700.0,2026-08-10,completed
13,195,Customer 195,Brasília,DF,8,Tablet Pro,Tablets,3,2800.0,8400.0,2026-02-11,completed
14,182,Customer 182,Belo Horizonte,MG,5,Headset Pro,Accessories,1,450.0,450.0,2026-06-05,cancelled
15,88,Customer 88,Recife,PE,4,Mouse Wireless,Accessories,2,180.0,360.0,2026-04-29,completed
16,139,Customer 139,Recife,PE,4,Mouse Wireless,Accessories,3,180.0,540.0,2026-08-04,completed
17,118,Customer 118,São Paulo,SP,6,SSD 1TB,Storage,4,700.0,2800.0,2026-03-10,completed
18,109,Customer 109,Fortaleza,CE,6,SSD 1TB,Storage,2,700.0,1400.0,2026-06-17,completed
19,203,Customer 203,Porto Alegre,RS,3,Monitor 27,Monitors,3,1200.0,3600.0,2026-02-05,completed
20,382,Customer 382,Recife,PE,9,External HD 2TB,Storage,3,500.0,1500.0,2026-07-11,completed
21,220,Customer 220,Fortaleza,CE,7,Webcam Full HD,Accessories,3,300.0,900.0,2026-02-26,completed
22,261,Customer 261,Porto Alegre,RS,2,Keyboard Mechanical,Accessories,1,350.0,350.0,2026-08-09,completed
23,79,Customer 79,Niterói,RJ,7,Webcam Full HD,Accessories,5,300.0,1500.0,2026-01-17,completed
24,196,Customer 196,Fortaleza,CE,8,Tablet Pro,Tablets,5,2800.0,14000.0,2026-03-06,completed
25,441,Customer 441,São Paulo,SP,2,Keyboard Mechanical,Accessories,5,350.0,1750.0,2026-07-12,completed
26,394,Customer 394,Salvador,BA,2,Keyboard Mechanical,Accessories,3,350.0,1050.0,2026-04-22,completed
27,233,Customer 233,São Paulo,SP,5,Headset Pro,Accessories,5,450.0,2250.0,2026-07-15,completed
28,260,Customer 260,Rio de Janeiro,RJ,5,Headset Pro,Accessories,5,450.0,2250.0,2026-06-05,completed
29,79,Customer 79,Salvador,BA,3,Monitor 27,Monitors,5,1200.0,6000.0,2026-07-19,completed
30,471,Customer 471,São Paulo,SP,10,Laptop Stand,Accessories,3,250.0,750.0,2026-05-06,completed
31,58,Customer 58,Salvador,BA,5,Headset Pro,Accessories,2,450.0,900.0,2026-01-15,completed
32,450,Customer 450,Fortaleza,CE,2,Keyboard Mechanical,Accessories,1,350.0,350.0,2026-07-07,completed
33,418,Customer 418,Rio de Janeiro,RJ,9,External HD 2TB,Storage,2,500.0,1000.0,2026-02-02,cancelled
34,244,Customer 244,Recife,PE,3,Monitor 27,Monitors,3,1200.0,3600.0,2026-05-16,completed
35,217,Customer 217,Belo Horizonte,MG,9,External HD 2TB,Storage,2,500.0,1000.0,2026-07-02,completed
36,205,Customer 205,Salvador,BA,8,Tablet Pro,Tablets,5,2800.0,14000.0,2026-04-26,completed
37,127,Customer 127,Belo Horizonte,MG,2,Keyboard Mechanical,Accessories,3,350.0,1050.0,2026-01-06,completed
38,284,Customer 284,Belo Horizonte,MG,10,Laptop Stand,Accessories,2,250.0,500.0,2026-01-02,completed
39,363,Customer 363,São Paulo,SP,4,Mouse Wireless,Accessories,1,180.0,180.0,2026-08-20,completed
40,441,Customer 441,Salvador,BA,2,Keyboard Mechanical,Accessories,5,350.0,1750.0,2026-03-02,completed
41,343,Customer 343,Porto Alegre,RS,4,Mouse Wireless,Accessories,5,180.0,900.0,2026-02-03,cancelled
42,479,Customer 479,Fortaleza,CE,10,Laptop Stand,Accessories,4,250.0,1000.0,2026-03-04,completed
43,414,Customer 414,Curitiba,PR,4,Mouse Wireless,Accessories,1,180.0,180.0,2026-01-25,cancelled
44,221,Customer 221,Salvador,BA,7,Webcam Full HD,Accessories,4,300.0,1200.0,2026-04-30,cancelled
45,28,Customer 28,Rio de Janeiro,RJ,1,Notebook Pro,Computers,4,4500.0,18000.0,2026-07-06,completed
46,410,Customer 410,Rio de Janeiro,RJ,4,Mouse Wireless,Accessories,2,180.0,360.0,2026-02-18,completed
47,230,Customer 230,Niterói,RJ,7,Webcam Full HD,Accessories,2,300.0,600.0,2026-03-13,completed
48,128,Customer 128,Rio de Janeiro,RJ,8,Tablet Pro,Tablets,5,2800.0,14000.0,2026-01-26,completed
49,334,Customer 334,Recife,PE,1,Notebook Pro,Computers,1,4500.0,4500.0,2026-08-26,completed
50,86,Customer 86,Curitiba,PR,8,Tablet Pro,Tablets,4,2800.0,11200.0,2026-02-24,completed
51,463,Customer 463,São Paulo,SP,3,Monitor 27,Monitors,4,1200.0,4800.0,2026-01-01,completed
52,136,Customer 136,Porto Alegre,RS,5,Headset Pro,Accessories,4,450.0,1800.0,2026-06-28,cancelled
53,402,Customer 402,Recife,PE,8,Tablet Pro,Tablets,2,2800.0,5600.0,2026-02-18,completed
54,112,Customer 112,São Paulo,SP,10,Laptop Stand,Accessories,5,250.0,1250.0,2026-01-16,cancelled
55,161,Customer 161,São Paulo,SP,1,Notebook Pro,Computers,5,4500.0,22500.0,2026-05-03,completed
56,471,Customer 471,Recife,PE,3,Monitor 27,Monitors,1,1200.0,1200.0,2026-05-11,completed
57,436,Customer 436,Niterói,RJ,2,Keyboard Mechanical,Accessories,5,350.0,1750.0,2026-01-18,cancelled
58,442,Customer 442,Belo Horizonte,MG,7,Webcam Full HD,Accessories,1,300.0,300.0,2026-08-16,completed
59,127,Customer 127,Fortaleza,CE,10,Laptop Stand,Accessories,1,250.0,250.0,2026-06-08,completed
60,215,Customer 215,Fortaleza,CE,10,Laptop Stand,Accessories,5,250.0,1250.0,2026-03-22,completed
61,105,Customer 105,Salvador,BA,4,Mouse Wireless,Accessories,3,180.0,540.0,2026-04-12,completed
62,344,Customer 344,Brasília,DF,8,Tablet Pro,Tablets,3,2800.0,8400.0,2026-08-26,completed
63,5,Customer 5,Porto Alegre,RS,10,Laptop Stand,Accessories,5,250.0,1250.0,2026-01-26,completed
64,276,Customer 276,Belo Horizonte,MG,9,External HD 2TB,Storage,3,500.0,1500.0,2026-02-03,completed
65,452,Customer 452,Rio de Janeiro,RJ,4,Mouse Wireless,Accessories,3,180.0,540.0,2026-03-14,completed
66,225,Customer 225,Recife,PE,5,Headset Pro,Accessories,5,450.0,2250.0,2026-07-26,cancelled
67,271,Customer 271,São Paulo,SP,9,External HD 2TB,Storage,3,500.0,1500.0,2026-08-27,cancelled
68,54,Customer 54,Niterói,RJ,5,Headset Pro,Accessories,1,450.0,450.0,2026-08-16,completed
69,381,Customer 381,Recife,PE,3,Monitor 27,Monitors,3,1200.0,3600.0,2026-03-14,completed
70,108,Customer 108,Salvador,BA,4,Mouse Wireless,Accessories,3,180.0,540.0,2026-05-10,completed
71,129,Customer 129,São Paulo,SP,2,Keyboard Mechanical,Accessories,4,350.0,1400.0,2026-08-01,completed
72,23,Customer 23,São Paulo,SP,6,SSD 1TB,Storage,2,700.0,1400.0,2026-06-13,completed
73,83,Customer 83,Porto Alegre,RS,9,External HD 2TB,Storage,4,500.0,2000.0,2026-05-24,completed
74,58,Customer 58,Rio de Janeiro,RJ,3,Monitor 27,Monitors,5,1200.0,6000.0,2026-01-10,completed
75,299,Customer 299,Recife,PE,3,Monitor 27,Monitors,4,1200.0,4800.0,2026-02-02,completed
76,158,Customer 158,Salvador,BA,1,Notebook Pro,Computers,3,4500.0,13500.0,2026-02-23,cancelled
77,128,Customer 128,Rio de Janeiro,RJ,6,SSD 1TB,Storage,5,700.0,3500.0,2026-08-15,completed
78,499,Customer 499,Fortaleza,CE,3,Monitor 27,Monitors,2,1200.0,2400.0,2026-08-10,completed
79,500,Customer 500,Niterói,RJ,7,Webcam Full HD,Accessories,1,300.0,300.0,2026-02-15,cancelled
80,474,Customer 474,Salvador,BA,7,Webcam Full HD,Accessories,2,300.0,600.0,2026-03-10,completed
81,404,Customer 404,Rio de Janeiro,RJ,7,Webcam Full HD,Accessories,1,300.0,300.0,2026-08-08,completed
82,114,Customer 114,Belo Horizonte,MG,8,Tablet Pro,Tablets,3,2800.0,8400.0,2026-03-20,completed
83,115,Customer 115,São Paulo,SP,4,Mouse Wireless,Accessories,4,180.0,720.0,2026-03-26,completed
84,443,Customer 443,Rio de Janeiro,RJ,5,Headset Pro,Accessories,3,450.0,1350.0,2026-06-14,completed
85,205,Customer 205,Recife,PE,6,SSD 1TB,Storage,1,700.0,700.0,2026-01-30,completed
86,92,Customer 92,Fortaleza,CE,5,Headset Pro,Accessories,1,450.0,450.0,2026-01-28,completed
87,223,Customer 223,Salvador,BA,6,SSD 1TB,Storage,4,700.0,2800.0,2026-06-05,completed
88,60,Customer 60,Curitiba,PR,10,Laptop Stand,Accessories,2,250.0,500.0,2026-03-07,completed
89,363,Customer 363,Curitiba,PR,1,Notebook Pro,Computers,5,4500.0,22500.0,2026-08-25,completed
90,352,Customer 352,Belo Horizonte,MG,6,SSD 1TB,Storage,4,700.0,2800.0,2026-01-18,cancelled
91,472,Customer 472,Salvador,BA,10,Laptop Stand,Accessories,3,250.0,750.0,2026-06-19,completed
92,369,Customer 369,Brasília,DF,9,External HD 2TB,Storage,3,500.0,1500.0,2026-06-20,completed
93,168,Customer 168,Curitiba,PR,5,Headset Pro,Accessories,5,450.0,2250.0,2026-02-02,completed
94,216,Customer 216,Curitiba,PR,3,Monitor 27,Monitors,5,1200.0,6000.0,2026-05-26,completed
95,208,Customer 208,Recife,PE,1,Notebook Pro,Computers,3,4500.0,13500.0,2026-03-15,completed
96,221,Customer 221,Fortaleza,CE,10,Laptop Stand,Accessories,3,250.0,750.0,2026-04-30,completed
97,227,Customer 227,Belo Horizonte,MG,9,External HD 2TB,Storage,4,500.0,2000.0,2026-07-23,cancelled
98,87,Customer 87,Rio de Janeiro,RJ,5,Headset Pro,Accessories,5,450.0,2250.0,2026-06-19,cancelled
99,318,Customer 318,Salvador,BA,2,Keyboard Mechanical,Accessories,2,350.0,700.0,2026-06-22,completed
100,116,Customer 116,Belo Horizonte,MG,3,Monitor 27,Monitors,1,1200.0,1200.0,2026-01-12,completed
101,244,Customer 244,Fortaleza,CE,2,Keyboard Mechanical,Accessories,4,350.0,1400.0,2026-04-17,cancelled
102,295,Customer 295,Belo Horizonte,MG,7,Webcam Full HD,Accessories,4,300.0,1200.0,2026-04-13,completed
103,76,Customer 76,São Paulo,SP,2,Keyboard Mechanical,Accessories,4,350.0,1400.0,2026-02-26,completed
104,412,Customer 412,Recife,PE,8,Tablet Pro,Tablets,1,2800.0,2800.0,2026-05-23,completed
105,470,Customer 470,Rio de Janeiro,RJ,8,Tablet Pro,Tablets,2,2800.0,5600.0,2026-07-25,completed
106,342,Customer 342,Recife,PE,9,External HD 2TB,Storage,5,500.0,2500.0,2026-03-23,completed
107,314,Customer 314,Recife,PE,7,Webcam Full HD,Accessories,5,300.0,1500.0,2026-04-25,completed
108,381,Customer 381,Porto Alegre,RS,8,Tablet Pro,Tablets,3,2800.0,8400.0,2026-07-12,completed
109,431,Customer 431,Brasília,DF,9,External HD 2TB,Storage,4,500.0,2000.0,2026-06-10,completed
110,141,Customer 141,Porto Alegre,RS,2,Keyboard Mechanical,Accessories,3,350.0,1050.0,2026-03-02,completed
111,172,Customer 172,Salvador,BA,9,External HD 2TB,Storage,1,500.0,500.0,2026-02-05,completed
112,119,Customer 119,Curitiba,PR,3,Monitor 27,Monitors,2,1200.0,2400.0,2026-01-17,completed
113,209,Customer 209,Salvador,BA,9,External HD 2TB,Storage,4,500.0,2000.0,2026-04-17,completed
114,106,Customer 106,Curitiba,PR,7,Webcam Full HD,Accessories,5,300.0,1500.0,2026-06-28,completed
115,439,Customer 439,Fortaleza,CE,7,Webcam Full HD,Accessories,4,300.0,1200.0,2026-01-02,completed
116,153,Customer 153,Curitiba,PR,7,Webcam Full HD,Accessories,5,300.0,1500.0,2026-07-11,cancelled
117,280,Customer 280,Fortaleza,CE,4,Mouse Wireless,Accessories,4,180.0,720.0,2026-02-26,completed
118,224,Customer 224,Porto Alegre,RS,1,Notebook Pro,Computers,4,4500.0,18000.0,2026-03-28,cancelled
119,348,Customer 348,Curitiba,PR,3,Monitor 27,Monitors,4,1200.0,4800.0,2026-08-24,completed
120,319,Customer 319,Recife,PE,1,Notebook Pro,Computers,4,4500.0,18000.0,2026-06-01,completed
121,340,Customer 340,São Paulo,SP,2,Keyboard Mechanical,Accessories,4,350.0,1400.0,2026-02-04,completed
122,94,Customer 94,São Paulo,SP,5,Headset Pro,Accessories,4,450.0,1800.0,2026-03-25,completed
123,233,Customer 233,Salvador,BA,6,SSD 1TB,Storage,4,700.0,2800.0,2026-03-13,completed
124,130,Customer 130,Rio de Janeiro,RJ,8,Tablet Pro,Tablets,1,2800.0,2800.0,2026-07-11,completed
125,27,Customer 27,Salvador,BA,4,Mouse Wireless,Accessories,1,180.0,180.0,2026-07-19,cancelled
126,21,Customer 21,São Paulo,SP,4,Mouse Wireless,Accessories,2,180.0,360.0,2026-08-03,completed
127,319,Customer 319,Niterói,RJ,4,Mouse Wireless,Accessories,2,180.0,360.0,2026-05-02,cancelled
128,59,Customer 59,Fortaleza,CE,4,Mouse Wireless,Accessories,4,180.0,720.0,2026-06-29,completed
129,393,Customer 393,Salvador,BA,3,Monitor 27,Monitors,5,1200.0,6000.0,2026-06-05,cancelled
130,368,Customer 368,Rio de Janeiro,RJ,3,Monitor 27,Monitors,3,1200.0,3600.0,2026-01-28,completed
131,14,Customer 14,Brasília,DF,10,Laptop Stand,Accessories,4,250.0,1000.0,2026-04-12,cancelled
132,102,Customer 102,Rio de Janeiro,RJ,10,Laptop Stand,Accessories,2,250.0,500.0,2026-01-27,cancelled
133,396,Customer 396,Brasília,DF,10,Laptop Stand,Accessories,1,250.0,250.0,2026-07-23,completed
134,401,Customer 401,São Paulo,SP,6,SSD 1TB,Storage,5,700.0,3500.0,2026-04-20,cancelled
135,190,Customer 190,Rio de Janeiro,RJ,9,External HD 2TB,Storage,3,500.0,1500.0,2026-01-04,completed
136,422,Customer 422,Porto Alegre,RS,2,Keyboard Mechanical,Accessories,4,350.0,1400.0,2026-04-03,cancelled
137,457,Customer 457,Porto Alegre,RS,3,Monitor 27,Monitors,4,1200.0,4800.0,2026-02-15,cancelled
138,268,Customer 268,Brasília,DF,10,Laptop Stand,Accessories,5,250.0,1250.0,2026-07-18,completed
139,239,Customer 239,Curitiba,PR,10,Laptop Stand,Accessories,3,250.0,750.0,2026-03-24,completed
140,426,Customer 426,Rio de Janeiro,RJ,5,Headset Pro,Accessories,4,450.0,1800.0,2026-03-04,completed
141,292,Customer 292,Fortaleza,CE,7,Webcam Full HD,Accessories,3,300.0,900.0,2026-01-08,completed
142,436,Customer 436,Salvador,BA,3,Monitor 27,Monitors,4,1200.0,4800.0,2026-02-24,completed
143,409,Customer 409,Brasília,DF,6,SSD 1TB,Storage,3,700.0,2100.0,2026-08-14,completed
144,360,Customer 360,Brasília,DF,9,External HD 2TB,Storage,1,500.0,500.0,2026-05-13,completed
145,44,Customer 44,Belo Horizonte,MG,7,Webcam Full HD,Accessories,4,300.0,1200.0,2026-05-23,completed
146,354,Customer 354,Porto Alegre,RS,8,Tablet Pro,Tablets,4,2800.0,11200.0,2026-07-22,completed
147,48,Customer 48,Brasília,DF,4,Mouse Wireless,Accessories,4,180.0,720.0,2026-06-27,completed
148,157,Customer 157,Fortaleza,CE,6,SSD 1TB,Storage,4,700.0,2800.0,2026-05-22,completed
149,177,Customer 177,Curitiba,PR,9,External HD 2TB,Storage,3,500.0,1500.0,2026-04-01,cancelled
150,233,Customer 233,Brasília,DF,5,Headset Pro,Accessories,3,450.0,1350.0,2026-03-01,completed
151,370,Customer 370,Belo Horizonte,MG,6,SSD 1TB,Storage,1,700.0,700.0,2026-07-10,completed
152,487,Customer 487,Niterói,RJ,4,Mouse Wireless,Accessories,2,180.0,360.0,2026-07-09,completed
153,142,Customer 142,Fortaleza,CE,9,External HD 2TB,Storage,5,500.0,2500.0,2026-03-14,completed
154,427,Customer 427,Belo Horizonte,MG,5,Headset Pro,Accessories,2,450.0,900.0,2026-04-03,completed
155,155,Customer 155,São Paulo,SP,9,External HD 2TB,Storage,2,500.0,1000.0,2026-03-12,completed
156,499,Customer 499,São Paulo,SP,9,External HD 2TB,Storage,3,500.0,1500.0,2026-06-28,completed
157,327,Customer 327,Porto Alegre,RS,2,Keyboard Mechanical,Accessories,1,350.0,350.0,2026-05-27,completed
158,241,Customer 241,Porto Alegre,RS,8,Tablet Pro,Tablets,3,2800.0,8400.0,2026-02-17,completed
159,130,Customer 130,Porto Alegre,RS,2,Keyboard Mechanical,Accessories,1,350.0,350.0,2026-04-13,completed
160,38,Customer 38,Fortaleza,CE,1,Notebook Pro,Computers,2,4500.0,9000.0,2026-02-08,completed
161,486,Customer 486,Brasília,DF,2,Keyboard Mechanical,Accessories,2,350.0,700.0,2026-01-31,completed
162,392,Customer 392,Curitiba,PR,10,Laptop Stand,Accessories,5,250.0,1250.0,2026-07-22,completed
163,116,Customer 116,Recife,PE,7,Webcam Full HD,Accessories,4,300.0,1200.0,2026-08-21,completed
164,153,Customer 153,Fortaleza,CE,7,Webcam Full HD,Accessories,3,300.0,900.0,2026-05-26,completed
165,31,Customer 31,Fortaleza,CE,2,Keyboard Mechanical,Accessories,2,350.0,700.0,2026-06-10,completed
166,136,Customer 136,Rio de Janeiro,RJ,3,Monitor 27,Monitors,2,1200.0,2400.0,2026-02-14,completed
167,39,Customer 39,Niterói,RJ,1,Notebook Pro,Computers,4,4500.0,18000.0,2026-04-26,cancelled
168,305,Customer 305,Porto Alegre,RS,5,Headset Pro,Accessories,1,450.0,450.0,2026-03-01,completed
169,362,Customer 362,Brasília,DF,8,Tablet Pro,Tablets,1,2800.0,2800.0,2026-06-25,completed
170,474,Customer 474,Brasília,DF,10,Laptop Stand,Accessories,2,250.0,500.0,2026-04-19,completed
171,279,Customer 279,Belo Horizonte,MG,3,Monitor 27,Monitors,3,1200.0,3600.0,2026-07-31,completed
172,37,Customer 37,São Paulo,SP,3,Monitor 27,Monitors,3,1200.0,3600.0,2026-06-02,cancelled
173,423,Customer 423,Fortaleza,CE,5,Headset Pro,Accessories,4,450.0,1800.0,2026-02-01,completed
174,353,Customer 353,Brasília,DF,7,Webcam Full HD,Accessories,3,300.0,900.0,2026-05-09,completed
175,253,Customer 253,Porto Alegre,RS,2,Keyboard Mechanical,Accessories,5,350.0,1750.0,2026-01-11,completed
176,377,Customer 377,Salvador,BA,10,Laptop Stand,Accessories,3,250.0,750.0,2026-01-07,completed
177,118,Customer 118,Fortaleza,CE,10,Laptop Stand,Accessories,1,250.0,250.0,2026-07-15,cancelled
178,421,Customer 421,Brasília,DF,10,Laptop Stand,Accessories,1,250.0,250.0,2026-07-15,completed
179,241,Customer 241,Recife,PE,8,Tablet Pro,Tablets,3,2800.0,8400.0,2026-02-16,completed
180,224,Customer 224,Porto Alegre,RS,2,Keyboard Mechanical,Accessories,4,350.0,1400.0,2026-03-31,completed
181,171,Customer 171,Salvador,BA,2,Keyboard Mechanical,Accessories,2,350.0,700.0,2026-03-26,completed
182,356,Customer 356,Porto Alegre,RS,5,Headset Pro,Accessories,4,450.0,1800.0,2026-07-28,completed
183,19,Customer 19,Porto Alegre,RS,2,Keyboard Mechanical,Accessories,3,350.0,1050.0,2026-03-06,completed
184,60,Customer 60,Curitiba,PR,9,External HD 2TB,Storage,1,500.0,500.0,2026-06-18,completed
185,237,Customer 237,Curitiba,PR,1,Notebook Pro,Computers,2,4500.0,9000.0,2026-05-13,completed
186,319,Customer 319,Porto Alegre,RS,8,Tablet Pro,Tablets,1,2800.0,2800.0,2026-02-22,completed
187,282,Customer 282,Niterói,RJ,5,Headset Pro,Accessories,4,450.0,1800.0,2026-08-14,cancelled
188,249,Customer 249,Rio de Janeiro,RJ,1,Notebook Pro,Computers,5,4500.0,22500.0,2026-07-24,completed
189,364,Customer 364,Niterói,RJ,5,Headset Pro,Accessories,5,450.0,2250.0,2026-01-04,completed
190,209,Customer 209,Rio de Janeiro,RJ,4,Mouse Wireless,Accessories,1,180.0,180.0,2026-04-29,completed
191,332,Customer 332,Niterói,RJ,8,Tablet Pro,Tablets,3,2800.0,8400.0,2026-05-11,cancelled
192,140,Customer 140,Curitiba,PR,8,Tablet Pro,Tablets,4,2800.0,11200.0,2026-03-04,completed
193,283,Customer 283,Niterói,RJ,7,Webcam Full HD,Accessories,2,300.0,600.0,2026-08-24,completed
194,261,Customer 261,Niterói,RJ,2,Keyboard Mechanical,Accessories,3,350.0,1050.0,2026-07-17,completed
195,175,Customer 175,Recife,PE,5,Headset Pro,Accessories,1,450.0,450.0,2026-03-14,cancelled
196,153,Customer 153,Fortaleza,CE,10,Laptop Stand,Accessories,4,250.0,1000.0,2026-08-10,completed
197,229,Customer 229,Recife,PE,8,Tablet Pro,Tablets,3,2800.0,8400.0,2026-03-27,completed
198,391,Customer 391,Recife,PE,7,Webcam Full HD,Accessories,4,300.0,1200.0,2026-08-27,completed
199,446,Customer 446,Belo Horizonte,MG,4,Mouse Wireless,Accessories,5,180.0,900.0,2026-04-09,completed
200,439,Customer 439,Curitiba,PR,1,Notebook Pro,Computers,3,4500.0,13500.0,2026-07-10,completed
201,362,Customer 362,Curitiba,PR,7,Webcam Full HD,Accessories,2,300.0,600.0,2026-05-07,completed
202,65,Customer 65,Recife,PE,10,Laptop Stand,Accessories,3,250.0,750.0,2026-08-11,completed
203,448,Customer 448,Porto Alegre,RS,2,Keyboard Mechanical,Accessories,5,350.0,1750.0,2026-08-22,completed
204,8,Customer 8,Niterói,RJ,7,Webcam Full HD,Accessories,2,300.0,600.0,2026-01-20,completed
205,401,Customer 401,Brasília,DF,6,SSD 1TB,Storage,5,700.0,3500.0,2026-06-27,completed
206,333,Customer 333,Rio de Janeiro,RJ,6,SSD 1TB,Storage,5,700.0,3500.0,2026-04-08,completed
207,321,Customer 321,Porto Alegre,RS,9,External HD 2TB,Storage,1,500.0,500.0,2026-06-08,completed
208,121,Customer 121,Brasília,DF,4,Mouse Wireless,Accessories,1,180.0,180.0,2026-04-22,completed
209,390,Customer 390,Rio de Janeiro,RJ,8,Tablet Pro,Tablets,2,2800.0,5600.0,2026-06-27,completed
210,463,Customer 463,São Paulo,SP,1,Notebook Pro,Computers,3,4500.0,13500.0,2026-07-23,completed
211,151,Customer 151,Salvador,BA,6,SSD 1TB,Storage,4,700.0,2800.0,2026-02-07,completed
212,272,Customer 272,Curitiba,PR,10,Laptop Stand,Accessories,2,250.0,500.0,2026-02-13,completed
213,41,Customer 41,Fortaleza,CE,7,Webcam Full HD,Accessories,5,300.0,1500.0,2026-06-24,completed
214,255,Customer 255,Fortaleza,CE,3,Monitor 27,Monitors,2,1200.0,2400.0,2026-04-29,cancelled
215,131,Customer 131,Porto Alegre,RS,5,Headset Pro,Accessories,1,450.0,450.0,2026-08-19,completed
216,462,Customer 462,Brasília,DF,9,External HD 2TB,Storage,2,500.0,1000.0,2026-01-19,completed
217,484,Customer 484,Salvador,BA,10,Laptop Stand,Accessories,3,250.0,750.0,2026-06-13,completed
218,354,Customer 354,Brasília,DF,8,Tablet Pro,Tablets,3,2800.0,8400.0,2026-02-20,completed
219,437,Customer 437,Porto Alegre,RS,2,Keyboard Mechanical,Accessories,2,350.0,700.0,2026-04-08,completed
220,184,Customer 184,Fortaleza,CE,5,Headset Pro,Accessories,3,450.0,1350.0,2026-01-06,cancelled
221,203,Customer 203,Brasília,DF,1,Notebook Pro,Computers,5,4500.0,22500.0,2026-08-10,cancelled
222,399,Customer 399,São Paulo,SP,10,Laptop Stand,Accessories,4,250.0,1000.0,2026-08-02,completed
223,398,Customer 398,Belo Horizonte,MG,10,Laptop Stand,Accessories,3,250.0,750.0,2026-02-26,cancelled
224,98,Customer 98,Fortaleza,CE,5,Headset Pro,Accessories,2,450.0,900.0,2026-06-10,completed
225,463,Customer 463,São Paulo,SP,5,Headset Pro,Accessories,4,450.0,1800.0,2026-01-09,completed
226,187,Customer 187,Niterói,RJ,2,Keyboard Mechanical,Accessories,3,350.0,1050.0,2026-03-25,cancelled
227,213,Customer 213,Niterói,RJ,4,Mouse Wireless,Accessories,2,180.0,360.0,2026-07-21,completed
228,449,Customer 449,Salvador,BA,9,External HD 2TB,Storage,5,500.0,2500.0,2026-08-22,completed
229,426,Customer 426,Niterói,RJ,5,Headset Pro,Accessories,4,450.0,1800.0,2026-07-26,completed
230,383,Customer 383,Salvador,BA,2,Keyboard Mechanical,Accessories,4,350.0,1400.0,2026-01-20,completed
231,387,Customer 387,Belo Horizonte,MG,7,Webcam Full HD,Accessories,5,300.0,1500.0,2026-04-04,completed
232,405,Customer 405,Curitiba,PR,1,Notebook Pro,Computers,3,4500.0,13500.0,2026-05-18,completed
233,233,Customer 233,Salvador,BA,5,Headset Pro,Accessories,5,450.0,2250.0,2026-04-08,cancelled
234,482,Customer 482,Salvador,BA,2,Keyboard Mechanical,Accessories,2,350.0,700.0,2026-05-01,completed
235,318,Customer 318,Recife,PE,6,SSD 1TB,Storage,5,700.0,3500.0,2026-02-26,cancelled
236,33,Customer 33,Porto Alegre,RS,5,Headset Pro,Accessories,4,450.0,1800.0,2026-01-30,completed
237,24,Customer 24,São Paulo,SP,5,Headset Pro,Accessories,4,450.0,1800.0,2026-01-30,completed
238,121,Customer 121,Recife,PE,3,Monitor 27,Monitors,4,1200.0,4800.0,2026-04-27,completed
239,344,Customer 344,Recife,PE,7,Webcam Full HD,Accessories,5,300.0,1500.0,2026-07-10,cancelled
240,80,Customer 80,Curitiba,PR,2,Keyboard Mechanical,Accessories,4,350.0,1400.0,2026-06-07,completed
241,481,Customer 481,Brasília,DF,1,Notebook Pro,Computers,3,4500.0,13500.0,2026-02-25,completed
242,228,Customer 228,Belo Horizonte,MG,6,SSD 1TB,Storage,1,700.0,700.0,2026-06-25,completed
243,279,Customer 279,Salvador,BA,1,Notebook Pro,Computers,4,4500.0,18000.0,2026-03-12,completed
244,496,Customer 496,Rio de Janeiro,RJ,8,Tablet Pro,Tablets,1,2800.0,2800.0,2026-06-19,completed
245,329,Customer 329,Fortaleza,CE,1,Notebook Pro,Computers,1,4500.0,4500.0,2026-07-21,completed
246,125,Customer 125,Niterói,RJ,10,Laptop Stand,Accessories,2,250.0,500.0,2026-01-18,completed
247,107,Customer 107,Fortaleza,CE,4,Mouse Wireless,Accessories,2,180.0,360.0,2026-03-26,completed
248,404,Customer 404,Fortaleza,CE,1,Notebook Pro,Computers,3,4500.0,13500.0,2026-08-08,completed
249,67,Customer 67,Recife,PE,5,Headset Pro,Accessories,2,450.0,900.0,2026-01-29,cancelled
250,444,Customer 444,São Paulo,SP,3,Monitor 27,Monitors,1,1200.0,1200.0,2026-04-02,completed
251,302,Customer 302,Salvador,BA,1,Notebook Pro,Computers,2,4500.0,9000.0,2026-03-09,completed
252,65,Customer 65,Curitiba,PR,9,External HD 2TB,Storage,1,500.0,500.0,2026-07-10,completed
253,244,Customer 244,Porto Alegre,RS,6,SSD 1TB,Storage,5,700.0,3500.0,2026-06-01,completed
254,232,Customer 232,Recife,PE,4,Mouse Wireless,Accessories,5,180.0,900.0,2026-01-12,cancelled
255,402,Customer 402,Recife,PE,5,Headset Pro,Accessories,4,450.0,1800.0,2026-06-14,completed
256,32,Customer 32,Porto Alegre,RS,7,Webcam Full HD,Accessories,4,300.0,1200.0,2026-06-25,completed
257,252,Customer 252,Porto Alegre,RS,2,Keyboard Mechanical,Accessories,1,350.0,350.0,2026-03-24,completed
258,76,Customer 76,Rio de Janeiro,RJ,3,Monitor 27,Monitors,3,1200.0,3600.0,2026-06-09,cancelled
259,300,Customer 300,Recife,PE,6,SSD 1TB,Storage,4,700.0,2800.0,2026-06-02,completed
260,151,Customer 151,Porto Alegre,RS,9,External HD 2TB,Storage,5,500.0,2500.0,2026-04-21,completed
261,407,Customer 407,Rio de Janeiro,RJ,9,External HD 2TB,Storage,2,500.0,1000.0,2026-04-21,completed
262,455,Customer 455,Belo Horizonte,MG,7,Webcam Full HD,Accessories,3,300.0,900.0,2026-07-31,completed
263,205,Customer 205,Curitiba,PR,2,Keyboard Mechanical,Accessories,3,350.0,1050.0,2026-04-20,completed
264,341,Customer 341,Brasília,DF,6,SSD 1TB,Storage,2,700.0,1400.0,2026-06-25,completed
265,35,Customer 35,Rio de Janeiro,RJ,2,Keyboard Mechanical,Accessories,1,350.0,350.0,2026-04-21,completed
266,382,Customer 382,Salvador,BA,3,Monitor 27,Monitors,5,1200.0,6000.0,2026-01-16,completed
267,490,Customer 490,Recife,PE,9,External HD 2TB,Storage,3,500.0,1500.0,2026-06-21,completed
268,211,Customer 211,Salvador,BA,7,Webcam Full HD,Accessories,1,300.0,300.0,2026-03-15,completed
269,160,Customer 160,Salvador,BA,2,Keyboard Mechanical,Accessories,5,350.0,1750.0,2026-05-10,completed
270,80,Customer 80,Porto Alegre,RS,4,Mouse Wireless,Accessories,1,180.0,180.0,2026-03-31,completed
271,189,Customer 189,Rio de Janeiro,RJ,5,Headset Pro,Accessories,5,450.0,2250.0,2026-02-27,completed
272,433,Customer 433,Recife,PE,10,Laptop Stand,Accessories,5,250.0,1250.0,2026-06-22,cancelled
273,286,Customer 286,São Paulo,SP,10,Laptop Stand,Accessories,3,250.0,750.0,2026-01-08,completed
274,140,Customer 140,Brasília,DF,6,SSD 1TB,Storage,3,700.0,2100.0,2026-01-02,completed
275,446,Customer 446,Niterói,RJ,10,Laptop Stand,Accessories,4,250.0,1000.0,2026-01-18,completed
276,380,Customer 380,São Paulo,SP,2,Keyboard Mechanical,Accessories,5,350.0,1750.0,2026-02-25,completed
277,215,Customer 215,Porto Alegre,RS,6,SSD 1TB,Storage,2,700.0,1400.0,2026-04-05,completed
278,370,Customer 370,Salvador,BA,10,Laptop Stand,Accessories,5,250.0,1250.0,2026-01-22,completed
279,80,Customer 80,Niterói,RJ,10,Laptop Stand,Accessories,1,250.0,250.0,2026-06-22,completed
280,140,Customer 140,Porto Alegre,RS,7,Webcam Full HD,Accessories,4,300.0,1200.0,2026-06-05,completed
281,213,Customer 213,Brasília,DF,4,Mouse Wireless,Accessories,5,180.0,900.0,2026-01-30,completed
282,221,Customer 221,Rio de Janeiro,RJ,5,Headset Pro,Accessories,5,450.0,2250.0,2026-05-05,completed
283,342,Customer 342,Brasília,DF,1,Notebook Pro,Computers,2,4500.0,9000.0,2026-04-12,completed
284,29,Customer 29,São Paulo,SP,4,Mouse Wireless,Accessories,3,180.0,540.0,2026-02-24,completed
285,392,Customer 392,Brasília,DF,5,Headset Pro,Accessories,3,450.0,1350.0,2026-01-31,completed
286,255,Customer 255,Curitiba,PR,3,Monitor 27,Monitors,2,1200.0,2400.0,2026-04-08,completed
287,361,Customer 361,Belo Horizonte,MG,9,External HD 2TB,Storage,5,500.0,2500.0,2026-08-02,cancelled
288,413,Customer 413,Salvador,BA,2,Keyboard Mechanical,Accessories,4,350.0,1400.0,2026-08-09,cancelled
289,22,Customer 22,Curitiba,PR,1,Notebook Pro,Computers,4,4500.0,18000.0,2026-08-24,completed
290,442,Customer 442,Salvador,BA,10,Laptop Stand,Accessories,4,250.0,1000.0,2026-05-27,completed
291,364,Customer 364,Curitiba,PR,5,Headset Pro,Accessories,1,450.0,450.0,2026-04-14,completed
292,495,Customer 495,Salvador,BA,3,Monitor 27,Monitors,5,1200.0,6000.0,2026-04-28,cancelled
293,471,Customer 471,Salvador,BA,2,Keyboard Mechanical,Accessories,4,350.0,1400.0,2026-08-05,completed
294,125,Customer 125,Curitiba,PR,10,Laptop Stand,Accessories,4,250.0,1000.0,2026-05-15,completed
295,203,Customer 203,Brasília,DF,6,SSD 1TB,Storage,2,700.0,1400.0,2026-03-27,completed
296,40,Customer 40,Recife,PE,2,Keyboard Mechanical,Accessories,5,350.0,1750.0,2026-05-11,completed
297,464,Customer 464,Salvador,BA,6,SSD 1TB,Storage,2,700.0,1400.0,2026-03-02,completed
298,75,Customer 75,Brasília,DF,4,Mouse Wireless,Accessories,2,180.0,360.0,2026-06-04,completed
299,390,Customer 390,Rio de Janeiro,RJ,3,Monitor 27,Monitors,4,1200.0,4800.0,2026-04-29,completed
300,390,Customer 390,Fortaleza,CE,8,Tablet Pro,Tablets,5,2800.0,14000.0,2026-06-14,cancelled
301,320,Customer 320,Salvador,BA,6,SSD 1TB,Storage,2,700.0,1400.0,2026-04-23,completed
302,241,Customer 241,Porto Alegre,RS,5,Headset Pro,Accessories,3,450.0,1350.0,2026-06-01,completed
303,181,Customer 181,Recife,PE,2,Keyboard Mechanical,Accessories,3,350.0,1050.0,2026-04-29,completed
304,20,Customer 20,São Paulo,SP,6,SSD 1TB,Storage,3,700.0,2100.0,2026-01-20,cancelled
305,443,Customer 443,Rio de Janeiro,RJ,10,Laptop Stand,Accessories,5,250.0,1250.0,2026-05-10,completed
306,237,Customer 237,Fortaleza,CE,9,External HD 2TB,Storage,1,500.0,500.0,2026-04-26,completed
307,334,Customer 334,Belo Horizonte,MG,6,SSD 1TB,Storage,5,700.0,3500.0,2026-05-02,completed
308,78,Customer 78,São Paulo,SP,8,Tablet Pro,Tablets,1,2800.0,2800.0,2026-07-27,completed
309,366,Customer 366,Rio de Janeiro,RJ,9,External HD 2TB,Storage,2,500.0,1000.0,2026-01-11,completed
310,363,Customer 363,Porto Alegre,RS,8,Tablet Pro,Tablets,5,2800.0,14000.0,2026-05-14,completed
311,82,Customer 82,Salvador,BA,6,SSD 1TB,Storage,3,700.0,2100.0,2026-04-10,completed
312,397,Customer 397,Salvador,BA,10,Laptop Stand,Accessories,1,250.0,250.0,2026-07-22,cancelled
313,332,Customer 332,Salvador,BA,2,Keyboard Mechanical,Accessories,3,350.0,1050.0,2026-01-25,completed
314,348,Customer 348,Curitiba,PR,5,Headset Pro,Accessories,3,450.0,1350.0,2026-07-05,cancelled
315,494,Customer 494,Fortaleza,CE,3,Monitor 27,Monitors,3,1200.0,3600.0,2026-01-21,completed
316,340,Customer 340,Niterói,RJ,6,SSD 1TB,Storage,3,700.0,2100.0,2026-06-17,cancelled
317,340,Customer 340,Curitiba,PR,3,Monitor 27,Monitors,5,1200.0,6000.0,2026-07-01,completed
318,159,Customer 159,Recife,PE,7,Webcam Full HD,Accessories,3,300.0,900.0,2026-07-28,completed
319,344,Customer 344,Recife,PE,2,Keyboard Mechanical,Accessories,4,350.0,1400.0,2026-05-11,completed
320,10,Customer 10,Salvador,BA,5,Headset Pro,Accessories,2,450.0,900.0,2026-02-24,completed
321,486,Customer 486,Porto Alegre,RS,4,Mouse Wireless,Accessories,2,180.0,360.0,2026-02-05,completed
322,40,Customer 40,Brasília,DF,2,Keyboard Mechanical,Accessories,5,350.0,1750.0,2026-07-17,completed
323,428,Customer 428,Recife,PE,1,Notebook Pro,Computers,3,4500.0,13500.0,2026-08-13,completed
324,68,Customer 68,Fortaleza,CE,7,Webcam Full HD,Accessories,2,300.0,600.0,2026-02-11,completed
325,426,Customer 426,Fortaleza,CE,3,Monitor 27,Monitors,4,1200.0,4800.0,2026-01-12,completed
326,187,Customer 187,Belo Horizonte,MG,8,Tablet Pro,Tablets,5,2800.0,14000.0,2026-03-14,cancelled
327,402,Customer 402,Porto Alegre,RS,4,Mouse Wireless,Accessories,5,180.0,900.0,2026-03-03,completed
328,495,Customer 495,Porto Alegre,RS,4,Mouse Wireless,Accessories,3,180.0,540.0,2026-06-23,completed
329,226,Customer 226,Porto Alegre,RS,5,Headset Pro,Accessories,4,450.0,1800.0,2026-05-09,completed
330,215,Customer 215,Niterói,RJ,4,Mouse Wireless,Accessories,5,180.0,900.0,2026-02-05,completed
331,27,Customer 27,Porto Alegre,RS,6,SSD 1TB,Storage,5,700.0,3500.0,2026-08-28,completed
332,365,Customer 365,Recife,PE,2,Keyboard Mechanical,Accessories,3,350.0,1050.0,2026-01-22,completed
333,140,Customer 140,Porto Alegre,RS,9,External HD 2TB,Storage,2,500.0,1000.0,2026-08-01,completed
334,47,Customer 47,Belo Horizonte,MG,8,Tablet Pro,Tablets,3,2800.0,8400.0,2026-08-27,completed
335,213,Customer 213,São Paulo,SP,7,Webcam Full HD,Accessories,5,300.0,1500.0,2026-04-06,completed
336,198,Customer 198,Rio de Janeiro,RJ,6,SSD 1TB,Storage,2,700.0,1400.0,2026-01-08,completed
337,477,Customer 477,Rio de Janeiro,RJ,6,SSD 1TB,Storage,2,700.0,1400.0,2026-02-05,completed
338,147,Customer 147,Porto Alegre,RS,3,Monitor 27,Monitors,4,1200.0,4800.0,2026-04-25,completed
339,3,Customer 3,Rio de Janeiro,RJ,1,Notebook Pro,Computers,3,4500.0,13500.0,2026-02-25,completed
340,281,Customer 281,Fortaleza,CE,9,External HD 2TB,Storage,4,500.0,2000.0,2026-01-29,completed
341,122,Customer 122,Brasília,DF,2,Keyboard Mechanical,Accessories,1,350.0,350.0,2026-03-03,completed
342,328,Customer 328,Fortaleza,CE,8,Tablet Pro,Tablets,1,2800.0,2800.0,2026-01-29,completed
343,306,Customer 306,Recife,PE,1,Notebook Pro,Computers,5,4500.0,22500.0,2026-05-28,completed
344,368,Customer 368,Niterói,RJ,5,Headset Pro,Accessories,4,450.0,1800.0,2026-01-01,completed
345,181,Customer 181,Belo Horizonte,MG,10,Laptop Stand,Accessories,4,250.0,1000.0,2026-02-17,cancelled
346,343,Customer 343,Rio de Janeiro,RJ,9,External HD 2TB,Storage,3,500.0,1500.0,2026-01-18,completed
347,279,Customer 279,Recife,PE,9,External HD 2TB,Storage,5,500.0,2500.0,2026-01-06,completed
348,448,Customer 448,Porto Alegre,RS,1,Notebook Pro,Computers,4,4500.0,18000.0,2026-04-06,completed
349,383,Customer 383,São Paulo,SP,6,SSD 1TB,Storage,1,700.0,700.0,2026-03-30,completed
350,376,Customer 376,Rio de Janeiro,RJ,10,Laptop Stand,Accessories,3,250.0,750.0,2026-02-04,completed
351,181,Customer 181,Recife,PE,6,SSD 1TB,Storage,2,700.0,1400.0,2026-08-01,cancelled
352,238,Customer 238,Porto Alegre,RS,3,Monitor 27,Monitors,2,1200.0,2400.0,2026-01-17,cancelled
353,398,Customer 398,Porto Alegre,RS,1,Notebook Pro,Computers,3,4500.0,13500.0,2026-02-21,completed
354,406,Customer 406,Belo Horizonte,MG,1,Notebook Pro,Computers,3,4500.0,13500.0,2026-08-27,completed
355,264,Customer 264,Curitiba,PR,9,External HD 2TB,Storage,4,500.0,2000.0,2026-03-06,completed
356,386,Customer 386,Belo Horizonte,MG,5,Headset Pro,Accessories,3,450.0,1350.0,2026-08-09,completed
357,444,Customer 444,Salvador,BA,5,Headset Pro,Accessories,1,450.0,450.0,2026-07-24,completed
358,224,Customer 224,Curitiba,PR,8,Tablet Pro,Tablets,4,2800.0,11200.0,2026-03-28,completed
359,255,Customer 255,Porto Alegre,RS,6,SSD 1TB,Storage,5,700.0,3500.0,2026-03-10,completed
360,373,Customer 373,Curitiba,PR,2,Keyboard Mechanical,Accessories,4,350.0,1400.0,2026-06-04,completed
361,280,Customer 280,Brasília,DF,6,SSD 1TB,Storage,1,700.0,700.0,2026-01-21,completed
362,339,Customer 339,Brasília,DF,5,Headset Pro,Accessories,4,450.0,1800.0,2026-06-04,cancelled
363,219,Customer 219,Niterói,RJ,8,Tablet Pro,Tablets,3,2800.0,8400.0,2026-04-25,completed
364,373,Customer 373,Salvador,BA,10,Laptop Stand,Accessories,4,250.0,1000.0,2026-03-12,cancelled
365,406,Customer 406,São Paulo,SP,2,Keyboard Mechanical,Accessories,4,350.0,1400.0,2026-04-04,completed
366,411,Customer 411,Niterói,RJ,1,Notebook Pro,Computers,2,4500.0,9000.0,2026-08-06,completed
367,348,Customer 348,Porto Alegre,RS,1,Notebook Pro,Computers,2,4500.0,9000.0,2026-01-18,completed
368,399,Customer 399,Salvador,BA,6,SSD 1TB,Storage,4,700.0,2800.0,2026-05-26,completed
369,310,Customer 310,Niterói,RJ,8,Tablet Pro,Tablets,3,2800.0,8400.0,2026-04-06,completed
370,391,Customer 391,Rio de Janeiro,RJ,10,Laptop Stand,Accessories,2,250.0,500.0,2026-05-16,completed
371,204,Customer 204,Salvador,BA,5,Headset Pro,Accessories,2,450.0,900.0,2026-01-30,completed
372,377,Customer 377,Niterói,RJ,8,Tablet Pro,Tablets,5,2800.0,14000.0,2026-04-10,completed
373,61,Customer 61,Brasília,DF,5,Headset Pro,Accessories,4,450.0,1800.0,2026-02-24,completed
374,147,Customer 147,Porto Alegre,RS,4,Mouse Wireless,Accessories,1,180.0,180.0,2026-02-04,completed
375,232,Customer 232,Niterói,RJ,8,Tablet Pro,Tablets,1,2800.0,2800.0,2026-07-27,cancelled
376,496,Customer 496,Salvador,BA,6,SSD 1TB,Storage,1,700.0,700.0,2026-05-21,completed
377,149,Customer 149,Brasília,DF,3,Monitor 27,Monitors,2,1200.0,2400.0,2026-07-23,completed
378,261,Customer 261,Belo Horizonte,MG,2,Keyboard Mechanical,Accessories,2,350.0,700.0,2026-07-22,completed
379,122,Customer 122,Porto Alegre,RS,1,Notebook Pro,Computers,3,4500.0,13500.0,2026-05-22,completed
380,189,Customer 189,Porto Alegre,RS,9,External HD 2TB,Storage,2,500.0,1000.0,2026-06-06,completed
381,34,Customer 34,Brasília,DF,7,Webcam Full HD,Accessories,4,300.0,1200.0,2026-05-15,completed
382,394,Customer 394,Curitiba,PR,10,Laptop Stand,Accessories,1,250.0,250.0,2026-02-02,completed
383,329,Customer 329,Rio de Janeiro,RJ,8,Tablet Pro,Tablets,4,2800.0,11200.0,2026-06-24,completed
384,177,Customer 177,Niterói,RJ,9,External HD 2TB,Storage,5,500.0,2500.0,2026-02-16,completed
385,222,Customer 222,Recife,PE,1,Notebook Pro,Computers,1,4500.0,4500.0,2026-05-13,completed
386,156,Customer 156,Niterói,RJ,3,Monitor 27,Monitors,3,1200.0,3600.0,2026-08-28,cancelled
387,116,Customer 116,Salvador,BA,9,External HD 2TB,Storage,3,500.0,1500.0,2026-08-05,completed
388,129,Customer 129,Belo Horizonte,MG,9,External HD 2TB,Storage,3,500.0,1500.0,2026-02-02,cancelled
389,156,Customer 156,Fortaleza,CE,9,External HD 2TB,Storage,1,500.0,500.0,2026-05-09,cancelled
390,87,Customer 87,Fortaleza,CE,10,Laptop Stand,Accessories,2,250.0,500.0,2026-02-13,cancelled
391,320,Customer 320,Fortaleza,CE,6,SSD 1TB,Storage,5,700.0,3500.0,2026-01-11,completed
392,42,Customer 42,São Paulo,SP,10,Laptop Stand,Accessories,3,250.0,750.0,2026-06-16,completed
393,393,Customer 393,Fortaleza,CE,7,Webcam Full HD,Accessories,5,300.0,1500.0,2026-06-13,completed
394,255,Customer 255,Recife,PE,5,Headset Pro,Accessories,3,450.0,1350.0,2026-05-04,completed
395,413,Customer 413,Curitiba,PR,5,Headset Pro,Accessories,4,450.0,1800.0,2026-01-19,cancelled
396,31,Customer 31,Niterói,RJ,8,Tablet Pro,Tablets,4,2800.0,11200.0,2026-05-04,completed
397,105,Customer 105,Salvador,BA,10,Laptop Stand,Accessories,2,250.0,500.0,2026-03-22,cancelled
398,164,Customer 164,Salvador,BA,7,Webcam Full HD,Accessories,2,300.0,600.0,2026-07-14,completed
399,264,Customer 264,Recife,PE,2,Keyboard Mechanical,Accessories,3,350.0,1050.0,2026-03-03,completed
400,63,Customer 63,Brasília,DF,8,Tablet Pro,Tablets,2,2800.0,5600.0,2026-02-06,completed
401,26,Customer 26,Brasília,DF,7,Webcam Full HD,Accessories,5,300.0,1500.0,2026-04-18,completed
402,493,Customer 493,Niterói,RJ,6,SSD 1TB,Storage,5,700.0,3500.0,2026-07-04,completed
403,98,Customer 98,Niterói,RJ,8,Tablet Pro,Tablets,5,2800.0,14000.0,2026-04-30,completed
404,451,Customer 451,Brasília,DF,8,Tablet Pro,Tablets,1,2800.0,2800.0,2026-01-24,completed
405,259,Customer 259,Porto Alegre,RS,4,Mouse Wireless,Accessories,2,180.0,360.0,2026-05-30,completed
406,25,Customer 25,São Paulo,SP,5,Headset Pro,Accessories,4,450.0,1800.0,2026-06-02,cancelled
407,345,Customer 345,Porto Alegre,RS,5,Headset Pro,Accessories,5,450.0,2250.0,2026-01-03,completed
408,221,Customer 221,Niterói,RJ,5,Headset Pro,Accessories,3,450.0,1350.0,2026-07-15,completed
409,188,Customer 188,São Paulo,SP,7,Webcam Full HD,Accessories,1,300.0,300.0,2026-05-26,completed
410,100,Customer 100,Salvador,BA,9,External HD 2TB,Storage,3,500.0,1500.0,2026-01-19,completed
411,259,Customer 259,Porto Alegre,RS,9,External HD 2TB,Storage,3,500.0,1500.0,2026-07-31,completed
412,349,Customer 349,Fortaleza,CE,2,Keyboard Mechanical,Accessories,2,350.0,700.0,2026-01-25,completed
413,192,Customer 192,Salvador,BA,9,External HD 2TB,Storage,3,500.0,1500.0,2026-07-13,completed
414,102,Customer 102,Fortaleza,CE,9,External HD 2TB,Storage,4,500.0,2000.0,2026-05-09,completed
415,24,Customer 24,São Paulo,SP,3,Monitor 27,Monitors,3,1200.0,3600.0,2026-07-25,completed
416,266,Customer 266,Porto Alegre,RS,3,Monitor 27,Monitors,5,1200.0,6000.0,2026-08-17,completed
417,72,Customer 72,Salvador,BA,10,Laptop Stand,Accessories,3,250.0,750.0,2026-02-11,completed
418,316,Customer 316,Brasília,DF,10,Laptop Stand,Accessories,3,250.0,750.0,2026-05-10,completed
419,273,Customer 273,Porto Alegre,RS,10,Laptop Stand,Accessories,3,250.0,750.0,2026-05-02,completed
420,189,Customer 189,Salvador,BA,2,Keyboard Mechanical,Accessories,4,350.0,1400.0,2026-05-30,completed
421,408,Customer 408,São Paulo,SP,10,Laptop Stand,Accessories,4,250.0,1000.0,2026-03-09,cancelled
422,401,Customer 401,Fortaleza,CE,10,Laptop Stand,Accessories,2,250.0,500.0,2026-07-04,completed
423,299,Customer 299,Porto Alegre,RS,3,Monitor 27,Monitors,5,1200.0,6000.0,2026-06-11,cancelled
424,318,Customer 318,Curitiba,PR,3,Monitor 27,Monitors,2,1200.0,2400.0,2026-01-09,completed
425,486,Customer 486,Rio de Janeiro,RJ,4,Mouse Wireless,Accessories,1,180.0,180.0,2026-04-23,completed
426,215,Customer 215,Niterói,RJ,7,Webcam Full HD,Accessories,2,300.0,600.0,2026-04-16,completed
427,397,Customer 397,Fortaleza,CE,8,Tablet Pro,Tablets,1,2800.0,2800.0,2026-06-30,completed
428,266,Customer 266,Belo Horizonte,MG,9,External HD 2TB,Storage,3,500.0,1500.0,2026-06-19,completed
429,270,Customer 270,Curitiba,PR,6,SSD 1TB,Storage,2,700.0,1400.0,2026-04-28,completed
430,176,Customer 176,Recife,PE,6,SSD 1TB,Storage,3,700.0,2100.0,2026-06-06,completed
431,99,Customer 99,Belo Horizonte,MG,5,Headset Pro,Accessories,5,450.0,2250.0,2026-03-18,completed
432,483,Customer 483,Brasília,DF,5,Headset Pro,Accessories,2,450.0,900.0,2026-06-26,cancelled
433,251,Customer 251,Salvador,BA,8,Tablet Pro,Tablets,3,2800.0,8400.0,2026-05-24,cancelled
434,141,Customer 141,Brasília,DF,2,Keyboard Mechanical,Accessories,5,350.0,1750.0,2026-06-23,completed
435,195,Customer 195,Curitiba,PR,6,SSD 1TB,Storage,2,700.0,1400.0,2026-03-16,completed
436,148,Customer 148,Rio de Janeiro,RJ,6,SSD 1TB,Storage,4,700.0,2800.0,2026-06-17,completed
437,383,Customer 383,Porto Alegre,RS,4,Mouse Wireless,Accessories,2,180.0,360.0,2026-07-31,completed
438,139,Customer 139,Recife,PE,5,Headset Pro,Accessories,2,450.0,900.0,2026-01-28,completed
439,380,Customer 380,Fortaleza,CE,4,Mouse Wireless,Accessories,2,180.0,360.0,2026-01-13,cancelled
440,464,Customer 464,Recife,PE,4,Mouse Wireless,Accessories,2,180.0,360.0,2026-01-14,completed
441,212,Customer 212,Salvador,BA,8,Tablet Pro,Tablets,1,2800.0,2800.0,2026-06-24,completed
442,3,Customer 3,Recife,PE,3,Monitor 27,Monitors,4,1200.0,4800.0,2026-06-17,completed
443,245,Customer 245,Belo Horizonte,MG,5,Headset Pro,Accessories,3,450.0,1350.0,2026-03-15,cancelled
444,31,Customer 31,Rio de Janeiro,RJ,10,Laptop Stand,Accessories,2,250.0,500.0,2026-05-17,cancelled
445,371,Customer 371,São Paulo,SP,3,Monitor 27,Monitors,4,1200.0,4800.0,2026-08-14,completed
446,479,Customer 479,São Paulo,SP,7,Webcam Full HD,Accessories,4,300.0,1200.0,2026-02-17,cancelled
447,493,Customer 493,Brasília,DF,1,Notebook Pro,Computers,1,4500.0,4500.0,2026-03-18,completed
448,309,Customer 309,Rio de Janeiro,RJ,6,SSD 1TB,Storage,3,700.0,2100.0,2026-04-27,cancelled
449,279,Customer 279,Recife,PE,8,Tablet Pro,Tablets,2,2800.0,5600.0,2026-08-06,completed
450,240,Customer 240,Brasília,DF,4,Mouse Wireless,Accessories,1,180.0,180.0,2026-03-26,completed
451,375,Customer 375,Porto Alegre,RS,5,Headset Pro,Accessories,2,450.0,900.0,2026-01-04,cancelled
452,173,Customer 173,Brasília,DF,10,Laptop Stand,Accessories,2,250.0,500.0,2026-02-14,completed
453,439,Customer 439,Curitiba,PR,7,Webcam Full HD,Accessories,5,300.0,1500.0,2026-03-25,completed
454,206,Customer 206,Rio de Janeiro,RJ,3,Monitor 27,Monitors,2,1200.0,2400.0,2026-05-03,completed
455,480,Customer 480,Belo Horizonte,MG,1,Notebook Pro,Computers,3,4500.0,13500.0,2026-04-09,completed
456,229,Customer 229,Brasília,DF,6,SSD 1TB,Storage,3,700.0,2100.0,2026-05-30,cancelled
457,294,Customer 294,São Paulo,SP,5,Headset Pro,Accessories,3,450.0,1350.0,2026-06-27,completed
458,32,Customer 32,Rio de Janeiro,RJ,8,Tablet Pro,Tablets,3,2800.0,8400.0,2026-02-10,completed
459,352,Customer 352,Recife,PE,5,Headset Pro,Accessories,1,450.0,450.0,2026-06-13,completed
460,189,Customer 189,Fortaleza,CE,4,Mouse Wireless,Accessories,2,180.0,360.0,2026-02-04,completed
461,79,Customer 79,Porto Alegre,RS,10,Laptop Stand,Accessories,3,250.0,750.0,2026-04-17,cancelled
462,282,Customer 282,Porto Alegre,RS,9,External HD 2TB,Storage,2,500.0,1000.0,2026-07-15,completed
463,349,Customer 349,Fortaleza,CE,2,Keyboard Mechanical,Accessories,5,350.0,1750.0,2026-04-25,completed
464,361,Customer 361,Salvador,BA,2,Keyboard Mechanical,Accessories,5,350.0,1750.0,2026-01-29,completed
465,425,Customer 425,Recife,PE,9,External HD 2TB,Storage,2,500.0,1000.0,2026-05-27,completed
466,77,Customer 77,Niterói,RJ,6,SSD 1TB,Storage,5,700.0,3500.0,2026-04-24,completed
467,349,Customer 349,Belo Horizonte,MG,10,Laptop Stand,Accessories,4,250.0,1000.0,2026-01-24,completed
468,229,Customer 229,São Paulo,SP,8,Tablet Pro,Tablets,2,2800.0,5600.0,2026-05-12,completed
469,234,Customer 234,Fortaleza,CE,1,Notebook Pro,Computers,5,4500.0,22500.0,2026-04-29,cancelled
470,414,Customer 414,Brasília,DF,1,Notebook Pro,Computers,4,4500.0,18000.0,2026-03-07,completed
471,382,Customer 382,Belo Horizonte,MG,10,Laptop Stand,Accessories,1,250.0,250.0,2026-01-12,completed
472,177,Customer 177,Rio de Janeiro,RJ,9,External HD 2TB,Storage,1,500.0,500.0,2026-08-28,completed
473,479,Customer 479,Porto Alegre,RS,1,Notebook Pro,Computers,3,4500.0,13500.0,2026-04-15,completed
474,394,Customer 394,Niterói,RJ,7,Webcam Full HD,Accessories,3,300.0,900.0,2026-08-17,completed
475,230,Customer 230,Curitiba,PR,7,Webcam Full HD,Accessories,1,300.0,300.0,2026-06-24,cancelled
476,448,Customer 448,Recife,PE,3,Monitor 27,Monitors,3,1200.0,3600.0,2026-01-31,completed
477,276,Customer 276,Curitiba,PR,9,External HD 2TB,Storage,2,500.0,1000.0,2026-07-06,completed
478,428,Customer 428,São Paulo,SP,1,Notebook Pro,Computers,3,4500.0,13500.0,2026-04-29,cancelled
479,369,Customer 369,Recife,PE,7,Webcam Full HD,Accessories,5,300.0,1500.0,2026-04-08,completed
480,127,Customer 127,Porto Alegre,RS,6,SSD 1TB,Storage,2,700.0,1400.0,2026-03-12,completed
481,480,Customer 480,Rio de Janeiro,RJ,1,Notebook Pro,Computers,4,4500.0,18000.0,2026-06-07,completed
482,124,Customer 124,Belo Horizonte,MG,2,Keyboard Mechanical,Accessories,1,350.0,350.0,2026-06-02,completed
483,229,Customer 229,Fortaleza,CE,1,Notebook Pro,Computers,2,4500.0,9000.0,2026-07-09,completed
484,206,Customer 206,Porto Alegre,RS,4,Mouse Wireless,Accessories,5,180.0,900.0,2026-02-25,completed
485,72,Customer 72,Recife,PE,5,Headset Pro,Accessories,2,450.0,900.0,2026-07-28,cancelled
486,295,Customer 295,Salvador,BA,10,Laptop Stand,Accessories,5,250.0,1250.0,2026-07-17,cancelled
487,420,Customer 420,Salvador,BA,4,Mouse Wireless,Accessories,3,180.0,540.0,2026-08-13,completed
488,339,Customer 339,Recife,PE,4,Mouse Wireless,Accessories,4,180.0,720.0,2026-03-18,completed
489,32,Customer 32,Recife,PE,10,Laptop Stand,Accessories,2,250.0,500.0,2026-06-10,cancelled
490,219,Customer 219,Recife,PE,8,Tablet Pro,Tablets,1,2800.0,2800.0,2026-03-30,cancelled
491,344,Customer 344,Curitiba,PR,9,External HD 2TB,Storage,3,500.0,1500.0,2026-06-28,completed
492,210,Customer 210,Niterói,RJ,5,Headset Pro,Accessories,4,450.0,1800.0,2026-02-17,completed
493,243,Customer 243,Belo Horizonte,MG,4,Mouse Wireless,Accessories,3,180.0,540.0,2026-08-08,cancelled
494,74,Customer 74,Porto Alegre,RS,1,Notebook Pro,Computers,5,4500.0,22500.0,2026-04-16,completed
495,286,Customer 286,Recife,PE,3,Monitor 27,Monitors,4,1200.0,4800.0,2026-03-04,completed
496,105,Customer 105,Salvador,BA,2,Keyboard Mechanical,Accessories,4,350.0,1400.0,2026-08-05,completed
497,48,Customer 48,Recife,PE,4,Mouse Wireless,Accessories,1,180.0,180.0,2026-03-10,completed
498,345,Customer 345,Fortaleza,CE,10,Laptop Stand,Accessories,1,250.0,250.0,2026-08-12,completed
499,97,Customer 97,Fortaleza,CE,9,External HD 2TB,Storage,2,500.0,1000.0,2026-05-03,completed
500,446,Customer 446,Salvador,BA,5,Headset Pro,Accessories,1,450.0,450.0,2026-02-24,completed
501,493,Customer 493,Rio de Janeiro,RJ,8,Tablet Pro,Tablets,2,2800.0,5600.0,2026-06-28,completed
502,361,Customer 361,Belo Horizonte,MG,7,Webcam Full HD,Accessories,2,300.0,600.0,2026-05-22,completed
503,398,Customer 398,Brasília,DF,7,Webcam Full HD,Accessories,4,300.0,1200.0,2026-05-17,cancelled
504,184,Customer 184,Brasília,DF,5,Headset Pro,Accessories,3,450.0,1350.0,2026-05-12,completed
505,239,Customer 239,Rio de Janeiro,RJ,8,Tablet Pro,Tablets,3,2800.0,8400.0,2026-08-23,completed
506,190,Customer 190,Salvador,BA,7,Webcam Full HD,Accessories,1,300.0,300.0,2026-05-25,completed
507,380,Customer 380,Niterói,RJ,1,Notebook Pro,Computers,3,4500.0,13500.0,2026-05-22,completed
508,297,Customer 297,Curitiba,PR,5,Headset Pro,Accessories,2,450.0,900.0,2026-02-20,completed
509,118,Customer 118,Curitiba,PR,10,Laptop Stand,Accessories,2,250.0,500.0,2026-05-08,completed
510,336,Customer 336,Salvador,BA,5,Headset Pro,Accessories,4,450.0,1800.0,2026-07-05,cancelled
511,379,Customer 379,Porto Alegre,RS,8,Tablet Pro,Tablets,2,2800.0,5600.0,2026-07-07,completed
512,87,Customer 87,Niterói,RJ,9,External HD 2TB,Storage,4,500.0,2000.0,2026-02-17,completed
513,329,Customer 329,São Paulo,SP,9,External HD 2TB,Storage,1,500.0,500.0,2026-08-03,completed
514,484,Customer 484,São Paulo,SP,1,Notebook Pro,Computers,4,4500.0,18000.0,2026-02-05,cancelled
515,119,Customer 119,Rio de Janeiro,RJ,3,Monitor 27,Monitors,1,1200.0,1200.0,2026-02-25,completed
516,234,Customer 234,Salvador,BA,1,Notebook Pro,Computers,5,4500.0,22500.0,2026-06-13,cancelled
517,479,Customer 479,Fortaleza,CE,8,Tablet Pro,Tablets,4,2800.0,11200.0,2026-01-05,completed
518,273,Customer 273,Recife,PE,7,Webcam Full HD,Accessories,1,300.0,300.0,2026-01-05,completed
519,370,Customer 370,Brasília,DF,9,External HD 2TB,Storage,3,500.0,1500.0,2026-01-05,completed
520,417,Customer 417,Curitiba,PR,3,Monitor 27,Monitors,1,1200.0,1200.0,2026-08-24,completed
521,269,Customer 269,Niterói,RJ,4,Mouse Wireless,Accessories,2,180.0,360.0,2026-06-08,completed
522,130,Customer 130,Salvador,BA,5,Headset Pro,Accessories,4,450.0,1800.0,2026-01-21,completed
523,492,Customer 492,Curitiba,PR,8,Tablet Pro,Tablets,5,2800.0,14000.0,2026-03-04,cancelled
524,116,Customer 116,Brasília,DF,2,Keyboard Mechanical,Accessories,1,350.0,350.0,2026-01-24,completed
525,195,Customer 195,Curitiba,PR,9,External HD 2TB,Storage,4,500.0,2000.0,2026-01-15,cancelled
526,5,Customer 5,Niterói,RJ,2,Keyboard Mechanical,Accessories,4,350.0,1400.0,2026-08-05,completed
527,331,Customer 331,Salvador,BA,10,Laptop Stand,Accessories,1,250.0,250.0,2026-08-18,completed
528,471,Customer 471,São Paulo,SP,4,Mouse Wireless,Accessories,2,180.0,360.0,2026-08-19,cancelled
529,455,Customer 455,Fortaleza,CE,8,Tablet Pro,Tablets,3,2800.0,8400.0,2026-01-12,completed
530,351,Customer 351,Brasília,DF,9,External HD 2TB,Storage,5,500.0,2500.0,2026-06-18,completed
531,92,Customer 92,Salvador,BA,1,Notebook Pro,Computers,2,4500.0,9000.0,2026-05-31,completed
532,386,Customer 386,Curitiba,PR,2,Keyboard Mechanical,Accessories,3,350.0,1050.0,2026-02-11,completed
533,124,Customer 124,Fortaleza,CE,7,Webcam Full HD,Accessories,5,300.0,1500.0,2026-03-26,completed
534,387,Customer 387,Niterói,RJ,2,Keyboard Mechanical,Accessories,5,350.0,1750.0,2026-07-10,completed
535,28,Customer 28,Rio de Janeiro,RJ,7,Webcam Full HD,Accessories,2,300.0,600.0,2026-08-03,completed
536,175,Customer 175,Fortaleza,CE,10,Laptop Stand,Accessories,5,250.0,1250.0,2026-04-12,completed
537,16,Customer 16,Brasília,DF,8,Tablet Pro,Tablets,4,2800.0,11200.0,2026-02-28,completed
538,284,Customer 284,Curitiba,PR,7,Webcam Full HD,Accessories,2,300.0,600.0,2026-06-24,completed
539,339,Customer 339,Curitiba,PR,2,Keyboard Mechanical,Accessories,5,350.0,1750.0,2026-03-17,completed
540,366,Customer 366,Rio de Janeiro,RJ,2,Keyboard Mechanical,Accessories,3,350.0,1050.0,2026-02-09,completed
541,365,Customer 365,Niterói,RJ,7,Webcam Full HD,Accessories,3,300.0,900.0,2026-04-03,completed
542,47,Customer 47,São Paulo,SP,5,Headset Pro,Accessories,4,450.0,1800.0,2026-04-03,completed
543,53,Customer 53,Niterói,RJ,2,Keyboard Mechanical,Accessories,2,350.0,700.0,2026-04-21,completed
544,286,Customer 286,Recife,PE,9,External HD 2TB,Storage,4,500.0,2000.0,2026-01-27,completed
545,46,Customer 46,Salvador,BA,9,External HD 2TB,Storage,1,500.0,500.0,2026-06-02,completed
546,402,Customer 402,Salvador,BA,7,Webcam Full HD,Accessories,1,300.0,300.0,2026-03-16,completed
547,199,Customer 199,Rio de Janeiro,RJ,9,External HD 2TB,Storage,2,500.0,1000.0,2026-05-27,completed
548,87,Customer 87,Curitiba,PR,3,Monitor 27,Monitors,2,1200.0,2400.0,2026-03-10,completed
549,138,Customer 138,Porto Alegre,RS,3,Monitor 27,Monitors,1,1200.0,1200.0,2026-02-12,completed
550,142,Customer 142,Curitiba,PR,5,Headset Pro,Accessories,4,450.0,1800.0,2026-07-20,completed
551,185,Customer 185,Brasília,DF,4,Mouse Wireless,Accessories,4,180.0,720.0,2026-06-02,completed
552,101,Customer 101,Porto Alegre,RS,2,Keyboard Mechanical,Accessories,2,350.0,700.0,2026-03-19,completed
553,486,Customer 486,Curitiba,PR,6,SSD 1TB,Storage,5,700.0,3500.0,2026-04-08,completed
554,226,Customer 226,Salvador,BA,7,Webcam Full HD,Accessories,5,300.0,1500.0,2026-02-04,completed
555,165,Customer 165,Fortaleza,CE,4,Mouse Wireless,Accessories,4,180.0,720.0,2026-03-22,completed
556,494,Customer 494,Curitiba,PR,6,SSD 1TB,Storage,3,700.0,2100.0,2026-07-08,cancelled
557,325,Customer 325,Porto Alegre,RS,10,Laptop Stand,Accessories,2,250.0,500.0,2026-03-25,completed
558,144,Customer 144,Curitiba,PR,6,SSD 1TB,Storage,1,700.0,700.0,2026-08-27,completed
559,103,Customer 103,Fortaleza,CE,9,External HD 2TB,Storage,2,500.0,1000.0,2026-06-24,completed
560,14,Customer 14,Porto Alegre,RS,4,Mouse Wireless,Accessories,4,180.0,720.0,2026-07-24,completed
561,426,Customer 426,Rio de Janeiro,RJ,7,Webcam Full HD,Accessories,4,300.0,1200.0,2026-02-05,cancelled
562,156,Customer 156,Belo Horizonte,MG,5,Headset Pro,Accessories,2,450.0,900.0,2026-07-03,completed
563,405,Customer 405,Curitiba,PR,2,Keyboard Mechanical,Accessories,4,350.0,1400.0,2026-06-03,completed
564,299,Customer 299,Curitiba,PR,9,External HD 2TB,Storage,5,500.0,2500.0,2026-08-25,cancelled
565,215,Customer 215,Recife,PE,1,Notebook Pro,Computers,3,4500.0,13500.0,2026-06-29,completed
566,305,Customer 305,Rio de Janeiro,RJ,2,Keyboard Mechanical,Accessories,2,350.0,700.0,2026-06-18,cancelled
567,182,Customer 182,Niterói,RJ,10,Laptop Stand,Accessories,1,250.0,250.0,2026-05-25,cancelled
568,347,Customer 347,Curitiba,PR,6,SSD 1TB,Storage,4,700.0,2800.0,2026-01-28,completed
569,51,Customer 51,Brasília,DF,4,Mouse Wireless,Accessories,5,180.0,900.0,2026-07-11,completed
570,286,Customer 286,Fortaleza,CE,10,Laptop Stand,Accessories,2,250.0,500.0,2026-04-25,completed
571,201,Customer 201,Porto Alegre,RS,10,Laptop Stand,Accessories,5,250.0,1250.0,2026-02-08,completed
572,13,Customer 13,Porto Alegre,RS,2,Keyboard Mechanical,Accessories,3,350.0,1050.0,2026-04-17,completed
573,60,Customer 60,Niterói,RJ,6,SSD 1TB,Storage,3,700.0,2100.0,2026-03-29,completed
574,402,Customer 402,Belo Horizonte,MG,9,External HD 2TB,Storage,4,500.0,2000.0,2026-03-31,completed
575,50,Customer 50,Porto Alegre,RS,8,Tablet Pro,Tablets,3,2800.0,8400.0,2026-01-18,completed
576,23,Customer 23,Rio de Janeiro,RJ,1,Notebook Pro,Computers,3,4500.0,13500.0,2026-06-15,completed
577,347,Customer 347,Niterói,RJ,4,Mouse Wireless,Accessories,5,180.0,900.0,2026-02-14,completed
578,82,Customer 82,Salvador,BA,9,External HD 2TB,Storage,4,500.0,2000.0,2026-04-29,completed
579,409,Customer 409,Curitiba,PR,3,Monitor 27,Monitors,2,1200.0,2400.0,2026-06-13,cancelled
580,222,Customer 222,Curitiba,PR,1,Notebook Pro,Computers,5,4500.0,22500.0,2026-08-15,completed
581,231,Customer 231,Fortaleza,CE,7,Webcam Full HD,Accessories,4,300.0,1200.0,2026-01-02,cancelled
582,110,Customer 110,Belo Horizonte,MG,5,Headset Pro,Accessories,1,450.0,450.0,2026-05-28,completed
583,410,Customer 410,Recife,PE,3,Monitor 27,Monitors,3,1200.0,3600.0,2026-03-25,completed
584,235,Customer 235,Rio de Janeiro,RJ,5,Headset Pro,Accessories,4,450.0,1800.0,2026-05-16,cancelled
585,161,Customer 161,Fortaleza,CE,7,Webcam Full HD,Accessories,5,300.0,1500.0,2026-04-11,completed
586,59,Customer 59,Salvador,BA,6,SSD 1TB,Storage,4,700.0,2800.0,2026-06-08,completed
587,417,Customer 417,Brasília,DF,10,Laptop Stand,Accessories,5,250.0,1250.0,2026-01-22,cancelled
588,69,Customer 69,Salvador,BA,2,Keyboard Mechanical,Accessories,2,350.0,700.0,2026-03-20,completed
589,94,Customer 94,Salvador,BA,3,Monitor 27,Monitors,5,1200.0,6000.0,2026-04-10,completed
590,306,Customer 306,Niterói,RJ,10,Laptop Stand,Accessories,4,250.0,1000.0,2026-04-19,completed
591,250,Customer 250,Recife,PE,3,Monitor 27,Monitors,5,1200.0,6000.0,2026-02-12,completed
592,148,Customer 148,Niterói,RJ,3,Monitor 27,Monitors,3,1200.0,3600.0,2026-08-04,completed
593,318,Customer 318,São Paulo,SP,6,SSD 1TB,Storage,1,700.0,700.0,2026-05-05,completed
594,100,Customer 100,Curitiba,PR,9,External HD 2TB,Storage,5,500.0,2500.0,2026-06-17,completed
595,210,Customer 210,Porto Alegre,RS,7,Webcam Full HD,Accessories,4,300.0,1200.0,2026-05-06,completed
596,43,Customer 43,Fortaleza,CE,1,Notebook Pro,Computers,2,4500.0,9000.0,2026-03-16,completed
597,141,Customer 141,Belo Horizonte,MG,9,External HD 2TB,Storage,3,500.0,1500.0,2026-02-13,completed
598,290,Customer 290,Porto Alegre,RS,9,External HD 2TB,Storage,5,500.0,2500.0,2026-01-29,completed
599,59,Customer 59,Brasília,DF,9,External HD 2TB,Storage,3,500.0,1500.0,2026-05-19,completed
600,390,Customer 390,Porto Alegre,RS,9,External HD 2TB,Storage,2,500.0,1000.0,2026-04-19,completed
601,377,Customer 377,Belo Horizonte,MG,5,Headset Pro,Accessories,1,450.0,450.0,2026-04-26,completed
602,179,Customer 179,Rio de Janeiro,RJ,8,Tablet Pro,Tablets,1,2800.0,2800.0,2026-07-18,completed
603,108,Customer 108,Fortaleza,CE,6,SSD 1TB,Storage,5,700.0,3500.0,2026-06-11,completed
604,85,Customer 85,Fortaleza,CE,3,Monitor 27,Monitors,2,1200.0,2400.0,2026-07-28,completed
605,413,Customer 413,São Paulo,SP,10,Laptop Stand,Accessories,3,250.0,750.0,2026-05-17,completed
606,306,Customer 306,Recife,PE,3,Monitor 27,Monitors,3,1200.0,3600.0,2026-06-30,completed
607,149,Customer 149,Fortaleza,CE,5,Headset Pro,Accessories,5,450.0,2250.0,2026-08-19,cancelled
608,418,Customer 418,Rio de Janeiro,RJ,3,Monitor 27,Monitors,4,1200.0,4800.0,2026-08-24,completed
609,142,Customer 142,Niterói,RJ,3,Monitor 27,Monitors,2,1200.0,2400.0,2026-02-07,cancelled
610,165,Customer 165,Belo Horizonte,MG,7,Webcam Full HD,Accessories,4,300.0,1200.0,2026-02-06,completed
611,324,Customer 324,Brasília,DF,7,Webcam Full HD,Accessories,4,300.0,1200.0,2026-04-26,completed
612,325,Customer 325,Rio de Janeiro,RJ,7,Webcam Full HD,Accessories,5,300.0,1500.0,2026-07-11,completed
613,356,Customer 356,Salvador,BA,8,Tablet Pro,Tablets,4,2800.0,11200.0,2026-03-25,completed
614,2,Customer 2,Rio de Janeiro,RJ,8,Tablet Pro,Tablets,3,2800.0,8400.0,2026-08-06,completed
615,408,Customer 408,Recife,PE,7,Webcam Full HD,Accessories,2,300.0,600.0,2026-04-20,completed
616,254,Customer 254,Brasília,DF,6,SSD 1TB,Storage,3,700.0,2100.0,2026-03-28,completed
617,296,Customer 296,Niterói,RJ,10,Laptop Stand,Accessories,4,250.0,1000.0,2026-07-21,completed
618,458,Customer 458,São Paulo,SP,1,Notebook Pro,Computers,1,4500.0,4500.0,2026-06-10,completed
619,9,Customer 9,Rio de Janeiro,RJ,3,Monitor 27,Monitors,4,1200.0,4800.0,2026-04-27,completed
620,491,Customer 491,Curitiba,PR,4,Mouse Wireless,Accessories,2,180.0,360.0,2026-08-14,cancelled
621,155,Customer 155,Niterói,RJ,5,Headset Pro,Accessories,1,450.0,450.0,2026-06-17,completed
622,129,Customer 129,Rio de Janeiro,RJ,6,SSD 1TB,Storage,2,700.0,1400.0,2026-01-14,completed
623,321,Customer 321,Brasília,DF,4,Mouse Wireless,Accessories,4,180.0,720.0,2026-06-17,completed
624,361,Customer 361,Rio de Janeiro,RJ,1,Notebook Pro,Computers,2,4500.0,9000.0,2026-05-03,completed
625,68,Customer 68,Fortaleza,CE,4,Mouse Wireless,Accessories,5,180.0,900.0,2026-06-24,completed
626,5,Customer 5,São Paulo,SP,6,SSD 1TB,Storage,1,700.0,700.0,2026-08-09,completed
627,356,Customer 356,Niterói,RJ,8,Tablet Pro,Tablets,1,2800.0,2800.0,2026-02-28,completed
628,46,Customer 46,Rio de Janeiro,RJ,2,Keyboard Mechanical,Accessories,3,350.0,1050.0,2026-04-05,completed
629,71,Customer 71,Curitiba,PR,3,Monitor 27,Monitors,2,1200.0,2400.0,2026-01-18,completed
630,289,Customer 289,São Paulo,SP,10,Laptop Stand,Accessories,2,250.0,500.0,2026-04-23,completed
631,370,Customer 370,Belo Horizonte,MG,3,Monitor 27,Monitors,4,1200.0,4800.0,2026-06-07,cancelled
632,227,Customer 227,Belo Horizonte,MG,2,Keyboard Mechanical,Accessories,1,350.0,350.0,2026-02-05,completed
633,302,Customer 302,Curitiba,PR,6,SSD 1TB,Storage,4,700.0,2800.0,2026-03-22,completed
634,127,Customer 127,Brasília,DF,2,Keyboard Mechanical,Accessories,2,350.0,700.0,2026-05-22,completed
635,308,Customer 308,Fortaleza,CE,5,Headset Pro,Accessories,1,450.0,450.0,2026-08-06,cancelled
636,449,Customer 449,Brasília,DF,4,Mouse Wireless,Accessories,5,180.0,900.0,2026-06-05,completed
637,97,Customer 97,Curitiba,PR,5,Headset Pro,Accessories,1,450.0,450.0,2026-07-20,completed
638,254,Customer 254,Curitiba,PR,2,Keyboard Mechanical,Accessories,2,350.0,700.0,2026-05-08,cancelled
639,305,Customer 305,Rio de Janeiro,RJ,9,External HD 2TB,Storage,1,500.0,500.0,2026-04-03,completed
640,68,Customer 68,Curitiba,PR,10,Laptop Stand,Accessories,4,250.0,1000.0,2026-04-04,completed
641,350,Customer 350,Niterói,RJ,8,Tablet Pro,Tablets,1,2800.0,2800.0,2026-01-05,completed
642,35,Customer 35,São Paulo,SP,5,Headset Pro,Accessories,2,450.0,900.0,2026-01-11,completed
643,486,Customer 486,Curitiba,PR,9,External HD 2TB,Storage,3,500.0,1500.0,2026-06-10,cancelled
644,257,Customer 257,Curitiba,PR,7,Webcam Full HD,Accessories,4,300.0,1200.0,2026-01-22,cancelled
645,275,Customer 275,Recife,PE,10,Laptop Stand,Accessories,2,250.0,500.0,2026-03-13,completed
646,159,Customer 159,Rio de Janeiro,RJ,9,External HD 2TB,Storage,2,500.0,1000.0,2026-07-26,completed
647,275,Customer 275,Salvador,BA,7,Webcam Full HD,Accessories,5,300.0,1500.0,2026-06-12,cancelled
648,349,Customer 349,Rio de Janeiro,RJ,5,Headset Pro,Accessories,4,450.0,1800.0,2026-07-06,completed
649,30,Customer 30,Belo Horizonte,MG,2,Keyboard Mechanical,Accessories,4,350.0,1400.0,2026-01-30,completed
650,314,Customer 314,Fortaleza,CE,1,Notebook Pro,Computers,3,4500.0,13500.0,2026-06-20,cancelled
651,337,Customer 337,Niterói,RJ,2,Keyboard Mechanical,Accessories,1,350.0,350.0,2026-07-01,completed
652,360,Customer 360,São Paulo,SP,3,Monitor 27,Monitors,4,1200.0,4800.0,2026-03-30,completed
653,265,Customer 265,Brasília,DF,3,Monitor 27,Monitors,3,1200.0,3600.0,2026-02-02,cancelled
654,400,Customer 400,Brasília,DF,2,Keyboard Mechanical,Accessories,1,350.0,350.0,2026-03-27,completed
655,140,Customer 140,Recife,PE,2,Keyboard Mechanical,Accessories,3,350.0,1050.0,2026-07-02,completed
656,322,Customer 322,Rio de Janeiro,RJ,8,Tablet Pro,Tablets,4,2800.0,11200.0,2026-05-11,completed
657,29,Customer 29,Porto Alegre,RS,10,Laptop Stand,Accessories,2,250.0,500.0,2026-04-05,completed
658,131,Customer 131,Rio de Janeiro,RJ,10,Laptop Stand,Accessories,1,250.0,250.0,2026-02-28,cancelled
659,261,Customer 261,São Paulo,SP,1,Notebook Pro,Computers,1,4500.0,4500.0,2026-03-04,completed
660,242,Customer 242,Salvador,BA,7,Webcam Full HD,Accessories,2,300.0,600.0,2026-02-15,completed
661,284,Customer 284,Curitiba,PR,4,Mouse Wireless,Accessories,3,180.0,540.0,2026-03-05,completed
662,469,Customer 469,Salvador,BA,5,Headset Pro,Accessories,1,450.0,450.0,2026-05-27,completed
663,62,Customer 62,Recife,PE,1,Notebook Pro,Computers,2,4500.0,9000.0,2026-02-27,completed
664,24,Customer 24,Curitiba,PR,2,Keyboard Mechanical,Accessories,4,350.0,1400.0,2026-08-10,completed
665,397,Customer 397,Brasília,DF,6,SSD 1TB,Storage,1,700.0,700.0,2026-05-22,completed
666,5,Customer 5,Salvador,BA,4,Mouse Wireless,Accessories,3,180.0,540.0,2026-05-25,completed
667,379,Customer 379,Fortaleza,CE,4,Mouse Wireless,Accessories,4,180.0,720.0,2026-04-05,completed
668,498,Customer 498,Porto Alegre,RS,4,Mouse Wireless,Accessories,5,180.0,900.0,2026-07-14,completed
669,78,Customer 78,São Paulo,SP,7,Webcam Full HD,Accessories,1,300.0,300.0,2026-03-01,completed
670,178,Customer 178,São Paulo,SP,6,SSD 1TB,Storage,1,700.0,700.0,2026-07-14,cancelled
671,193,Customer 193,Brasília,DF,2,Keyboard Mechanical,Accessories,2,350.0,700.0,2026-05-16,completed
672,215,Customer 215,Porto Alegre,RS,1,Notebook Pro,Computers,2,4500.0,9000.0,2026-07-02,completed
673,48,Customer 48,São Paulo,SP,4,Mouse Wireless,Accessories,5,180.0,900.0,2026-04-16,cancelled
674,459,Customer 459,Salvador,BA,8,Tablet Pro,Tablets,1,2800.0,2800.0,2026-05-29,completed
675,259,Customer 259,Niterói,RJ,7,Webcam Full HD,Accessories,1,300.0,300.0,2026-06-01,completed
676,32,Customer 32,Curitiba,PR,3,Monitor 27,Monitors,2,1200.0,2400.0,2026-03-16,completed
677,436,Customer 436,Salvador,BA,7,Webcam Full HD,Accessories,3,300.0,900.0,2026-03-23,completed
678,140,Customer 140,Belo Horizonte,MG,2,Keyboard Mechanical,Accessories,2,350.0,700.0,2026-02-04,completed
679,56,Customer 56,Niterói,RJ,2,Keyboard Mechanical,Accessories,2,350.0,700.0,2026-04-26,completed
680,161,Customer 161,Curitiba,PR,2,Keyboard Mechanical,Accessories,5,350.0,1750.0,2026-04-02,completed
681,232,Customer 232,Brasília,DF,8,Tablet Pro,Tablets,3,2800.0,8400.0,2026-08-07,completed
682,47,Customer 47,Niterói,RJ,5,Headset Pro,Accessories,5,450.0,2250.0,2026-01-11,completed
683,428,Customer 428,Salvador,BA,3,Monitor 27,Monitors,1,1200.0,1200.0,2026-07-02,completed
684,496,Customer 496,Salvador,BA,7,Webcam Full HD,Accessories,5,300.0,1500.0,2026-01-13,cancelled
685,154,Customer 154,Brasília,DF,3,Monitor 27,Monitors,1,1200.0,1200.0,2026-04-14,completed
686,285,Customer 285,Recife,PE,4,Mouse Wireless,Accessories,1,180.0,180.0,2026-04-29,completed
687,412,Customer 412,Niterói,RJ,2,Keyboard Mechanical,Accessories,1,350.0,350.0,2026-01-16,completed
688,67,Customer 67,Belo Horizonte,MG,7,Webcam Full HD,Accessories,3,300.0,900.0,2026-06-25,cancelled
689,481,Customer 481,Rio de Janeiro,RJ,10,Laptop Stand,Accessories,5,250.0,1250.0,2026-03-08,completed
690,12,Customer 12,Rio de Janeiro,RJ,4,Mouse Wireless,Accessories,4,180.0,720.0,2026-07-27,completed
691,48,Customer 48,Salvador,BA,2,Keyboard Mechanical,Accessories,1,350.0,350.0,2026-04-29,completed
692,87,Customer 87,Fortaleza,CE,7,Webcam Full HD,Accessories,4,300.0,1200.0,2026-05-08,completed
693,196,Customer 196,Curitiba,PR,3,Monitor 27,Monitors,3,1200.0,3600.0,2026-02-24,completed
694,141,Customer 141,Brasília,DF,8,Tablet Pro,Tablets,2,2800.0,5600.0,2026-01-09,completed
695,318,Customer 318,Fortaleza,CE,4,Mouse Wireless,Accessories,3,180.0,540.0,2026-05-08,completed
696,452,Customer 452,Recife,PE,8,Tablet Pro,Tablets,1,2800.0,2800.0,2026-01-23,completed
697,197,Customer 197,Niterói,RJ,7,Webcam Full HD,Accessories,2,300.0,600.0,2026-06-14,completed
698,128,Customer 128,Recife,PE,1,Notebook Pro,Computers,4,4500.0,18000.0,2026-07-20,cancelled
699,184,Customer 184,Porto Alegre,RS,9,External HD 2TB,Storage,4,500.0,2000.0,2026-03-30,completed
700,258,Customer 258,Salvador,BA,7,Webcam Full HD,Accessories,3,300.0,900.0,2026-02-16,completed
701,164,Customer 164,Fortaleza,CE,4,Mouse Wireless,Accessories,1,180.0,180.0,2026-08-18,completed
702,30,Customer 30,Porto Alegre,RS,9,External HD 2TB,Storage,3,500.0,1500.0,2026-07-16,completed
703,120,Customer 120,Niterói,RJ,2,Keyboard Mechanical,Accessories,2,350.0,700.0,2026-06-18,completed
704,137,Customer 137,Recife,PE,1,Notebook Pro,Computers,2,4500.0,9000.0,2026-05-28,completed
705,182,Customer 182,Niterói,RJ,3,Monitor 27,Monitors,2,1200.0,2400.0,2026-06-01,completed
706,413,Customer 413,Salvador,BA,10,Laptop Stand,Accessories,1,250.0,250.0,2026-06-30,cancelled
707,181,Customer 181,Fortaleza,CE,10,Laptop Stand,Accessories,2,250.0,500.0,2026-05-25,completed
708,429,Customer 429,Porto Alegre,RS,9,External HD 2TB,Storage,3,500.0,1500.0,2026-02-14,completed
709,20,Customer 20,Rio de Janeiro,RJ,1,Notebook Pro,Computers,2,4500.0,9000.0,2026-06-04,completed
710,11,Customer 11,Recife,PE,8,Tablet Pro,Tablets,1,2800.0,2800.0,2026-03-26,completed
711,104,Customer 104,Niterói,RJ,6,SSD 1TB,Storage,2,700.0,1400.0,2026-08-24,completed
712,31,Customer 31,São Paulo,SP,3,Monitor 27,Monitors,5,1200.0,6000.0,2026-06-30,completed
713,397,Customer 397,Rio de Janeiro,RJ,9,External HD 2TB,Storage,3,500.0,1500.0,2026-01-19,completed
714,361,Customer 361,Curitiba,PR,10,Laptop Stand,Accessories,1,250.0,250.0,2026-03-28,completed
715,166,Customer 166,Niterói,RJ,3,Monitor 27,Monitors,4,1200.0,4800.0,2026-07-22,cancelled
716,492,Customer 492,Porto Alegre,RS,6,SSD 1TB,Storage,2,700.0,1400.0,2026-07-01,completed
717,356,Customer 356,Fortaleza,CE,6,SSD 1TB,Storage,2,700.0,1400.0,2026-06-20,completed
718,418,Customer 418,Niterói,RJ,7,Webcam Full HD,Accessories,3,300.0,900.0,2026-07-07,cancelled
719,151,Customer 151,Niterói,RJ,3,Monitor 27,Monitors,1,1200.0,1200.0,2026-06-29,completed
720,201,Customer 201,Fortaleza,CE,1,Notebook Pro,Computers,2,4500.0,9000.0,2026-06-04,completed
721,472,Customer 472,Fortaleza,CE,4,Mouse Wireless,Accessories,5,180.0,900.0,2026-01-27,completed
722,73,Customer 73,Salvador,BA,2,Keyboard Mechanical,Accessories,2,350.0,700.0,2026-03-30,completed
723,86,Customer 86,Rio de Janeiro,RJ,6,SSD 1TB,Storage,4,700.0,2800.0,2026-01-03,completed
724,108,Customer 108,Belo Horizonte,MG,2,Keyboard Mechanical,Accessories,3,350.0,1050.0,2026-03-07,completed
725,369,Customer 369,São Paulo,SP,1,Notebook Pro,Computers,4,4500.0,18000.0,2026-04-23,cancelled
726,215,Customer 215,Niterói,RJ,7,Webcam Full HD,Accessories,4,300.0,1200.0,2026-08-14,completed
727,180,Customer 180,Recife,PE,7,Webcam Full HD,Accessories,1,300.0,300.0,2026-08-01,completed
728,404,Customer 404,Fortaleza,CE,4,Mouse Wireless,Accessories,2,180.0,360.0,2026-04-26,completed
729,410,Customer 410,São Paulo,SP,5,Headset Pro,Accessories,1,450.0,450.0,2026-03-23,completed
730,488,Customer 488,Rio de Janeiro,RJ,2,Keyboard Mechanical,Accessories,3,350.0,1050.0,2026-02-13,completed
731,83,Customer 83,Rio de Janeiro,RJ,9,External HD 2TB,Storage,1,500.0,500.0,2026-03-28,completed
732,315,Customer 315,Porto Alegre,RS,1,Notebook Pro,Computers,4,4500.0,18000.0,2026-06-17,completed
733,311,Customer 311,Curitiba,PR,3,Monitor 27,Monitors,1,1200.0,1200.0,2026-01-26,completed
734,106,Customer 106,Belo Horizonte,MG,7,Webcam Full HD,Accessories,5,300.0,1500.0,2026-07-04,cancelled
735,277,Customer 277,Brasília,DF,5,Headset Pro,Accessories,3,450.0,1350.0,2026-03-02,completed
736,26,Customer 26,Curitiba,PR,10,Laptop Stand,Accessories,5,250.0,1250.0,2026-08-04,completed
737,79,Customer 79,São Paulo,SP,6,SSD 1TB,Storage,1,700.0,700.0,2026-04-20,completed
738,151,Customer 151,Fortaleza,CE,8,Tablet Pro,Tablets,2,2800.0,5600.0,2026-01-25,completed
739,106,Customer 106,Niterói,RJ,5,Headset Pro,Accessories,1,450.0,450.0,2026-05-02,completed
740,158,Customer 158,Curitiba,PR,8,Tablet Pro,Tablets,4,2800.0,11200.0,2026-08-18,cancelled
741,136,Customer 136,Rio de Janeiro,RJ,9,External HD 2TB,Storage,4,500.0,2000.0,2026-02-17,completed
742,454,Customer 454,Curitiba,PR,6,SSD 1TB,Storage,2,700.0,1400.0,2026-04-25,completed
743,135,Customer 135,Porto Alegre,RS,8,Tablet Pro,Tablets,3,2800.0,8400.0,2026-02-27,completed
744,289,Customer 289,São Paulo,SP,3,Monitor 27,Monitors,1,1200.0,1200.0,2026-01-22,cancelled
745,177,Customer 177,Recife,PE,7,Webcam Full HD,Accessories,5,300.0,1500.0,2026-02-28,completed
746,32,Customer 32,Curitiba,PR,9,External HD 2TB,Storage,4,500.0,2000.0,2026-05-18,cancelled
747,444,Customer 444,Porto Alegre,RS,10,Laptop Stand,Accessories,2,250.0,500.0,2026-05-02,completed
748,41,Customer 41,Curitiba,PR,1,Notebook Pro,Computers,5,4500.0,22500.0,2026-05-27,completed
749,410,Customer 410,Fortaleza,CE,10,Laptop Stand,Accessories,2,250.0,500.0,2026-01-31,completed
750,89,Customer 89,Niterói,RJ,4,Mouse Wireless,Accessories,2,180.0,360.0,2026-02-02,completed
751,217,Customer 217,Rio de Janeiro,RJ,7,Webcam Full HD,Accessories,2,300.0,600.0,2026-07-30,cancelled
752,76,Customer 76,Fortaleza,CE,5,Headset Pro,Accessories,3,450.0,1350.0,2026-08-22,cancelled
753,469,Customer 469,Rio de Janeiro,RJ,2,Keyboard Mechanical,Accessories,4,350.0,1400.0,2026-05-23,completed
754,283,Customer 283,Salvador,BA,5,Headset Pro,Accessories,5,450.0,2250.0,2026-04-28,completed
755,403,Customer 403,Fortaleza,CE,10,Laptop Stand,Accessories,5,250.0,1250.0,2026-07-20,completed
756,58,Customer 58,Curitiba,PR,3,Monitor 27,Monitors,2,1200.0,2400.0,2026-05-26,completed
757,299,Customer 299,Rio de Janeiro,RJ,2,Keyboard Mechanical,Accessories,5,350.0,1750.0,2026-07-19,completed
758,403,Customer 403,Brasília,DF,9,External HD 2TB,Storage,3,500.0,1500.0,2026-08-13,completed
759,136,Customer 136,Curitiba,PR,8,Tablet Pro,Tablets,5,2800.0,14000.0,2026-06-05,completed
760,20,Customer 20,Niterói,RJ,5,Headset Pro,Accessories,4,450.0,1800.0,2026-02-06,completed
761,312,Customer 312,Curitiba,PR,1,Notebook Pro,Computers,4,4500.0,18000.0,2026-08-16,completed
762,354,Customer 354,Belo Horizonte,MG,1,Notebook Pro,Computers,4,4500.0,18000.0,2026-08-24,completed
763,460,Customer 460,Salvador,BA,1,Notebook Pro,Computers,3,4500.0,13500.0,2026-07-29,completed
764,160,Customer 160,Brasília,DF,8,Tablet Pro,Tablets,1,2800.0,2800.0,2026-08-11,completed
765,69,Customer 69,Brasília,DF,8,Tablet Pro,Tablets,3,2800.0,8400.0,2026-03-10,cancelled
766,214,Customer 214,Fortaleza,CE,2,Keyboard Mechanical,Accessories,2,350.0,700.0,2026-04-24,completed
767,468,Customer 468,Curitiba,PR,8,Tablet Pro,Tablets,5,2800.0,14000.0,2026-08-11,completed
768,421,Customer 421,São Paulo,SP,9,External HD 2TB,Storage,2,500.0,1000.0,2026-01-17,completed
769,364,Customer 364,Recife,PE,7,Webcam Full HD,Accessories,2,300.0,600.0,2026-07-19,completed
770,451,Customer 451,Fortaleza,CE,1,Notebook Pro,Computers,2,4500.0,9000.0,2026-02-19,completed
771,429,Customer 429,São Paulo,SP,4,Mouse Wireless,Accessories,1,180.0,180.0,2026-04-27,completed
772,471,Customer 471,Salvador,BA,4,Mouse Wireless,Accessories,3,180.0,540.0,2026-04-05,completed
773,259,Customer 259,Curitiba,PR,2,Keyboard Mechanical,Accessories,1,350.0,350.0,2026-03-03,completed
774,251,Customer 251,Fortaleza,CE,8,Tablet Pro,Tablets,2,2800.0,5600.0,2026-08-11,completed
775,301,Customer 301,Recife,PE,6,SSD 1TB,Storage,3,700.0,2100.0,2026-02-11,completed
776,384,Customer 384,Rio de Janeiro,RJ,5,Headset Pro,Accessories,1,450.0,450.0,2026-04-09,completed
777,84,Customer 84,Fortaleza,CE,4,Mouse Wireless,Accessories,2,180.0,360.0,2026-06-15,completed
778,347,Customer 347,Belo Horizonte,MG,5,Headset Pro,Accessories,4,450.0,1800.0,2026-05-12,completed
779,443,Customer 443,São Paulo,SP,8,Tablet Pro,Tablets,2,2800.0,5600.0,2026-06-15,completed
780,308,Customer 308,São Paulo,SP,4,Mouse Wireless,Accessories,3,180.0,540.0,2026-06-05,completed
781,365,Customer 365,Brasília,DF,7,Webcam Full HD,Accessories,4,300.0,1200.0,2026-08-07,completed
782,236,Customer 236,Brasília,DF,4,Mouse Wireless,Accessories,4,180.0,720.0,2026-03-19,cancelled
783,267,Customer 267,Fortaleza,CE,7,Webcam Full HD,Accessories,5,300.0,1500.0,2026-01-27,completed
784,262,Customer 262,Salvador,BA,9,External HD 2TB,Storage,5,500.0,2500.0,2026-06-05,completed
785,153,Customer 153,Rio de Janeiro,RJ,8,Tablet Pro,Tablets,1,2800.0,2800.0,2026-03-28,completed
786,328,Customer 328,Salvador,BA,5,Headset Pro,Accessories,3,450.0,1350.0,2026-06-17,cancelled
787,488,Customer 488,Brasília,DF,4,Mouse Wireless,Accessories,2,180.0,360.0,2026-05-13,completed
788,461,Customer 461,São Paulo,SP,10,Laptop Stand,Accessories,4,250.0,1000.0,2026-06-19,completed
789,349,Customer 349,Niterói,RJ,1,Notebook Pro,Computers,4,4500.0,18000.0,2026-03-17,completed
790,465,Customer 465,Curitiba,PR,7,Webcam Full HD,Accessories,4,300.0,1200.0,2026-07-08,completed
791,299,Customer 299,Fortaleza,CE,4,Mouse Wireless,Accessories,3,180.0,540.0,2026-07-05,cancelled
792,114,Customer 114,Recife,PE,8,Tablet Pro,Tablets,3,2800.0,8400.0,2026-05-10,completed
793,433,Customer 433,Niterói,RJ,9,External HD 2TB,Storage,2,500.0,1000.0,2026-03-17,completed
794,242,Customer 242,Niterói,RJ,5,Headset Pro,Accessories,5,450.0,2250.0,2026-07-15,completed
795,485,Customer 485,Salvador,BA,2,Keyboard Mechanical,Accessories,2,350.0,700.0,2026-04-01,completed
796,382,Customer 382,Brasília,DF,7,Webcam Full HD,Accessories,3,300.0,900.0,2026-04-06,completed
797,300,Customer 300,Brasília,DF,8,Tablet Pro,Tablets,1,2800.0,2800.0,2026-05-01,completed
798,444,Customer 444,Fortaleza,CE,10,Laptop Stand,Accessories,5,250.0,1250.0,2026-01-19,completed
799,456,Customer 456,Belo Horizonte,MG,9,External HD 2TB,Storage,1,500.0,500.0,2026-08-11,cancelled
800,196,Customer 196,Recife,PE,5,Headset Pro,Accessories,4,450.0,1800.0,2026-01-14,completed
801,71,Customer 71,Belo Horizonte,MG,6,SSD 1TB,Storage,4,700.0,2800.0,2026-05-26,completed
802,74,Customer 74,Salvador,BA,3,Monitor 27,Monitors,1,1200.0,1200.0,2026-05-05,completed
803,324,Customer 324,Niterói,RJ,6,SSD 1TB,Storage,1,700.0,700.0,2026-01-02,completed
804,141,Customer 141,Belo Horizonte,MG,3,Monitor 27,Monitors,5,1200.0,6000.0,2026-07-15,completed
805,251,Customer 251,Rio de Janeiro,RJ,3,Monitor 27,Monitors,5,1200.0,6000.0,2026-04-22,cancelled
806,220,Customer 220,Curitiba,PR,7,Webcam Full HD,Accessories,4,300.0,1200.0,2026-04-09,completed
807,20,Customer 20,Recife,PE,4,Mouse Wireless,Accessories,3,180.0,540.0,2026-01-04,completed
808,388,Customer 388,Recife,PE,4,Mouse Wireless,Accessories,1,180.0,180.0,2026-06-23,completed
809,321,Customer 321,Belo Horizonte,MG,4,Mouse Wireless,Accessories,3,180.0,540.0,2026-03-21,completed
810,53,Customer 53,Curitiba,PR,9,External HD 2TB,Storage,5,500.0,2500.0,2026-03-20,completed
811,34,Customer 34,São Paulo,SP,5,Headset Pro,Accessories,3,450.0,1350.0,2026-04-27,cancelled
812,267,Customer 267,Fortaleza,CE,9,External HD 2TB,Storage,3,500.0,1500.0,2026-04-22,cancelled
813,69,Customer 69,Salvador,BA,8,Tablet Pro,Tablets,3,2800.0,8400.0,2026-07-12,completed
814,85,Customer 85,Curitiba,PR,1,Notebook Pro,Computers,2,4500.0,9000.0,2026-02-27,cancelled
815,68,Customer 68,Belo Horizonte,MG,1,Notebook Pro,Computers,5,4500.0,22500.0,2026-05-10,completed
816,64,Customer 64,Salvador,BA,1,Notebook Pro,Computers,4,4500.0,18000.0,2026-08-13,cancelled
817,131,Customer 131,Recife,PE,10,Laptop Stand,Accessories,1,250.0,250.0,2026-06-02,completed
818,339,Customer 339,Rio de Janeiro,RJ,1,Notebook Pro,Computers,1,4500.0,4500.0,2026-06-26,completed
819,214,Customer 214,Porto Alegre,RS,7,Webcam Full HD,Accessories,1,300.0,300.0,2026-05-21,completed
820,243,Customer 243,Niterói,RJ,4,Mouse Wireless,Accessories,1,180.0,180.0,2026-03-19,completed
821,339,Customer 339,Rio de Janeiro,RJ,9,External HD 2TB,Storage,3,500.0,1500.0,2026-06-09,completed
822,359,Customer 359,Niterói,RJ,7,Webcam Full HD,Accessories,1,300.0,300.0,2026-05-11,cancelled
823,317,Customer 317,Rio de Janeiro,RJ,5,Headset Pro,Accessories,1,450.0,450.0,2026-07-20,completed
824,255,Customer 255,Belo Horizonte,MG,10,Laptop Stand,Accessories,2,250.0,500.0,2026-07-19,completed
825,426,Customer 426,Recife,PE,4,Mouse Wireless,Accessories,3,180.0,540.0,2026-06-30,completed
826,152,Customer 152,Niterói,RJ,1,Notebook Pro,Computers,5,4500.0,22500.0,2026-05-08,completed
827,353,Customer 353,Porto Alegre,RS,6,SSD 1TB,Storage,2,700.0,1400.0,2026-01-01,completed
828,344,Customer 344,Rio de Janeiro,RJ,2,Keyboard Mechanical,Accessories,5,350.0,1750.0,2026-06-21,completed
829,77,Customer 77,Rio de Janeiro,RJ,9,External HD 2TB,Storage,1,500.0,500.0,2026-07-05,cancelled
830,52,Customer 52,Brasília,DF,4,Mouse Wireless,Accessories,4,180.0,720.0,2026-03-17,completed
831,238,Customer 238,São Paulo,SP,2,Keyboard Mechanical,Accessories,2,350.0,700.0,2026-08-12,completed
832,437,Customer 437,Brasília,DF,6,SSD 1TB,Storage,3,700.0,2100.0,2026-04-20,cancelled
833,60,Customer 60,Rio de Janeiro,RJ,1,Notebook Pro,Computers,1,4500.0,4500.0,2026-08-07,completed
834,340,Customer 340,Niterói,RJ,6,SSD 1TB,Storage,3,700.0,2100.0,2026-08-17,completed
835,490,Customer 490,Fortaleza,CE,5,Headset Pro,Accessories,1,450.0,450.0,2026-04-06,completed
836,94,Customer 94,Rio de Janeiro,RJ,7,Webcam Full HD,Accessories,4,300.0,1200.0,2026-04-27,completed
837,428,Customer 428,Curitiba,PR,8,Tablet Pro,Tablets,4,2800.0,11200.0,2026-06-16,completed
838,58,Customer 58,Niterói,RJ,1,Notebook Pro,Computers,2,4500.0,9000.0,2026-01-27,completed
839,467,Customer 467,Fortaleza,CE,8,Tablet Pro,Tablets,5,2800.0,14000.0,2026-06-23,completed
840,93,Customer 93,Fortaleza,CE,7,Webcam Full HD,Accessories,3,300.0,900.0,2026-06-06,completed
841,442,Customer 442,Niterói,RJ,8,Tablet Pro,Tablets,4,2800.0,11200.0,2026-01-29,completed
842,226,Customer 226,São Paulo,SP,2,Keyboard Mechanical,Accessories,3,350.0,1050.0,2026-06-17,completed
843,7,Customer 7,Recife,PE,10,Laptop Stand,Accessories,5,250.0,1250.0,2026-02-27,cancelled
844,448,Customer 448,Salvador,BA,9,External HD 2TB,Storage,5,500.0,2500.0,2026-06-26,cancelled
845,317,Customer 317,Rio de Janeiro,RJ,7,Webcam Full HD,Accessories,2,300.0,600.0,2026-05-04,completed
846,340,Customer 340,Curitiba,PR,3,Monitor 27,Monitors,5,1200.0,6000.0,2026-08-17,completed
847,28,Customer 28,São Paulo,SP,3,Monitor 27,Monitors,5,1200.0,6000.0,2026-08-06,completed
848,437,Customer 437,Porto Alegre,RS,3,Monitor 27,Monitors,1,1200.0,1200.0,2026-07-12,completed
849,165,Customer 165,Belo Horizonte,MG,6,SSD 1TB,Storage,3,700.0,2100.0,2026-01-13,completed
850,115,Customer 115,Recife,PE,7,Webcam Full HD,Accessories,4,300.0,1200.0,2026-07-29,completed
851,41,Customer 41,Porto Alegre,RS,8,Tablet Pro,Tablets,5,2800.0,14000.0,2026-04-25,completed
852,439,Customer 439,Porto Alegre,RS,8,Tablet Pro,Tablets,3,2800.0,8400.0,2026-01-31,completed
853,382,Customer 382,São Paulo,SP,2,Keyboard Mechanical,Accessories,4,350.0,1400.0,2026-04-16,completed
854,286,Customer 286,Recife,PE,1,Notebook Pro,Computers,1,4500.0,4500.0,2026-07-22,completed
855,494,Customer 494,Fortaleza,CE,5,Headset Pro,Accessories,5,450.0,2250.0,2026-05-24,completed
856,336,Customer 336,Porto Alegre,RS,6,SSD 1TB,Storage,3,700.0,2100.0,2026-07-31,completed
857,419,Customer 419,Belo Horizonte,MG,8,Tablet Pro,Tablets,3,2800.0,8400.0,2026-05-24,completed
858,308,Customer 308,Porto Alegre,RS,6,SSD 1TB,Storage,4,700.0,2800.0,2026-01-30,completed
859,389,Customer 389,Belo Horizonte,MG,1,Notebook Pro,Computers,3,4500.0,13500.0,2026-04-01,cancelled
860,494,Customer 494,Brasília,DF,9,External HD 2TB,Storage,5,500.0,2500.0,2026-04-06,cancelled
861,55,Customer 55,São Paulo,SP,3,Monitor 27,Monitors,4,1200.0,4800.0,2026-02-05,cancelled
862,381,Customer 381,Curitiba,PR,2,Keyboard Mechanical,Accessories,3,350.0,1050.0,2026-06-06,completed
863,97,Customer 97,Rio de Janeiro,RJ,7,Webcam Full HD,Accessories,2,300.0,600.0,2026-04-28,completed
864,367,Customer 367,Salvador,BA,2,Keyboard Mechanical,Accessories,4,350.0,1400.0,2026-01-12,cancelled
865,429,Customer 429,Fortaleza,CE,2,Keyboard Mechanical,Accessories,4,350.0,1400.0,2026-04-28,cancelled
866,302,Customer 302,Recife,PE,3,Monitor 27,Monitors,4,1200.0,4800.0,2026-01-02,completed
867,377,Customer 377,São Paulo,SP,9,External HD 2TB,Storage,4,500.0,2000.0,2026-08-03,completed
868,248,Customer 248,Recife,PE,3,Monitor 27,Monitors,5,1200.0,6000.0,2026-02-14,cancelled
869,418,Customer 418,Niterói,RJ,2,Keyboard Mechanical,Accessories,4,350.0,1400.0,2026-06-18,completed
870,311,Customer 311,Salvador,BA,9,External HD 2TB,Storage,4,500.0,2000.0,2026-04-18,completed
871,469,Customer 469,Belo Horizonte,MG,5,Headset Pro,Accessories,4,450.0,1800.0,2026-03-29,completed
872,232,Customer 232,Niterói,RJ,3,Monitor 27,Monitors,4,1200.0,4800.0,2026-06-04,cancelled
873,454,Customer 454,Recife,PE,5,Headset Pro,Accessories,5,450.0,2250.0,2026-08-09,completed
874,365,Customer 365,Recife,PE,4,Mouse Wireless,Accessories,2,180.0,360.0,2026-02-23,completed
875,366,Customer 366,Brasília,DF,6,SSD 1TB,Storage,2,700.0,1400.0,2026-07-01,cancelled
876,500,Customer 500,Niterói,RJ,9,External HD 2TB,Storage,5,500.0,2500.0,2026-06-27,cancelled
877,166,Customer 166,Rio de Janeiro,RJ,6,SSD 1TB,Storage,5,700.0,3500.0,2026-05-03,completed
878,293,Customer 293,Curitiba,PR,9,External HD 2TB,Storage,3,500.0,1500.0,2026-08-13,completed
879,414,Customer 414,São Paulo,SP,9,External HD 2TB,Storage,1,500.0,500.0,2026-01-07,completed
880,75,Customer 75,São Paulo,SP,1,Notebook Pro,Computers,2,4500.0,9000.0,2026-03-10,completed
881,147,Customer 147,Brasília,DF,3,Monitor 27,Monitors,1,1200.0,1200.0,2026-06-26,completed
882,105,Customer 105,Recife,PE,1,Notebook Pro,Computers,3,4500.0,13500.0,2026-07-28,completed
883,53,Customer 53,Fortaleza,CE,9,External HD 2TB,Storage,2,500.0,1000.0,2026-07-10,cancelled
884,288,Customer 288,Curitiba,PR,4,Mouse Wireless,Accessories,5,180.0,900.0,2026-07-20,cancelled
885,148,Customer 148,São Paulo,SP,7,Webcam Full HD,Accessories,4,300.0,1200.0,2026-04-17,cancelled
886,161,Customer 161,Recife,PE,1,Notebook Pro,Computers,1,4500.0,4500.0,2026-07-10,completed
887,104,Customer 104,Fortaleza,CE,8,Tablet Pro,Tablets,2,2800.0,5600.0,2026-08-22,cancelled
888,361,Customer 361,Salvador,BA,10,Laptop Stand,Accessories,5,250.0,1250.0,2026-07-09,completed
889,101,Customer 101,Belo Horizonte,MG,5,Headset Pro,Accessories,4,450.0,1800.0,2026-02-15,cancelled
890,39,Customer 39,Niterói,RJ,3,Monitor 27,Monitors,5,1200.0,6000.0,2026-01-31,completed
891,21,Customer 21,Curitiba,PR,5,Headset Pro,Accessories,5,450.0,2250.0,2026-03-09,completed
892,83,Customer 83,Fortaleza,CE,5,Headset Pro,Accessories,1,450.0,450.0,2026-03-26,completed
893,364,Customer 364,Niterói,RJ,1,Notebook Pro,Computers,2,4500.0,9000.0,2026-08-26,completed
894,306,Customer 306,São Paulo,SP,10,Laptop Stand,Accessories,3,250.0,750.0,2026-05-06,completed
895,282,Customer 282,Salvador,BA,2,Keyboard Mechanical,Accessories,3,350.0,1050.0,2026-05-15,completed
896,490,Customer 490,Niterói,RJ,9,External HD 2TB,Storage,1,500.0,500.0,2026-07-21,completed
897,82,Customer 82,Curitiba,PR,9,External HD 2TB,Storage,5,500.0,2500.0,2026-04-14,completed
898,179,Customer 179,Belo Horizonte,MG,4,Mouse Wireless,Accessories,3,180.0,540.0,2026-03-26,completed
899,151,Customer 151,Belo Horizonte,MG,10,Laptop Stand,Accessories,5,250.0,1250.0,2026-05-02,completed
900,422,Customer 422,São Paulo,SP,2,Keyboard Mechanical,Accessories,3,350.0,1050.0,2026-04-25,completed
901,464,Customer 464,Fortaleza,CE,10,Laptop Stand,Accessories,2,250.0,500.0,2026-01-11,cancelled
902,454,Customer 454,Salvador,BA,7,Webcam Full HD,Accessories,1,300.0,300.0,2026-04-09,completed
903,277,Customer 277,Brasília,DF,1,Notebook Pro,Computers,5,4500.0,22500.0,2026-07-30,completed
904,264,Customer 264,Recife,PE,8,Tablet Pro,Tablets,4,2800.0,11200.0,2026-01-12,completed
905,460,Customer 460,Belo Horizonte,MG,6,SSD 1TB,Storage,5,700.0,3500.0,2026-01-22,completed
906,86,Customer 86,Recife,PE,9,External HD 2TB,Storage,1,500.0,500.0,2026-06-10,completed
907,108,Customer 108,Belo Horizonte,MG,7,Webcam Full HD,Accessories,1,300.0,300.0,2026-02-22,completed
908,425,Customer 425,Curitiba,PR,2,Keyboard Mechanical,Accessories,2,350.0,700.0,2026-01-07,completed
909,368,Customer 368,Salvador,BA,1,Notebook Pro,Computers,1,4500.0,4500.0,2026-01-19,completed
910,92,Customer 92,Brasília,DF,9,External HD 2TB,Storage,1,500.0,500.0,2026-05-28,completed
911,467,Customer 467,Brasília,DF,7,Webcam Full HD,Accessories,4,300.0,1200.0,2026-04-26,cancelled
912,208,Customer 208,Curitiba,PR,6,SSD 1TB,Storage,1,700.0,700.0,2026-04-10,cancelled
913,61,Customer 61,Recife,PE,1,Notebook Pro,Computers,5,4500.0,22500.0,2026-01-17,cancelled
914,300,Customer 300,São Paulo,SP,2,Keyboard Mechanical,Accessories,3,350.0,1050.0,2026-08-26,completed
915,55,Customer 55,Brasília,DF,5,Headset Pro,Accessories,5,450.0,2250.0,2026-01-23,completed
916,392,Customer 392,Porto Alegre,RS,7,Webcam Full HD,Accessories,4,300.0,1200.0,2026-07-30,cancelled
917,16,Customer 16,Porto Alegre,RS,3,Monitor 27,Monitors,5,1200.0,6000.0,2026-02-26,completed
918,383,Customer 383,Curitiba,PR,9,External HD 2TB,Storage,3,500.0,1500.0,2026-06-12,completed
919,153,Customer 153,Salvador,BA,1,Notebook Pro,Computers,5,4500.0,22500.0,2026-08-12,completed
920,73,Customer 73,Rio de Janeiro,RJ,1,Notebook Pro,Computers,1,4500.0,4500.0,2026-05-27,completed
921,202,Customer 202,Recife,PE,9,External HD 2TB,Storage,1,500.0,500.0,2026-03-20,completed
922,384,Customer 384,Salvador,BA,4,Mouse Wireless,Accessories,4,180.0,720.0,2026-08-20,cancelled
923,436,Customer 436,Recife,PE,3,Monitor 27,Monitors,2,1200.0,2400.0,2026-02-17,completed
924,316,Customer 316,Brasília,DF,4,Mouse Wireless,Accessories,1,180.0,180.0,2026-02-16,cancelled
925,410,Customer 410,Fortaleza,CE,1,Notebook Pro,Computers,5,4500.0,22500.0,2026-04-29,cancelled
926,282,Customer 282,Rio de Janeiro,RJ,5,Headset Pro,Accessories,1,450.0,450.0,2026-03-06,completed
927,102,Customer 102,Fortaleza,CE,8,Tablet Pro,Tablets,3,2800.0,8400.0,2026-04-02,completed
928,344,Customer 344,Belo Horizonte,MG,2,Keyboard Mechanical,Accessories,3,350.0,1050.0,2026-06-08,completed
929,461,Customer 461,Belo Horizonte,MG,6,SSD 1TB,Storage,4,700.0,2800.0,2026-04-26,completed
930,316,Customer 316,Brasília,DF,10,Laptop Stand,Accessories,2,250.0,500.0,2026-05-25,completed
931,187,Customer 187,Salvador,BA,7,Webcam Full HD,Accessories,2,300.0,600.0,2026-01-02,completed
932,127,Customer 127,Belo Horizonte,MG,7,Webcam Full HD,Accessories,3,300.0,900.0,2026-08-04,completed
933,69,Customer 69,Salvador,BA,8,Tablet Pro,Tablets,4,2800.0,11200.0,2026-04-25,completed
934,397,Customer 397,Brasília,DF,8,Tablet Pro,Tablets,5,2800.0,14000.0,2026-01-28,completed
935,331,Customer 331,Fortaleza,CE,2,Keyboard Mechanical,Accessories,3,350.0,1050.0,2026-08-08,completed
936,457,Customer 457,Recife,PE,4,Mouse Wireless,Accessories,3,180.0,540.0,2026-07-07,cancelled
937,40,Customer 40,Rio de Janeiro,RJ,1,Notebook Pro,Computers,5,4500.0,22500.0,2026-06-11,completed
938,417,Customer 417,Fortaleza,CE,10,Laptop Stand,Accessories,4,250.0,1000.0,2026-07-16,completed
939,109,Customer 109,São Paulo,SP,9,External HD 2TB,Storage,3,500.0,1500.0,2026-05-20,completed
940,242,Customer 242,Niterói,RJ,6,SSD 1TB,Storage,4,700.0,2800.0,2026-02-27,completed
941,376,Customer 376,Brasília,DF,3,Monitor 27,Monitors,4,1200.0,4800.0,2026-05-09,completed
942,47,Customer 47,Curitiba,PR,6,SSD 1TB,Storage,5,700.0,3500.0,2026-01-03,cancelled
943,123,Customer 123,Fortaleza,CE,3,Monitor 27,Monitors,5,1200.0,6000.0,2026-02-05,completed
944,82,Customer 82,Niterói,RJ,10,Laptop Stand,Accessories,5,250.0,1250.0,2026-06-18,completed
945,377,Customer 377,Porto Alegre,RS,6,SSD 1TB,Storage,1,700.0,700.0,2026-02-26,completed
946,119,Customer 119,Rio de Janeiro,RJ,5,Headset Pro,Accessories,3,450.0,1350.0,2026-03-01,completed
947,343,Customer 343,Belo Horizonte,MG,9,External HD 2TB,Storage,3,500.0,1500.0,2026-04-10,completed
948,470,Customer 470,Porto Alegre,RS,1,Notebook Pro,Computers,1,4500.0,4500.0,2026-06-16,completed
949,53,Customer 53,Recife,PE,5,Headset Pro,Accessories,3,450.0,1350.0,2026-05-29,completed
950,292,Customer 292,Niterói,RJ,7,Webcam Full HD,Accessories,4,300.0,1200.0,2026-04-04,completed
951,335,Customer 335,Rio de Janeiro,RJ,9,External HD 2TB,Storage,3,500.0,1500.0,2026-04-07,completed
952,265,Customer 265,Curitiba,PR,6,SSD 1TB,Storage,3,700.0,2100.0,2026-05-05,completed
953,455,Customer 455,Fortaleza,CE,1,Notebook Pro,Computers,5,4500.0,22500.0,2026-08-14,completed
954,226,Customer 226,Niterói,RJ,4,Mouse Wireless,Accessories,1,180.0,180.0,2026-05-12,cancelled
955,144,Customer 144,Belo Horizonte,MG,3,Monitor 27,Monitors,2,1200.0,2400.0,2026-02-10,completed
956,309,Customer 309,Rio de Janeiro,RJ,4,Mouse Wireless,Accessories,4,180.0,720.0,2026-07-27,completed
957,369,Customer 369,Rio de Janeiro,RJ,8,Tablet Pro,Tablets,4,2800.0,11200.0,2026-05-03,completed
958,303,Customer 303,Niterói,RJ,7,Webcam Full HD,Accessories,1,300.0,300.0,2026-03-04,completed
959,66,Customer 66,Fortaleza,CE,10,Laptop Stand,Accessories,2,250.0,500.0,2026-02-04,cancelled
960,263,Customer 263,São Paulo,SP,10,Laptop Stand,Accessories,2,250.0,500.0,2026-01-15,completed
961,133,Customer 133,Niterói,RJ,9,External HD 2TB,Storage,4,500.0,2000.0,2026-06-03,completed
962,327,Customer 327,São Paulo,SP,5,Headset Pro,Accessories,1,450.0,450.0,2026-02-25,completed
963,311,Customer 311,Porto Alegre,RS,8,Tablet Pro,Tablets,2,2800.0,5600.0,2026-02-26,completed
964,308,Customer 308,Niterói,RJ,10,Laptop Stand,Accessories,2,250.0,500.0,2026-06-09,cancelled
965,262,Customer 262,Brasília,DF,3,Monitor 27,Monitors,3,1200.0,3600.0,2026-08-25,completed
966,306,Customer 306,Fortaleza,CE,2,Keyboard Mechanical,Accessories,2,350.0,700.0,2026-04-07,completed
967,68,Customer 68,Rio de Janeiro,RJ,1,Notebook Pro,Computers,2,4500.0,9000.0,2026-05-14,completed
968,351,Customer 351,Curitiba,PR,3,Monitor 27,Monitors,5,1200.0,6000.0,2026-01-25,completed
969,244,Customer 244,Fortaleza,CE,10,Laptop Stand,Accessories,1,250.0,250.0,2026-08-13,completed
970,258,Customer 258,Rio de Janeiro,RJ,2,Keyboard Mechanical,Accessories,4,350.0,1400.0,2026-06-18,completed
971,462,Customer 462,Fortaleza,CE,9,External HD 2TB,Storage,1,500.0,500.0,2026-08-18,cancelled
972,333,Customer 333,Curitiba,PR,9,External HD 2TB,Storage,4,500.0,2000.0,2026-04-05,completed
973,358,Customer 358,Recife,PE,7,Webcam Full HD,Accessories,2,300.0,600.0,2026-07-25,completed
974,405,Customer 405,Curitiba,PR,6,SSD 1TB,Storage,5,700.0,3500.0,2026-07-25,cancelled
975,465,Customer 465,Fortaleza,CE,2,Keyboard Mechanical,Accessories,4,350.0,1400.0,2026-02-04,completed
976,245,Customer 245,Belo Horizonte,MG,2,Keyboard Mechanical,Accessories,3,350.0,1050.0,2026-06-03,completed
977,210,Customer 210,Brasília,DF,4,Mouse Wireless,Accessories,1,180.0,180.0,2026-07-01,cancelled
978,405,Customer 405,São Paulo,SP,10,Laptop Stand,Accessories,5,250.0,1250.0,2026-01-31,completed
979,4,Customer 4,Curitiba,PR,4,Mouse Wireless,Accessories,3,180.0,540.0,2026-04-15,completed
980,55,Customer 55,Niterói,RJ,7,Webcam Full HD,Accessories,5,300.0,1500.0,2026-03-06,completed
981,438,Customer 438,Recife,PE,7,Webcam Full HD,Accessories,5,300.0,1500.0,2026-04-04,completed
982,142,Customer 142,Curitiba,PR,4,Mouse Wireless,Accessories,4,180.0,720.0,2026-05-22,completed
983,248,Customer 248,Niterói,RJ,6,SSD 1TB,Storage,5,700.0,3500.0,2026-05-23,completed
984,130,Customer 130,Brasília,DF,10,Laptop Stand,Accessories,3,250.0,750.0,2026-07-18,cancelled
985,204,Customer 204,Niterói,RJ,2,Keyboard Mechanical,Accessories,2,350.0,700.0,2026-04-25,cancelled
986,487,Customer 487,Niterói,RJ,2,Keyboard Mechanical,Accessories,2,350.0,700.0,2026-05-11,completed
987,403,Customer 403,Salvador,BA,9,External HD 2TB,Storage,5,500.0,2500.0,2026-06-28,cancelled
988,362,Customer 362,São Paulo,SP,3,Monitor 27,Monitors,4,1200.0,4800.0,2026-06-12,completed
989,412,Customer 412,Rio de Janeiro,RJ,3,Monitor 27,Monitors,4,1200.0,4800.0,2026-08-26,completed
990,223,Customer 223,Rio de Janeiro,RJ,2,Keyboard Mechanical,Accessories,3,350.0,1050.0,2026-02-26,completed
991,41,Customer 41,Fortaleza,CE,1,Notebook Pro,Computers,4,4500.0,18000.0,2026-08-27,completed
992,315,Customer 315,Recife,PE,5,Headset Pro,Accessories,5,450.0,2250.0,2026-01-15,completed
993,328,Customer 328,Porto Alegre,RS,8,Tablet Pro,Tablets,1,2800.0,2800.0,2026-02-21,cancelled
994,477,Customer 477,Recife,PE,5,Headset Pro,Accessories,2,450.0,900.0,2026-01-09,completed
995,262,Customer 262,Recife,PE,4,Mouse Wireless,Accessories,5,180.0,900.0,2026-02-13,cancelled
996,19,Customer 19,Salvador,BA,4,Mouse Wireless,Accessories,1,180.0,180.0,2026-02-10,completed
997,142,Customer 142,Curitiba,PR,6,SSD 1TB,Storage,4,700.0,2800.0,2026-04-14,completed
998,103,Customer 103,Recife,PE,1,Notebook Pro,Computers,1,4500.0,4500.0,2026-08-24,completed
999,282,Customer 282,Brasília,DF,9,External HD 2TB,Storage,5,500.0,2500.0,2026-03-31,completed
1000,494,Customer 494,Brasília,DF,4,Mouse Wireless,Accessories,5,180.0,900.0,2026-02-19,completed
1001,477,Customer 477,Curitiba,PR,10,Laptop Stand,Accessories,1,250.0,250.0,2026-03-08,completed
1002,209,Customer 209,Recife,PE,2,Keyboard Mechanical,Accessories,5,350.0,1750.0,2026-01-19,completed
1003,151,Customer 151,Salvador,BA,2,Keyboard Mechanical,Accessories,5,350.0,1750.0,2026-03-07,completed
1004,417,Customer 417,Fortaleza,CE,5,Headset Pro,Accessories,4,450.0,1800.0,2026-04-07,completed
1005,248,Customer 248,Belo Horizonte,MG,6,SSD 1TB,Storage,4,700.0,2800.0,2026-06-24,completed
1006,460,Customer 460,Fortaleza,CE,1,Notebook Pro,Computers,4,4500.0,18000.0,2026-01-30,completed
1007,35,Customer 35,Curitiba,PR,4,Mouse Wireless,Accessories,2,180.0,360.0,2026-07-24,completed
1008,212,Customer 212,Salvador,BA,9,External HD 2TB,Storage,5,500.0,2500.0,2026-01-03,cancelled
1009,427,Customer 427,Brasília,DF,4,Mouse Wireless,Accessories,3,180.0,540.0,2026-01-24,completed
1010,345,Customer 345,Salvador,BA,2,Keyboard Mechanical,Accessories,5,350.0,1750.0,2026-08-27,completed
1011,244,Customer 244,Salvador,BA,6,SSD 1TB,Storage,2,700.0,1400.0,2026-08-17,completed
1012,138,Customer 138,Niterói,RJ,4,Mouse Wireless,Accessories,4,180.0,720.0,2026-07-08,completed
1013,121,Customer 121,Belo Horizonte,MG,5,Headset Pro,Accessories,2,450.0,900.0,2026-02-28,completed
1014,428,Customer 428,Belo Horizonte,MG,10,Laptop Stand,Accessories,3,250.0,750.0,2026-02-09,completed
1015,62,Customer 62,Rio de Janeiro,RJ,8,Tablet Pro,Tablets,5,2800.0,14000.0,2026-01-02,completed
1016,491,Customer 491,São Paulo,SP,8,Tablet Pro,Tablets,3,2800.0,8400.0,2026-06-08,completed
1017,253,Customer 253,Fortaleza,CE,5,Headset Pro,Accessories,4,450.0,1800.0,2026-02-16,completed
1018,144,Customer 144,Curitiba,PR,4,Mouse Wireless,Accessories,5,180.0,900.0,2026-02-02,completed
1019,270,Customer 270,Curitiba,PR,8,Tablet Pro,Tablets,5,2800.0,14000.0,2026-01-09,completed
1020,178,Customer 178,Curitiba,PR,3,Monitor 27,Monitors,4,1200.0,4800.0,2026-01-31,cancelled
1021,266,Customer 266,Porto Alegre,RS,6,SSD 1TB,Storage,1,700.0,700.0,2026-01-04,cancelled
1022,108,Customer 108,Curitiba,PR,10,Laptop Stand,Accessories,1,250.0,250.0,2026-03-25,completed
1023,314,Customer 314,Brasília,DF,3,Monitor 27,Monitors,5,1200.0,6000.0,2026-03-09,completed
1024,138,Customer 138,Porto Alegre,RS,10,Laptop Stand,Accessories,3,250.0,750.0,2026-04-04,completed
1025,256,Customer 256,Curitiba,PR,4,Mouse Wireless,Accessories,4,180.0,720.0,2026-06-29,completed
1026,187,Customer 187,Curitiba,PR,5,Headset Pro,Accessories,4,450.0,1800.0,2026-02-16,completed
1027,68,Customer 68,Fortaleza,CE,4,Mouse Wireless,Accessories,1,180.0,180.0,2026-07-04,completed
1028,412,Customer 412,Belo Horizonte,MG,9,External HD 2TB,Storage,4,500.0,2000.0,2026-08-08,completed
1029,101,Customer 101,Niterói,RJ,3,Monitor 27,Monitors,4,1200.0,4800.0,2026-07-26,completed
1030,91,Customer 91,Curitiba,PR,8,Tablet Pro,Tablets,2,2800.0,5600.0,2026-08-17,cancelled
1031,265,Customer 265,Recife,PE,6,SSD 1TB,Storage,4,700.0,2800.0,2026-03-18,completed
1032,288,Customer 288,Fortaleza,CE,1,Notebook Pro,Computers,4,4500.0,18000.0,2026-01-26,cancelled
1033,84,Customer 84,São Paulo,SP,4,Mouse Wireless,Accessories,3,180.0,540.0,2026-05-02,cancelled
1034,50,Customer 50,Porto Alegre,RS,6,SSD 1TB,Storage,3,700.0,2100.0,2026-04-03,completed
1035,287,Customer 287,Recife,PE,5,Headset Pro,Accessories,3,450.0,1350.0,2026-01-06,completed
1036,63,Customer 63,Salvador,BA,10,Laptop Stand,Accessories,2,250.0,500.0,2026-05-28,completed
1037,333,Customer 333,Recife,PE,3,Monitor 27,Monitors,3,1200.0,3600.0,2026-04-01,completed
1038,345,Customer 345,Recife,PE,8,Tablet Pro,Tablets,4,2800.0,11200.0,2026-08-16,completed
1039,196,Customer 196,Fortaleza,CE,5,Headset Pro,Accessories,4,450.0,1800.0,2026-06-11,completed
1040,445,Customer 445,Niterói,RJ,6,SSD 1TB,Storage,4,700.0,2800.0,2026-06-11,completed
1041,293,Customer 293,Curitiba,PR,2,Keyboard Mechanical,Accessories,1,350.0,350.0,2026-02-11,completed
1042,117,Customer 117,Salvador,BA,6,SSD 1TB,Storage,3,700.0,2100.0,2026-07-01,completed
1043,310,Customer 310,Curitiba,PR,5,Headset Pro,Accessories,4,450.0,1800.0,2026-07-19,completed
1044,383,Customer 383,Fortaleza,CE,9,External HD 2TB,Storage,4,500.0,2000.0,2026-04-16,completed
1045,95,Customer 95,São Paulo,SP,3,Monitor 27,Monitors,2,1200.0,2400.0,2026-06-19,completed
1046,482,Customer 482,Rio de Janeiro,RJ,4,Mouse Wireless,Accessories,2,180.0,360.0,2026-04-12,completed
1047,49,Customer 49,Rio de Janeiro,RJ,8,Tablet Pro,Tablets,5,2800.0,14000.0,2026-01-14,completed
1048,395,Customer 395,Curitiba,PR,9,External HD 2TB,Storage,1,500.0,500.0,2026-01-27,completed
1049,317,Customer 317,Niterói,RJ,2,Keyboard Mechanical,Accessories,4,350.0,1400.0,2026-03-21,completed
1050,127,Customer 127,Brasília,DF,8,Tablet Pro,Tablets,2,2800.0,5600.0,2026-02-03,completed
1051,430,Customer 430,Niterói,RJ,1,Notebook Pro,Computers,1,4500.0,4500.0,2026-06-19,completed
1052,441,Customer 441,Salvador,BA,8,Tablet Pro,Tablets,4,2800.0,11200.0,2026-08-11,completed
1053,479,Customer 479,Brasília,DF,9,External HD 2TB,Storage,4,500.0,2000.0,2026-02-04,cancelled
1054,277,Customer 277,Niterói,RJ,10,Laptop Stand,Accessories,5,250.0,1250.0,2026-04-27,cancelled
1055,384,Customer 384,Fortaleza,CE,7,Webcam Full HD,Accessories,5,300.0,1500.0,2026-06-13,cancelled
1056,274,Customer 274,Brasília,DF,6,SSD 1TB,Storage,4,700.0,2800.0,2026-05-19,completed
1057,413,Customer 413,Rio de Janeiro,RJ,8,Tablet Pro,Tablets,3,2800.0,8400.0,2026-04-04,completed
1058,134,Customer 134,Niterói,RJ,5,Headset Pro,Accessories,1,450.0,450.0,2026-01-01,completed
1059,418,Customer 418,Niterói,RJ,6,SSD 1TB,Storage,3,700.0,2100.0,2026-05-01,completed
1060,5,Customer 5,Porto Alegre,RS,8,Tablet Pro,Tablets,3,2800.0,8400.0,2026-01-03,completed
1061,409,Customer 409,Brasília,DF,10,Laptop Stand,Accessories,2,250.0,500.0,2026-07-23,completed
1062,281,Customer 281,Salvador,BA,4,Mouse Wireless,Accessories,4,180.0,720.0,2026-08-14,completed
1063,224,Customer 224,Curitiba,PR,4,Mouse Wireless,Accessories,2,180.0,360.0,2026-07-03,cancelled
1064,331,Customer 331,Curitiba,PR,7,Webcam Full HD,Accessories,2,300.0,600.0,2026-03-09,completed
1065,217,Customer 217,Belo Horizonte,MG,9,External HD 2TB,Storage,5,500.0,2500.0,2026-07-26,cancelled
1066,351,Customer 351,Brasília,DF,5,Headset Pro,Accessories,5,450.0,2250.0,2026-07-27,completed
1067,212,Customer 212,Belo Horizonte,MG,2,Keyboard Mechanical,Accessories,2,350.0,700.0,2026-02-04,completed
1068,57,Customer 57,Porto Alegre,RS,10,Laptop Stand,Accessories,4,250.0,1000.0,2026-03-11,cancelled
1069,319,Customer 319,Porto Alegre,RS,4,Mouse Wireless,Accessories,3,180.0,540.0,2026-01-05,completed
1070,26,Customer 26,Recife,PE,1,Notebook Pro,Computers,2,4500.0,9000.0,2026-01-27,completed
1071,138,Customer 138,Niterói,RJ,8,Tablet Pro,Tablets,1,2800.0,2800.0,2026-03-01,completed
1072,78,Customer 78,São Paulo,SP,8,Tablet Pro,Tablets,2,2800.0,5600.0,2026-03-29,completed
1073,160,Customer 160,Porto Alegre,RS,6,SSD 1TB,Storage,4,700.0,2800.0,2026-06-28,completed
1074,170,Customer 170,Rio de Janeiro,RJ,3,Monitor 27,Monitors,1,1200.0,1200.0,2026-03-10,completed
1075,37,Customer 37,Recife,PE,8,Tablet Pro,Tablets,2,2800.0,5600.0,2026-02-19,completed
1076,419,Customer 419,Curitiba,PR,1,Notebook Pro,Computers,1,4500.0,4500.0,2026-07-16,cancelled
1077,128,Customer 128,Curitiba,PR,8,Tablet Pro,Tablets,2,2800.0,5600.0,2026-07-08,completed
1078,102,Customer 102,Porto Alegre,RS,2,Keyboard Mechanical,Accessories,5,350.0,1750.0,2026-06-20,completed
1079,243,Customer 243,Curitiba,PR,5,Headset Pro,Accessories,3,450.0,1350.0,2026-02-10,cancelled
1080,373,Customer 373,São Paulo,SP,9,External HD 2TB,Storage,5,500.0,2500.0,2026-02-01,completed
1081,247,Customer 247,Brasília,DF,4,Mouse Wireless,Accessories,3,180.0,540.0,2026-08-16,completed
1082,443,Customer 443,Belo Horizonte,MG,2,Keyboard Mechanical,Accessories,2,350.0,700.0,2026-06-12,completed
1083,167,Customer 167,São Paulo,SP,3,Monitor 27,Monitors,3,1200.0,3600.0,2026-05-30,completed
1084,203,Customer 203,Belo Horizonte,MG,1,Notebook Pro,Computers,1,4500.0,4500.0,2026-05-29,cancelled
1085,244,Customer 244,Fortaleza,CE,3,Monitor 27,Monitors,3,1200.0,3600.0,2026-07-17,completed
1086,128,Customer 128,Niterói,RJ,8,Tablet Pro,Tablets,1,2800.0,2800.0,2026-06-25,completed
1087,174,Customer 174,São Paulo,SP,1,Notebook Pro,Computers,3,4500.0,13500.0,2026-06-15,completed
1088,360,Customer 360,Recife,PE,2,Keyboard Mechanical,Accessories,2,350.0,700.0,2026-05-05,completed
1089,163,Customer 163,Recife,PE,6,SSD 1TB,Storage,4,700.0,2800.0,2026-07-07,completed
1090,11,Customer 11,Curitiba,PR,6,SSD 1TB,Storage,2,700.0,1400.0,2026-03-06,completed
1091,249,Customer 249,Porto Alegre,RS,9,External HD 2TB,Storage,3,500.0,1500.0,2026-05-19,cancelled
1092,251,Customer 251,Belo Horizonte,MG,10,Laptop Stand,Accessories,2,250.0,500.0,2026-05-20,completed
1093,166,Customer 166,Porto Alegre,RS,5,Headset Pro,Accessories,5,450.0,2250.0,2026-08-23,completed
1094,83,Customer 83,Rio de Janeiro,RJ,9,External HD 2TB,Storage,2,500.0,1000.0,2026-04-26,completed
1095,420,Customer 420,Brasília,DF,9,External HD 2TB,Storage,3,500.0,1500.0,2026-04-27,completed
1096,398,Customer 398,Recife,PE,7,Webcam Full HD,Accessories,2,300.0,600.0,2026-08-15,completed
1097,318,Customer 318,Salvador,BA,10,Laptop Stand,Accessories,2,250.0,500.0,2026-03-24,cancelled
1098,33,Customer 33,Recife,PE,7,Webcam Full HD,Accessories,2,300.0,600.0,2026-05-15,cancelled
1099,255,Customer 255,Recife,PE,3,Monitor 27,Monitors,5,1200.0,6000.0,2026-03-14,completed
1100,210,Customer 210,Salvador,BA,2,Keyboard Mechanical,Accessories,1,350.0,350.0,2026-05-14,cancelled
1101,35,Customer 35,São Paulo,SP,3,Monitor 27,Monitors,2,1200.0,2400.0,2026-08-12,completed
1102,104,Customer 104,Rio de Janeiro,RJ,8,Tablet Pro,Tablets,2,2800.0,5600.0,2026-01-26,completed
1103,293,Customer 293,Curitiba,PR,8,Tablet Pro,Tablets,5,2800.0,14000.0,2026-06-09,cancelled
1104,303,Customer 303,Brasília,DF,1,Notebook Pro,Computers,3,4500.0,13500.0,2026-02-26,completed
1105,368,Customer 368,Rio de Janeiro,RJ,1,Notebook Pro,Computers,2,4500.0,9000.0,2026-06-17,completed
1106,476,Customer 476,Rio de Janeiro,RJ,8,Tablet Pro,Tablets,1,2800.0,2800.0,2026-04-03,completed
1107,381,Customer 381,Curitiba,PR,6,SSD 1TB,Storage,1,700.0,700.0,2026-07-30,completed
1108,137,Customer 137,Recife,PE,1,Notebook Pro,Computers,1,4500.0,4500.0,2026-08-02,completed
1109,40,Customer 40,Belo Horizonte,MG,9,External HD 2TB,Storage,1,500.0,500.0,2026-01-26,cancelled
1110,119,Customer 119,Recife,PE,7,Webcam Full HD,Accessories,2,300.0,600.0,2026-02-19,completed
1111,337,Customer 337,Belo Horizonte,MG,10,Laptop Stand,Accessories,2,250.0,500.0,2026-05-23,cancelled
1112,286,Customer 286,Curitiba,PR,2,Keyboard Mechanical,Accessories,5,350.0,1750.0,2026-04-02,cancelled
1113,235,Customer 235,Curitiba,PR,2,Keyboard Mechanical,Accessories,2,350.0,700.0,2026-07-22,completed
1114,282,Customer 282,Curitiba,PR,9,External HD 2TB,Storage,3,500.0,1500.0,2026-06-18,completed
1115,274,Customer 274,Fortaleza,CE,8,Tablet Pro,Tablets,3,2800.0,8400.0,2026-08-20,completed
1116,282,Customer 282,Salvador,BA,6,SSD 1TB,Storage,4,700.0,2800.0,2026-07-15,cancelled
1117,221,Customer 221,Salvador,BA,10,Laptop Stand,Accessories,2,250.0,500.0,2026-05-25,completed
1118,110,Customer 110,Curitiba,PR,9,External HD 2TB,Storage,3,500.0,1500.0,2026-04-03,completed
1119,230,Customer 230,Curitiba,PR,1,Notebook Pro,Computers,1,4500.0,4500.0,2026-03-14,completed
1120,9,Customer 9,Recife,PE,3,Monitor 27,Monitors,3,1200.0,3600.0,2026-01-02,completed
1121,114,Customer 114,Belo Horizonte,MG,6,SSD 1TB,Storage,1,700.0,700.0,2026-07-17,cancelled
1122,422,Customer 422,Brasília,DF,9,External HD 2TB,Storage,5,500.0,2500.0,2026-05-23,completed
1123,475,Customer 475,Fortaleza,CE,3,Monitor 27,Monitors,1,1200.0,1200.0,2026-01-10,completed
1124,183,Customer 183,Niterói,RJ,3,Monitor 27,Monitors,3,1200.0,3600.0,2026-04-04,completed
1125,128,Customer 128,Belo Horizonte,MG,5,Headset Pro,Accessories,3,450.0,1350.0,2026-01-24,completed
1126,205,Customer 205,Fortaleza,CE,4,Mouse Wireless,Accessories,1,180.0,180.0,2026-07-05,completed
1127,406,Customer 406,Porto Alegre,RS,3,Monitor 27,Monitors,4,1200.0,4800.0,2026-07-31,cancelled
1128,360,Customer 360,Fortaleza,CE,2,Keyboard Mechanical,Accessories,5,350.0,1750.0,2026-06-14,completed
1129,20,Customer 20,Fortaleza,CE,7,Webcam Full HD,Accessories,1,300.0,300.0,2026-07-19,completed
1130,472,Customer 472,Salvador,BA,6,SSD 1TB,Storage,4,700.0,2800.0,2026-04-17,completed
1131,446,Customer 446,Belo Horizonte,MG,10,Laptop Stand,Accessories,1,250.0,250.0,2026-06-12,cancelled
1132,196,Customer 196,São Paulo,SP,5,Headset Pro,Accessories,5,450.0,2250.0,2026-01-11,completed
1133,277,Customer 277,Fortaleza,CE,3,Monitor 27,Monitors,3,1200.0,3600.0,2026-05-09,cancelled
1134,114,Customer 114,Niterói,RJ,1,Notebook Pro,Computers,4,4500.0,18000.0,2026-04-25,completed
1135,295,Customer 295,Recife,PE,2,Keyboard Mechanical,Accessories,2,350.0,700.0,2026-04-21,completed
1136,403,Customer 403,Curitiba,PR,3,Monitor 27,Monitors,2,1200.0,2400.0,2026-03-28,completed
1137,244,Customer 244,Fortaleza,CE,1,Notebook Pro,Computers,5,4500.0,22500.0,2026-04-13,completed
1138,44,Customer 44,Curitiba,PR,9,External HD 2TB,Storage,4,500.0,2000.0,2026-07-18,cancelled
1139,67,Customer 67,Niterói,RJ,8,Tablet Pro,Tablets,5,2800.0,14000.0,2026-02-20,completed
1140,203,Customer 203,Fortaleza,CE,4,Mouse Wireless,Accessories,5,180.0,900.0,2026-06-07,cancelled
1141,269,Customer 269,Belo Horizonte,MG,4,Mouse Wireless,Accessories,1,180.0,180.0,2026-03-10,completed
1142,166,Customer 166,Fortaleza,CE,2,Keyboard Mechanical,Accessories,1,350.0,350.0,2026-06-21,completed
1143,217,Customer 217,Salvador,BA,6,SSD 1TB,Storage,2,700.0,1400.0,2026-03-24,completed
1144,305,Customer 305,São Paulo,SP,5,Headset Pro,Accessories,2,450.0,900.0,2026-03-31,completed
1145,421,Customer 421,Porto Alegre,RS,10,Laptop Stand,Accessories,2,250.0,500.0,2026-04-23,completed
1146,474,Customer 474,Belo Horizonte,MG,4,Mouse Wireless,Accessories,3,180.0,540.0,2026-02-09,cancelled
1147,437,Customer 437,Rio de Janeiro,RJ,2,Keyboard Mechanical,Accessories,1,350.0,350.0,2026-03-04,completed
1148,475,Customer 475,Niterói,RJ,5,Headset Pro,Accessories,1,450.0,450.0,2026-03-29,cancelled
1149,412,Customer 412,Rio de Janeiro,RJ,5,Headset Pro,Accessories,4,450.0,1800.0,2026-05-01,completed
1150,170,Customer 170,Belo Horizonte,MG,9,External HD 2TB,Storage,2,500.0,1000.0,2026-02-22,completed
1151,268,Customer 268,Brasília,DF,9,External HD 2TB,Storage,4,500.0,2000.0,2026-06-09,cancelled
1152,73,Customer 73,São Paulo,SP,7,Webcam Full HD,Accessories,5,300.0,1500.0,2026-08-20,cancelled
1153,270,Customer 270,São Paulo,SP,5,Headset Pro,Accessories,2,450.0,900.0,2026-01-16,completed
1154,103,Customer 103,Fortaleza,CE,5,Headset Pro,Accessories,1,450.0,450.0,2026-04-30,cancelled
1155,484,Customer 484,São Paulo,SP,2,Keyboard Mechanical,Accessories,4,350.0,1400.0,2026-06-19,completed
1156,340,Customer 340,Salvador,BA,2,Keyboard Mechanical,Accessories,1,350.0,350.0,2026-03-16,cancelled
1157,198,Customer 198,Belo Horizonte,MG,7,Webcam Full HD,Accessories,5,300.0,1500.0,2026-07-01,completed
1158,463,Customer 463,Salvador,BA,8,Tablet Pro,Tablets,5,2800.0,14000.0,2026-05-17,completed
1159,96,Customer 96,Belo Horizonte,MG,9,External HD 2TB,Storage,4,500.0,2000.0,2026-05-24,cancelled
1160,12,Customer 12,São Paulo,SP,4,Mouse Wireless,Accessories,5,180.0,900.0,2026-03-20,completed
1161,251,Customer 251,Curitiba,PR,3,Monitor 27,Monitors,1,1200.0,1200.0,2026-03-30,cancelled
1162,181,Customer 181,Salvador,BA,5,Headset Pro,Accessories,2,450.0,900.0,2026-05-09,completed
1163,416,Customer 416,São Paulo,SP,5,Headset Pro,Accessories,4,450.0,1800.0,2026-08-16,completed
1164,484,Customer 484,Recife,PE,5,Headset Pro,Accessories,2,450.0,900.0,2026-02-08,completed
1165,460,Customer 460,Curitiba,PR,3,Monitor 27,Monitors,1,1200.0,1200.0,2026-07-06,completed
1166,267,Customer 267,Fortaleza,CE,4,Mouse Wireless,Accessories,4,180.0,720.0,2026-03-03,completed
1167,79,Customer 79,Curitiba,PR,5,Headset Pro,Accessories,5,450.0,2250.0,2026-03-26,completed
1168,278,Customer 278,Niterói,RJ,4,Mouse Wireless,Accessories,2,180.0,360.0,2026-05-29,completed
1169,351,Customer 351,Belo Horizonte,MG,3,Monitor 27,Monitors,3,1200.0,3600.0,2026-06-26,cancelled
1170,461,Customer 461,Recife,PE,3,Monitor 27,Monitors,4,1200.0,4800.0,2026-08-21,completed
1171,336,Customer 336,Fortaleza,CE,3,Monitor 27,Monitors,3,1200.0,3600.0,2026-01-18,completed
1172,273,Customer 273,Rio de Janeiro,RJ,3,Monitor 27,Monitors,3,1200.0,3600.0,2026-08-03,completed
1173,373,Customer 373,São Paulo,SP,6,SSD 1TB,Storage,4,700.0,2800.0,2026-04-16,completed
1174,227,Customer 227,Brasília,DF,3,Monitor 27,Monitors,2,1200.0,2400.0,2026-01-28,completed
1175,95,Customer 95,São Paulo,SP,10,Laptop Stand,Accessories,5,250.0,1250.0,2026-03-10,completed
1176,291,Customer 291,Fortaleza,CE,4,Mouse Wireless,Accessories,5,180.0,900.0,2026-03-01,completed
1177,352,Customer 352,São Paulo,SP,6,SSD 1TB,Storage,1,700.0,700.0,2026-06-26,completed
1178,69,Customer 69,Recife,PE,10,Laptop Stand,Accessories,4,250.0,1000.0,2026-07-02,cancelled
1179,192,Customer 192,Niterói,RJ,7,Webcam Full HD,Accessories,4,300.0,1200.0,2026-05-02,completed
1180,84,Customer 84,Belo Horizonte,MG,4,Mouse Wireless,Accessories,1,180.0,180.0,2026-04-15,completed
1181,474,Customer 474,Brasília,DF,7,Webcam Full HD,Accessories,2,300.0,600.0,2026-07-10,cancelled
1182,104,Customer 104,Belo Horizonte,MG,2,Keyboard Mechanical,Accessories,2,350.0,700.0,2026-08-26,completed
1183,444,Customer 444,Fortaleza,CE,8,Tablet Pro,Tablets,3,2800.0,8400.0,2026-08-10,completed
1184,455,Customer 455,Belo Horizonte,MG,7,Webcam Full HD,Accessories,4,300.0,1200.0,2026-07-18,completed
1185,312,Customer 312,Curitiba,PR,6,SSD 1TB,Storage,4,700.0,2800.0,2026-06-06,cancelled
1186,293,Customer 293,Fortaleza,CE,9,External HD 2TB,Storage,5,500.0,2500.0,2026-06-14,cancelled
1187,403,Customer 403,São Paulo,SP,9,External HD 2TB,Storage,1,500.0,500.0,2026-04-26,completed
1188,424,Customer 424,São Paulo,SP,4,Mouse Wireless,Accessories,5,180.0,900.0,2026-05-18,completed
1189,377,Customer 377,São Paulo,SP,9,External HD 2TB,Storage,4,500.0,2000.0,2026-05-13,cancelled
1190,493,Customer 493,São Paulo,SP,4,Mouse Wireless,Accessories,3,180.0,540.0,2026-04-23,completed
1191,453,Customer 453,Brasília,DF,5,Headset Pro,Accessories,4,450.0,1800.0,2026-02-12,completed
1192,151,Customer 151,Fortaleza,CE,1,Notebook Pro,Computers,5,4500.0,22500.0,2026-08-20,completed
1193,238,Customer 238,Porto Alegre,RS,2,Keyboard Mechanical,Accessories,5,350.0,1750.0,2026-01-29,completed
1194,399,Customer 399,Fortaleza,CE,9,External HD 2TB,Storage,2,500.0,1000.0,2026-04-11,completed
1195,166,Customer 166,Porto Alegre,RS,1,Notebook Pro,Computers,2,4500.0,9000.0,2026-04-27,completed
1196,460,Customer 460,Belo Horizonte,MG,8,Tablet Pro,Tablets,1,2800.0,2800.0,2026-03-06,completed
1197,355,Customer 355,Niterói,RJ,2,Keyboard Mechanical,Accessories,1,350.0,350.0,2026-01-30,cancelled
1198,231,Customer 231,Salvador,BA,2,Keyboard Mechanical,Accessories,5,350.0,1750.0,2026-07-01,completed
1199,373,Customer 373,Recife,PE,10,Laptop Stand,Accessories,2,250.0,500.0,2026-04-07,completed
1200,195,Customer 195,São Paulo,SP,3,Monitor 27,Monitors,3,1200.0,3600.0,2026-05-25,cancelled
1201,442,Customer 442,Niterói,RJ,3,Monitor 27,Monitors,2,1200.0,2400.0,2026-02-15,cancelled
1202,27,Customer 27,Curitiba,PR,5,Headset Pro,Accessories,3,450.0,1350.0,2026-07-06,completed
1203,148,Customer 148,Niterói,RJ,2,Keyboard Mechanical,Accessories,2,350.0,700.0,2026-02-21,completed
1204,319,Customer 319,Brasília,DF,1,Notebook Pro,Computers,4,4500.0,18000.0,2026-05-08,completed
1205,279,Customer 279,São Paulo,SP,10,Laptop Stand,Accessories,4,250.0,1000.0,2026-03-02,completed
1206,302,Customer 302,Porto Alegre,RS,8,Tablet Pro,Tablets,4,2800.0,11200.0,2026-04-24,completed
1207,308,Customer 308,Fortaleza,CE,1,Notebook Pro,Computers,2,4500.0,9000.0,2026-08-14,completed
1208,143,Customer 143,Fortaleza,CE,9,External HD 2TB,Storage,2,500.0,1000.0,2026-01-13,completed
1209,76,Customer 76,São Paulo,SP,6,SSD 1TB,Storage,1,700.0,700.0,2026-02-07,completed
1210,342,Customer 342,Fortaleza,CE,10,Laptop Stand,Accessories,3,250.0,750.0,2026-03-26,completed
1211,26,Customer 26,Rio de Janeiro,RJ,7,Webcam Full HD,Accessories,2,300.0,600.0,2026-02-11,cancelled
1212,146,Customer 146,Fortaleza,CE,10,Laptop Stand,Accessories,5,250.0,1250.0,2026-07-21,completed
1213,91,Customer 91,Porto Alegre,RS,10,Laptop Stand,Accessories,3,250.0,750.0,2026-08-27,completed
1214,48,Customer 48,Brasília,DF,6,SSD 1TB,Storage,3,700.0,2100.0,2026-08-18,completed
1215,420,Customer 420,Rio de Janeiro,RJ,7,Webcam Full HD,Accessories,5,300.0,1500.0,2026-01-17,completed
1216,242,Customer 242,Niterói,RJ,2,Keyboard Mechanical,Accessories,3,350.0,1050.0,2026-03-26,completed
1217,212,Customer 212,Recife,PE,4,Mouse Wireless,Accessories,2,180.0,360.0,2026-06-06,completed
1218,56,Customer 56,Fortaleza,CE,9,External HD 2TB,Storage,1,500.0,500.0,2026-05-04,cancelled
1219,353,Customer 353,Fortaleza,CE,5,Headset Pro,Accessories,4,450.0,1800.0,2026-06-05,completed
1220,133,Customer 133,Recife,PE,10,Laptop Stand,Accessories,5,250.0,1250.0,2026-04-01,completed
1221,315,Customer 315,Fortaleza,CE,8,Tablet Pro,Tablets,5,2800.0,14000.0,2026-07-06,cancelled
1222,255,Customer 255,Porto Alegre,RS,3,Monitor 27,Monitors,5,1200.0,6000.0,2026-03-01,cancelled
1223,149,Customer 149,Belo Horizonte,MG,1,Notebook Pro,Computers,1,4500.0,4500.0,2026-01-07,completed
1224,321,Customer 321,Rio de Janeiro,RJ,4,Mouse Wireless,Accessories,5,180.0,900.0,2026-04-17,completed
1225,24,Customer 24,Salvador,BA,6,SSD 1TB,Storage,5,700.0,3500.0,2026-07-26,cancelled
1226,109,Customer 109,São Paulo,SP,4,Mouse Wireless,Accessories,3,180.0,540.0,2026-03-07,completed
1227,158,Customer 158,Brasília,DF,9,External HD 2TB,Storage,5,500.0,2500.0,2026-03-24,completed
1228,59,Customer 59,Salvador,BA,6,SSD 1TB,Storage,4,700.0,2800.0,2026-07-05,completed
1229,316,Customer 316,São Paulo,SP,3,Monitor 27,Monitors,2,1200.0,2400.0,2026-03-26,completed
1230,473,Customer 473,Porto Alegre,RS,8,Tablet Pro,Tablets,1,2800.0,2800.0,2026-06-15,completed
1231,247,Customer 247,Niterói,RJ,8,Tablet Pro,Tablets,5,2800.0,14000.0,2026-08-18,completed
1232,237,Customer 237,Curitiba,PR,1,Notebook Pro,Computers,5,4500.0,22500.0,2026-03-18,completed
1233,372,Customer 372,Salvador,BA,9,External HD 2TB,Storage,5,500.0,2500.0,2026-01-05,completed
1234,296,Customer 296,Salvador,BA,6,SSD 1TB,Storage,1,700.0,700.0,2026-02-08,completed
1235,431,Customer 431,São Paulo,SP,6,SSD 1TB,Storage,4,700.0,2800.0,2026-06-10,completed
1236,432,Customer 432,Niterói,RJ,10,Laptop Stand,Accessories,5,250.0,1250.0,2026-04-10,completed
1237,305,Customer 305,Rio de Janeiro,RJ,5,Headset Pro,Accessories,3,450.0,1350.0,2026-07-01,completed
1238,140,Customer 140,Curitiba,PR,2,Keyboard Mechanical,Accessories,4,350.0,1400.0,2026-08-13,completed
1239,191,Customer 191,Porto Alegre,RS,5,Headset Pro,Accessories,2,450.0,900.0,2026-05-15,completed
1240,90,Customer 90,Rio de Janeiro,RJ,6,SSD 1TB,Storage,1,700.0,700.0,2026-07-19,completed
1241,468,Customer 468,Rio de Janeiro,RJ,8,Tablet Pro,Tablets,5,2800.0,14000.0,2026-01-07,completed
1242,464,Customer 464,Recife,PE,3,Monitor 27,Monitors,2,1200.0,2400.0,2026-03-29,completed
1243,376,Customer 376,Recife,PE,5,Headset Pro,Accessories,3,450.0,1350.0,2026-02-06,completed
1244,421,Customer 421,Recife,PE,3,Monitor 27,Monitors,2,1200.0,2400.0,2026-07-05,completed
1245,236,Customer 236,Curitiba,PR,9,External HD 2TB,Storage,1,500.0,500.0,2026-01-02,completed
1246,478,Customer 478,São Paulo,SP,10,Laptop Stand,Accessories,1,250.0,250.0,2026-03-27,completed
1247,456,Customer 456,São Paulo,SP,2,Keyboard Mechanical,Accessories,5,350.0,1750.0,2026-07-16,cancelled
1248,382,Customer 382,Brasília,DF,1,Notebook Pro,Computers,5,4500.0,22500.0,2026-07-14,completed
1249,328,Customer 328,Belo Horizonte,MG,6,SSD 1TB,Storage,2,700.0,1400.0,2026-02-19,completed
1250,142,Customer 142,Recife,PE,6,SSD 1TB,Storage,4,700.0,2800.0,2026-06-21,completed
1251,140,Customer 140,Niterói,RJ,3,Monitor 27,Monitors,3,1200.0,3600.0,2026-01-30,completed
1252,491,Customer 491,Fortaleza,CE,9,External HD 2TB,Storage,5,500.0,2500.0,2026-01-27,completed
1253,278,Customer 278,Salvador,BA,9,External HD 2TB,Storage,3,500.0,1500.0,2026-03-11,completed
1254,483,Customer 483,Brasília,DF,10,Laptop Stand,Accessories,2,250.0,500.0,2026-02-13,completed
1255,160,Customer 160,Fortaleza,CE,6,SSD 1TB,Storage,5,700.0,3500.0,2026-04-24,completed
1256,67,Customer 67,São Paulo,SP,8,Tablet Pro,Tablets,1,2800.0,2800.0,2026-01-28,completed
1257,28,Customer 28,Rio de Janeiro,RJ,7,Webcam Full HD,Accessories,4,300.0,1200.0,2026-02-15,cancelled
1258,306,Customer 306,Fortaleza,CE,8,Tablet Pro,Tablets,5,2800.0,14000.0,2026-04-02,completed
1259,171,Customer 171,Belo Horizonte,MG,9,External HD 2TB,Storage,1,500.0,500.0,2026-08-25,completed
1260,291,Customer 291,Niterói,RJ,2,Keyboard Mechanical,Accessories,4,350.0,1400.0,2026-01-25,completed
1261,159,Customer 159,Porto Alegre,RS,8,Tablet Pro,Tablets,2,2800.0,5600.0,2026-02-27,completed
1262,441,Customer 441,Fortaleza,CE,5,Headset Pro,Accessories,3,450.0,1350.0,2026-04-11,completed
1263,359,Customer 359,Salvador,BA,6,SSD 1TB,Storage,4,700.0,2800.0,2026-05-05,completed
1264,34,Customer 34,Porto Alegre,RS,2,Keyboard Mechanical,Accessories,3,350.0,1050.0,2026-05-03,completed
1265,434,Customer 434,Niterói,RJ,5,Headset Pro,Accessories,3,450.0,1350.0,2026-06-04,completed
1266,66,Customer 66,Recife,PE,2,Keyboard Mechanical,Accessories,4,350.0,1400.0,2026-07-29,cancelled
1267,408,Customer 408,Rio de Janeiro,RJ,6,SSD 1TB,Storage,5,700.0,3500.0,2026-06-16,completed
1268,406,Customer 406,Brasília,DF,9,External HD 2TB,Storage,4,500.0,2000.0,2026-04-13,completed
1269,212,Customer 212,Belo Horizonte,MG,10,Laptop Stand,Accessories,2,250.0,500.0,2026-05-21,completed
1270,499,Customer 499,Porto Alegre,RS,7,Webcam Full HD,Accessories,1,300.0,300.0,2026-03-29,completed
1271,417,Customer 417,Fortaleza,CE,7,Webcam Full HD,Accessories,4,300.0,1200.0,2026-05-26,completed
1272,279,Customer 279,Belo Horizonte,MG,3,Monitor 27,Monitors,1,1200.0,1200.0,2026-07-09,cancelled
1273,294,Customer 294,Porto Alegre,RS,2,Keyboard Mechanical,Accessories,5,350.0,1750.0,2026-06-02,completed
1274,167,Customer 167,Recife,PE,2,Keyboard Mechanical,Accessories,4,350.0,1400.0,2026-02-15,completed
1275,490,Customer 490,Curitiba,PR,2,Keyboard Mechanical,Accessories,5,350.0,1750.0,2026-01-28,cancelled
1276,417,Customer 417,Fortaleza,CE,7,Webcam Full HD,Accessories,3,300.0,900.0,2026-05-07,cancelled
1277,339,Customer 339,São Paulo,SP,2,Keyboard Mechanical,Accessories,2,350.0,700.0,2026-07-29,completed
1278,455,Customer 455,Fortaleza,CE,1,Notebook Pro,Computers,2,4500.0,9000.0,2026-06-19,completed
1279,232,Customer 232,Recife,PE,5,Headset Pro,Accessories,4,450.0,1800.0,2026-06-07,completed
1280,229,Customer 229,Belo Horizonte,MG,4,Mouse Wireless,Accessories,3,180.0,540.0,2026-03-18,completed
1281,407,Customer 407,Brasília,DF,7,Webcam Full HD,Accessories,3,300.0,900.0,2026-01-23,completed
1282,5,Customer 5,Fortaleza,CE,9,External HD 2TB,Storage,4,500.0,2000.0,2026-08-05,completed
1283,437,Customer 437,Brasília,DF,1,Notebook Pro,Computers,3,4500.0,13500.0,2026-08-19,completed
1284,496,Customer 496,São Paulo,SP,1,Notebook Pro,Computers,5,4500.0,22500.0,2026-07-30,completed
1285,57,Customer 57,Brasília,DF,1,Notebook Pro,Computers,2,4500.0,9000.0,2026-04-21,cancelled
1286,303,Customer 303,Curitiba,PR,6,SSD 1TB,Storage,4,700.0,2800.0,2026-04-14,completed
1287,223,Customer 223,Recife,PE,4,Mouse Wireless,Accessories,2,180.0,360.0,2026-05-02,completed
1288,97,Customer 97,Recife,PE,7,Webcam Full HD,Accessories,3,300.0,900.0,2026-08-04,completed
1289,79,Customer 79,Brasília,DF,3,Monitor 27,Monitors,2,1200.0,2400.0,2026-01-03,completed
1290,332,Customer 332,São Paulo,SP,3,Monitor 27,Monitors,4,1200.0,4800.0,2026-06-18,completed
1291,500,Customer 500,Niterói,RJ,2,Keyboard Mechanical,Accessories,2,350.0,700.0,2026-06-14,completed
1292,441,Customer 441,Porto Alegre,RS,10,Laptop Stand,Accessories,4,250.0,1000.0,2026-06-09,completed
1293,233,Customer 233,Recife,PE,7,Webcam Full HD,Accessories,5,300.0,1500.0,2026-07-29,completed
1294,197,Customer 197,Salvador,BA,4,Mouse Wireless,Accessories,2,180.0,360.0,2026-04-19,completed
1295,4,Customer 4,Fortaleza,CE,8,Tablet Pro,Tablets,2,2800.0,5600.0,2026-07-02,completed
1296,138,Customer 138,Curitiba,PR,9,External HD 2TB,Storage,5,500.0,2500.0,2026-04-04,completed
1297,20,Customer 20,Fortaleza,CE,8,Tablet Pro,Tablets,3,2800.0,8400.0,2026-01-29,completed
1298,247,Customer 247,Rio de Janeiro,RJ,3,Monitor 27,Monitors,5,1200.0,6000.0,2026-08-08,completed
1299,239,Customer 239,Recife,PE,2,Keyboard Mechanical,Accessories,5,350.0,1750.0,2026-08-16,completed
1300,46,Customer 46,Belo Horizonte,MG,8,Tablet Pro,Tablets,1,2800.0,2800.0,2026-06-25,cancelled
1301,277,Customer 277,Fortaleza,CE,5,Headset Pro,Accessories,5,450.0,2250.0,2026-01-14,completed
1302,274,Customer 274,São Paulo,SP,8,Tablet Pro,Tablets,4,2800.0,11200.0,2026-05-12,completed
1303,294,Customer 294,Salvador,BA,7,Webcam Full HD,Accessories,3,300.0,900.0,2026-07-24,completed
1304,149,Customer 149,Niterói,RJ,1,Notebook Pro,Computers,5,4500.0,22500.0,2026-07-11,completed
1305,373,Customer 373,Fortaleza,CE,5,Headset Pro,Accessories,1,450.0,450.0,2026-06-11,completed
1306,297,Customer 297,Niterói,RJ,10,Laptop Stand,Accessories,1,250.0,250.0,2026-06-18,completed
1307,415,Customer 415,Fortaleza,CE,1,Notebook Pro,Computers,3,4500.0,13500.0,2026-05-05,completed
1308,65,Customer 65,Recife,PE,2,Keyboard Mechanical,Accessories,3,350.0,1050.0,2026-03-06,completed
1309,316,Customer 316,Brasília,DF,5,Headset Pro,Accessories,3,450.0,1350.0,2026-01-04,cancelled
1310,58,Customer 58,Fortaleza,CE,3,Monitor 27,Monitors,5,1200.0,6000.0,2026-07-09,completed
1311,338,Customer 338,Porto Alegre,RS,6,SSD 1TB,Storage,2,700.0,1400.0,2026-03-08,cancelled
1312,121,Customer 121,Porto Alegre,RS,3,Monitor 27,Monitors,5,1200.0,6000.0,2026-08-09,completed
1313,176,Customer 176,Rio de Janeiro,RJ,3,Monitor 27,Monitors,5,1200.0,6000.0,2026-08-28,completed
1314,429,Customer 429,Porto Alegre,RS,7,Webcam Full HD,Accessories,4,300.0,1200.0,2026-03-02,cancelled
1315,226,Customer 226,Niterói,RJ,4,Mouse Wireless,Accessories,5,180.0,900.0,2026-07-07,completed
1316,28,Customer 28,Brasília,DF,2,Keyboard Mechanical,Accessories,1,350.0,350.0,2026-02-12,completed
1317,205,Customer 205,Porto Alegre,RS,5,Headset Pro,Accessories,4,450.0,1800.0,2026-07-11,completed
1318,120,Customer 120,Curitiba,PR,7,Webcam Full HD,Accessories,4,300.0,1200.0,2026-03-09,completed
1319,272,Customer 272,Curitiba,PR,1,Notebook Pro,Computers,3,4500.0,13500.0,2026-08-26,completed
1320,196,Customer 196,Salvador,BA,9,External HD 2TB,Storage,1,500.0,500.0,2026-01-25,completed
1321,327,Customer 327,Salvador,BA,7,Webcam Full HD,Accessories,5,300.0,1500.0,2026-08-24,cancelled
1322,440,Customer 440,Brasília,DF,6,SSD 1TB,Storage,3,700.0,2100.0,2026-03-10,completed
1323,131,Customer 131,Fortaleza,CE,7,Webcam Full HD,Accessories,4,300.0,1200.0,2026-07-17,cancelled
1324,384,Customer 384,Belo Horizonte,MG,10,Laptop Stand,Accessories,2,250.0,500.0,2026-05-14,completed
1325,347,Customer 347,Niterói,RJ,6,SSD 1TB,Storage,5,700.0,3500.0,2026-01-03,cancelled
1326,5,Customer 5,Rio de Janeiro,RJ,1,Notebook Pro,Computers,4,4500.0,18000.0,2026-01-26,completed
1327,54,Customer 54,Porto Alegre,RS,6,SSD 1TB,Storage,2,700.0,1400.0,2026-07-05,completed
1328,129,Customer 129,Belo Horizonte,MG,1,Notebook Pro,Computers,1,4500.0,4500.0,2026-06-08,completed
1329,30,Customer 30,Fortaleza,CE,4,Mouse Wireless,Accessories,5,180.0,900.0,2026-06-13,completed
1330,363,Customer 363,Rio de Janeiro,RJ,2,Keyboard Mechanical,Accessories,5,350.0,1750.0,2026-02-03,completed
1331,337,Customer 337,Fortaleza,CE,3,Monitor 27,Monitors,1,1200.0,1200.0,2026-06-28,completed
1332,130,Customer 130,Brasília,DF,8,Tablet Pro,Tablets,1,2800.0,2800.0,2026-06-13,completed
1333,473,Customer 473,Brasília,DF,7,Webcam Full HD,Accessories,3,300.0,900.0,2026-03-07,completed
1334,400,Customer 400,Rio de Janeiro,RJ,5,Headset Pro,Accessories,1,450.0,450.0,2026-04-08,completed
1335,171,Customer 171,São Paulo,SP,5,Headset Pro,Accessories,3,450.0,1350.0,2026-02-15,completed
1336,36,Customer 36,Porto Alegre,RS,4,Mouse Wireless,Accessories,5,180.0,900.0,2026-04-11,completed
1337,331,Customer 331,Porto Alegre,RS,2,Keyboard Mechanical,Accessories,2,350.0,700.0,2026-05-19,completed
1338,112,Customer 112,Fortaleza,CE,2,Keyboard Mechanical,Accessories,4,350.0,1400.0,2026-07-03,completed
1339,53,Customer 53,São Paulo,SP,2,Keyboard Mechanical,Accessories,1,350.0,350.0,2026-05-27,cancelled
1340,129,Customer 129,Porto Alegre,RS,1,Notebook Pro,Computers,4,4500.0,18000.0,2026-02-08,cancelled
1341,328,Customer 328,São Paulo,SP,1,Notebook Pro,Computers,4,4500.0,18000.0,2026-03-10,completed
1342,359,Customer 359,Salvador,BA,7,Webcam Full HD,Accessories,5,300.0,1500.0,2026-01-01,completed
1343,363,Customer 363,Porto Alegre,RS,8,Tablet Pro,Tablets,4,2800.0,11200.0,2026-04-14,cancelled
1344,400,Customer 400,Rio de Janeiro,RJ,9,External HD 2TB,Storage,2,500.0,1000.0,2026-01-01,completed
1345,489,Customer 489,Porto Alegre,RS,2,Keyboard Mechanical,Accessories,5,350.0,1750.0,2026-05-18,completed
1346,171,Customer 171,Brasília,DF,7,Webcam Full HD,Accessories,1,300.0,300.0,2026-06-11,cancelled
1347,47,Customer 47,Salvador,BA,9,External HD 2TB,Storage,3,500.0,1500.0,2026-01-21,completed
1348,390,Customer 390,Brasília,DF,4,Mouse Wireless,Accessories,2,180.0,360.0,2026-05-22,completed
1349,496,Customer 496,Curitiba,PR,4,Mouse Wireless,Accessories,3,180.0,540.0,2026-06-28,completed
1350,459,Customer 459,Rio de Janeiro,RJ,6,SSD 1TB,Storage,4,700.0,2800.0,2026-01-22,cancelled
1351,225,Customer 225,Belo Horizonte,MG,3,Monitor 27,Monitors,1,1200.0,1200.0,2026-02-19,completed
1352,369,Customer 369,Fortaleza,CE,4,Mouse Wireless,Accessories,4,180.0,720.0,2026-04-10,completed
1353,406,Customer 406,Recife,PE,5,Headset Pro,Accessories,4,450.0,1800.0,2026-05-17,completed
1354,495,Customer 495,São Paulo,SP,1,Notebook Pro,Computers,3,4500.0,13500.0,2026-01-15,completed
1355,404,Customer 404,São Paulo,SP,7,Webcam Full HD,Accessories,1,300.0,300.0,2026-02-24,cancelled
1356,342,Customer 342,Recife,PE,8,Tablet Pro,Tablets,5,2800.0,14000.0,2026-02-08,cancelled
1357,297,Customer 297,Belo Horizonte,MG,2,Keyboard Mechanical,Accessories,1,350.0,350.0,2026-07-08,completed
1358,251,Customer 251,São Paulo,SP,8,Tablet Pro,Tablets,5,2800.0,14000.0,2026-01-12,completed
1359,360,Customer 360,Niterói,RJ,1,Notebook Pro,Computers,2,4500.0,9000.0,2026-06-11,completed
1360,464,Customer 464,Brasília,DF,2,Keyboard Mechanical,Accessories,4,350.0,1400.0,2026-06-06,completed
1361,428,Customer 428,Fortaleza,CE,2,Keyboard Mechanical,Accessories,1,350.0,350.0,2026-01-30,completed
1362,305,Customer 305,Fortaleza,CE,4,Mouse Wireless,Accessories,1,180.0,180.0,2026-07-25,completed
1363,219,Customer 219,Salvador,BA,7,Webcam Full HD,Accessories,3,300.0,900.0,2026-01-31,cancelled
1364,295,Customer 295,Recife,PE,3,Monitor 27,Monitors,3,1200.0,3600.0,2026-08-03,completed
1365,392,Customer 392,São Paulo,SP,10,Laptop Stand,Accessories,2,250.0,500.0,2026-03-27,completed
1366,62,Customer 62,Brasília,DF,3,Monitor 27,Monitors,4,1200.0,4800.0,2026-02-13,cancelled
1367,190,Customer 190,Recife,PE,3,Monitor 27,Monitors,4,1200.0,4800.0,2026-03-04,completed
1368,21,Customer 21,Niterói,RJ,2,Keyboard Mechanical,Accessories,5,350.0,1750.0,2026-04-07,completed
1369,9,Customer 9,Porto Alegre,RS,2,Keyboard Mechanical,Accessories,1,350.0,350.0,2026-01-02,completed
1370,475,Customer 475,Rio de Janeiro,RJ,10,Laptop Stand,Accessories,3,250.0,750.0,2026-04-17,cancelled
1371,414,Customer 414,Porto Alegre,RS,3,Monitor 27,Monitors,2,1200.0,2400.0,2026-02-06,cancelled
1372,139,Customer 139,Recife,PE,8,Tablet Pro,Tablets,4,2800.0,11200.0,2026-03-03,completed
1373,313,Customer 313,São Paulo,SP,10,Laptop Stand,Accessories,2,250.0,500.0,2026-07-03,completed
1374,314,Customer 314,Rio de Janeiro,RJ,5,Headset Pro,Accessories,3,450.0,1350.0,2026-04-18,completed
1375,286,Customer 286,Belo Horizonte,MG,4,Mouse Wireless,Accessories,1,180.0,180.0,2026-05-16,completed
1376,317,Customer 317,Salvador,BA,9,External HD 2TB,Storage,5,500.0,2500.0,2026-02-26,completed
1377,395,Customer 395,Belo Horizonte,MG,5,Headset Pro,Accessories,1,450.0,450.0,2026-02-19,completed
1378,408,Customer 408,Niterói,RJ,8,Tablet Pro,Tablets,4,2800.0,11200.0,2026-02-15,completed
1379,344,Customer 344,São Paulo,SP,1,Notebook Pro,Computers,3,4500.0,13500.0,2026-03-14,completed
1380,223,Customer 223,Brasília,DF,6,SSD 1TB,Storage,5,700.0,3500.0,2026-07-26,completed
1381,23,Customer 23,Rio de Janeiro,RJ,1,Notebook Pro,Computers,5,4500.0,22500.0,2026-02-15,completed
1382,403,Customer 403,São Paulo,SP,8,Tablet Pro,Tablets,5,2800.0,14000.0,2026-01-30,completed
1383,459,Customer 459,Belo Horizonte,MG,8,Tablet Pro,Tablets,5,2800.0,14000.0,2026-05-29,completed
1384,215,Customer 215,Belo Horizonte,MG,6,SSD 1TB,Storage,2,700.0,1400.0,2026-07-19,completed
1385,167,Customer 167,Belo Horizonte,MG,2,Keyboard Mechanical,Accessories,2,350.0,700.0,2026-07-08,completed
1386,446,Customer 446,Belo Horizonte,MG,7,Webcam Full HD,Accessories,2,300.0,600.0,2026-01-19,completed
1387,300,Customer 300,Porto Alegre,RS,1,Notebook Pro,Computers,4,4500.0,18000.0,2026-02-07,completed
1388,476,Customer 476,Fortaleza,CE,8,Tablet Pro,Tablets,2,2800.0,5600.0,2026-04-10,completed
1389,70,Customer 70,Porto Alegre,RS,4,Mouse Wireless,Accessories,3,180.0,540.0,2026-03-11,completed
1390,172,Customer 172,Niterói,RJ,1,Notebook Pro,Computers,5,4500.0,22500.0,2026-01-16,completed
1391,70,Customer 70,Rio de Janeiro,RJ,8,Tablet Pro,Tablets,4,2800.0,11200.0,2026-04-18,completed
1392,390,Customer 390,Salvador,BA,4,Mouse Wireless,Accessories,3,180.0,540.0,2026-06-04,completed
1393,405,Customer 405,Fortaleza,CE,3,Monitor 27,Monitors,5,1200.0,6000.0,2026-05-22,completed
1394,45,Customer 45,Curitiba,PR,9,External HD 2TB,Storage,4,500.0,2000.0,2026-08-09,completed
1395,303,Customer 303,Porto Alegre,RS,8,Tablet Pro,Tablets,3,2800.0,8400.0,2026-01-04,cancelled
1396,220,Customer 220,Belo Horizonte,MG,4,Mouse Wireless,Accessories,3,180.0,540.0,2026-04-22,completed
1397,114,Customer 114,Fortaleza,CE,3,Monitor 27,Monitors,5,1200.0,6000.0,2026-08-18,completed
1398,214,Customer 214,São Paulo,SP,1,Notebook Pro,Computers,4,4500.0,18000.0,2026-07-07,completed
1399,18,Customer 18,Curitiba,PR,9,External HD 2TB,Storage,4,500.0,2000.0,2026-05-03,cancelled
1400,421,Customer 421,Rio de Janeiro,RJ,8,Tablet Pro,Tablets,4,2800.0,11200.0,2026-03-03,completed
1401,286,Customer 286,São Paulo,SP,7,Webcam Full HD,Accessories,2,300.0,600.0,2026-02-03,completed
1402,152,Customer 152,Belo Horizonte,MG,2,Keyboard Mechanical,Accessories,1,350.0,350.0,2026-05-03,cancelled
1403,157,Customer 157,Niterói,RJ,8,Tablet Pro,Tablets,5,2800.0,14000.0,2026-07-11,completed
1404,13,Customer 13,Porto Alegre,RS,8,Tablet Pro,Tablets,2,2800.0,5600.0,2026-08-12,cancelled
1405,208,Customer 208,Niterói,RJ,6,SSD 1TB,Storage,4,700.0,2800.0,2026-06-30,cancelled
1406,1,Customer 1,Rio de Janeiro,RJ,7,Webcam Full HD,Accessories,3,300.0,900.0,2026-05-16,completed
1407,152,Customer 152,Curitiba,PR,5,Headset Pro,Accessories,5,450.0,2250.0,2026-05-19,completed
1408,407,Customer 407,Belo Horizonte,MG,2,Keyboard Mechanical,Accessories,5,350.0,1750.0,2026-08-14,completed
1409,377,Customer 377,São Paulo,SP,9,External HD 2TB,Storage,3,500.0,1500.0,2026-08-16,completed
1410,57,Customer 57,Curitiba,PR,6,SSD 1TB,Storage,4,700.0,2800.0,2026-06-08,completed
1411,188,Customer 188,Salvador,BA,3,Monitor 27,Monitors,5,1200.0,6000.0,2026-06-30,completed
1412,288,Customer 288,Belo Horizonte,MG,3,Monitor 27,Monitors,3,1200.0,3600.0,2026-03-03,completed
1413,59,Customer 59,Porto Alegre,RS,10,Laptop Stand,Accessories,2,250.0,500.0,2026-07-12,cancelled
1414,390,Customer 390,Belo Horizonte,MG,6,SSD 1TB,Storage,3,700.0,2100.0,2026-08-18,completed
1415,258,Customer 258,Curitiba,PR,5,Headset Pro,Accessories,1,450.0,450.0,2026-01-17,completed
1416,177,Customer 177,Porto Alegre,RS,8,Tablet Pro,Tablets,5,2800.0,14000.0,2026-05-15,completed
1417,241,Customer 241,Recife,PE,9,External HD 2TB,Storage,3,500.0,1500.0,2026-04-26,completed
1418,189,Customer 189,Rio de Janeiro,RJ,4,Mouse Wireless,Accessories,4,180.0,720.0,2026-01-23,completed
1419,201,Customer 201,Niterói,RJ,5,Headset Pro,Accessories,1,450.0,450.0,2026-01-28,completed
1420,142,Customer 142,Rio de Janeiro,RJ,3,Monitor 27,Monitors,4,1200.0,4800.0,2026-02-08,completed
1421,267,Customer 267,São Paulo,SP,5,Headset Pro,Accessories,4,450.0,1800.0,2026-06-24,completed
1422,478,Customer 478,Niterói,RJ,8,Tablet Pro,Tablets,3,2800.0,8400.0,2026-04-18,completed
1423,378,Customer 378,São Paulo,SP,5,Headset Pro,Accessories,2,450.0,900.0,2026-01-17,completed
1424,447,Customer 447,Belo Horizonte,MG,9,External HD 2TB,Storage,3,500.0,1500.0,2026-04-16,completed
1425,176,Customer 176,Salvador,BA,8,Tablet Pro,Tablets,5,2800.0,14000.0,2026-06-20,cancelled
1426,272,Customer 272,Recife,PE,8,Tablet Pro,Tablets,4,2800.0,11200.0,2026-03-19,completed
1427,68,Customer 68,Brasília,DF,3,Monitor 27,Monitors,3,1200.0,3600.0,2026-02-28,completed
1428,191,Customer 191,Brasília,DF,1,Notebook Pro,Computers,2,4500.0,9000.0,2026-04-01,completed
1429,234,Customer 234,Niterói,RJ,10,Laptop Stand,Accessories,2,250.0,500.0,2026-07-02,completed
1430,147,Customer 147,Niterói,RJ,3,Monitor 27,Monitors,2,1200.0,2400.0,2026-02-11,completed
1431,60,Customer 60,São Paulo,SP,6,SSD 1TB,Storage,5,700.0,3500.0,2026-02-02,completed
1432,134,Customer 134,Salvador,BA,3,Monitor 27,Monitors,2,1200.0,2400.0,2026-05-24,cancelled
1433,18,Customer 18,Salvador,BA,6,SSD 1TB,Storage,2,700.0,1400.0,2026-04-06,completed
1434,277,Customer 277,Niterói,RJ,9,External HD 2TB,Storage,3,500.0,1500.0,2026-02-01,completed
1435,208,Customer 208,Porto Alegre,RS,3,Monitor 27,Monitors,4,1200.0,4800.0,2026-08-26,completed
1436,80,Customer 80,São Paulo,SP,9,External HD 2TB,Storage,5,500.0,2500.0,2026-03-26,cancelled
1437,362,Customer 362,Brasília,DF,8,Tablet Pro,Tablets,3,2800.0,8400.0,2026-07-13,completed
1438,342,Customer 342,Niterói,RJ,10,Laptop Stand,Accessories,4,250.0,1000.0,2026-03-28,cancelled
1439,58,Customer 58,Porto Alegre,RS,1,Notebook Pro,Computers,2,4500.0,9000.0,2026-06-23,completed
1440,60,Customer 60,Brasília,DF,1,Notebook Pro,Computers,4,4500.0,18000.0,2026-06-08,completed
1441,229,Customer 229,Salvador,BA,2,Keyboard Mechanical,Accessories,3,350.0,1050.0,2026-01-15,completed
1442,329,Customer 329,Belo Horizonte,MG,10,Laptop Stand,Accessories,5,250.0,1250.0,2026-02-26,completed
1443,101,Customer 101,São Paulo,SP,2,Keyboard Mechanical,Accessories,5,350.0,1750.0,2026-08-06,completed
1444,347,Customer 347,Rio de Janeiro,RJ,9,External HD 2TB,Storage,4,500.0,2000.0,2026-02-19,completed
1445,163,Customer 163,Fortaleza,CE,10,Laptop Stand,Accessories,5,250.0,1250.0,2026-01-15,cancelled
1446,185,Customer 185,Curitiba,PR,3,Monitor 27,Monitors,4,1200.0,4800.0,2026-04-05,completed
1447,191,Customer 191,São Paulo,SP,5,Headset Pro,Accessories,3,450.0,1350.0,2026-03-31,completed
1448,229,Customer 229,Recife,PE,2,Keyboard Mechanical,Accessories,2,350.0,700.0,2026-07-06,completed
1449,380,Customer 380,Curitiba,PR,8,Tablet Pro,Tablets,3,2800.0,8400.0,2026-02-11,cancelled
1450,497,Customer 497,Curitiba,PR,7,Webcam Full HD,Accessories,2,300.0,600.0,2026-08-02,completed
1451,307,Customer 307,Rio de Janeiro,RJ,3,Monitor 27,Monitors,2,1200.0,2400.0,2026-03-19,completed
1452,445,Customer 445,Recife,PE,6,SSD 1TB,Storage,1,700.0,700.0,2026-08-27,completed
1453,388,Customer 388,Curitiba,PR,2,Keyboard Mechanical,Accessories,1,350.0,350.0,2026-04-15,cancelled
1454,469,Customer 469,Brasília,DF,7,Webcam Full HD,Accessories,2,300.0,600.0,2026-05-23,completed
1455,364,Customer 364,Fortaleza,CE,3,Monitor 27,Monitors,2,1200.0,2400.0,2026-02-17,completed
1456,149,Customer 149,Recife,PE,8,Tablet Pro,Tablets,1,2800.0,2800.0,2026-07-30,completed
1457,428,Customer 428,Fortaleza,CE,5,Headset Pro,Accessories,4,450.0,1800.0,2026-05-24,cancelled
1458,238,Customer 238,Belo Horizonte,MG,1,Notebook Pro,Computers,1,4500.0,4500.0,2026-02-09,completed
1459,154,Customer 154,Porto Alegre,RS,2,Keyboard Mechanical,Accessories,3,350.0,1050.0,2026-04-17,completed
1460,252,Customer 252,Belo Horizonte,MG,1,Notebook Pro,Computers,1,4500.0,4500.0,2026-07-15,completed
1461,253,Customer 253,Rio de Janeiro,RJ,10,Laptop Stand,Accessories,3,250.0,750.0,2026-05-29,completed
1462,290,Customer 290,Curitiba,PR,5,Headset Pro,Accessories,4,450.0,1800.0,2026-06-27,completed
1463,192,Customer 192,Recife,PE,10,Laptop Stand,Accessories,1,250.0,250.0,2026-08-05,completed
1464,84,Customer 84,Fortaleza,CE,1,Notebook Pro,Computers,2,4500.0,9000.0,2026-03-23,completed
1465,450,Customer 450,Niterói,RJ,6,SSD 1TB,Storage,2,700.0,1400.0,2026-01-14,completed
1466,185,Customer 185,Curitiba,PR,6,SSD 1TB,Storage,1,700.0,700.0,2026-03-16,completed
1467,272,Customer 272,Rio de Janeiro,RJ,9,External HD 2TB,Storage,2,500.0,1000.0,2026-07-16,cancelled
1468,94,Customer 94,Rio de Janeiro,RJ,10,Laptop Stand,Accessories,2,250.0,500.0,2026-05-20,completed
1469,447,Customer 447,Salvador,BA,5,Headset Pro,Accessories,3,450.0,1350.0,2026-06-25,cancelled
1470,353,Customer 353,Salvador,BA,2,Keyboard Mechanical,Accessories,5,350.0,1750.0,2026-05-29,completed
1471,422,Customer 422,Niterói,RJ,1,Notebook Pro,Computers,2,4500.0,9000.0,2026-05-13,completed
1472,191,Customer 191,Porto Alegre,RS,7,Webcam Full HD,Accessories,3,300.0,900.0,2026-08-24,completed
1473,53,Customer 53,Belo Horizonte,MG,3,Monitor 27,Monitors,5,1200.0,6000.0,2026-02-26,completed
1474,408,Customer 408,Recife,PE,10,Laptop Stand,Accessories,5,250.0,1250.0,2026-08-05,completed
1475,365,Customer 365,Recife,PE,2,Keyboard Mechanical,Accessories,4,350.0,1400.0,2026-04-28,completed
1476,60,Customer 60,Niterói,RJ,1,Notebook Pro,Computers,4,4500.0,18000.0,2026-03-31,completed
1477,354,Customer 354,Salvador,BA,3,Monitor 27,Monitors,4,1200.0,4800.0,2026-08-16,completed
1478,268,Customer 268,Salvador,BA,3,Monitor 27,Monitors,3,1200.0,3600.0,2026-01-08,cancelled
1479,418,Customer 418,Rio de Janeiro,RJ,4,Mouse Wireless,Accessories,2,180.0,360.0,2026-08-08,cancelled
1480,73,Customer 73,Belo Horizonte,MG,5,Headset Pro,Accessories,2,450.0,900.0,2026-02-23,completed
1481,41,Customer 41,Curitiba,PR,2,Keyboard Mechanical,Accessories,1,350.0,350.0,2026-01-05,completed
1482,388,Customer 388,Curitiba,PR,1,Notebook Pro,Computers,2,4500.0,9000.0,2026-01-28,completed
1483,407,Customer 407,Recife,PE,10,Laptop Stand,Accessories,1,250.0,250.0,2026-05-01,completed
1484,466,Customer 466,Brasília,DF,1,Notebook Pro,Computers,1,4500.0,4500.0,2026-03-19,cancelled
1485,6,Customer 6,Rio de Janeiro,RJ,2,Keyboard Mechanical,Accessories,5,350.0,1750.0,2026-02-22,completed
1486,462,Customer 462,Belo Horizonte,MG,3,Monitor 27,Monitors,3,1200.0,3600.0,2026-01-08,completed
1487,75,Customer 75,Brasília,DF,10,Laptop Stand,Accessories,3,250.0,750.0,2026-04-01,completed
1488,438,Customer 438,Recife,PE,10,Laptop Stand,Accessories,2,250.0,500.0,2026-05-10,completed
1489,35,Customer 35,Rio de Janeiro,RJ,10,Laptop Stand,Accessories,1,250.0,250.0,2026-05-16,completed
1490,367,Customer 367,Belo Horizonte,MG,5,Headset Pro,Accessories,2,450.0,900.0,2026-08-19,completed
1491,3,Customer 3,Rio de Janeiro,RJ,4,Mouse Wireless,Accessories,5,180.0,900.0,2026-08-06,cancelled
1492,244,Customer 244,Salvador,BA,10,Laptop Stand,Accessories,2,250.0,500.0,2026-04-23,cancelled
1493,491,Customer 491,Rio de Janeiro,RJ,3,Monitor 27,Monitors,3,1200.0,3600.0,2026-04-08,completed
1494,110,Customer 110,Recife,PE,4,Mouse Wireless,Accessories,4,180.0,720.0,2026-01-29,completed
1495,64,Customer 64,Porto Alegre,RS,2,Keyboard Mechanical,Accessories,5,350.0,1750.0,2026-02-04,completed
1496,391,Customer 391,Salvador,BA,5,Headset Pro,Accessories,5,450.0,2250.0,2026-07-04,completed
1497,43,Customer 43,Salvador,BA,8,Tablet Pro,Tablets,1,2800.0,2800.0,2026-04-09,completed
1498,234,Customer 234,Fortaleza,CE,5,Headset Pro,Accessories,4,450.0,1800.0,2026-02-27,completed
1499,209,Customer 209,Brasília,DF,7,Webcam Full HD,Accessories,2,300.0,600.0,2026-08-08,completed
1500,459,Customer 459,Porto Alegre,RS,6,SSD 1TB,Storage,2,700.0,1400.0,2026-01-04,cancelled
1501,252,Customer 252,Rio de Janeiro,RJ,7,Webcam Full HD,Accessories,4,300.0,1200.0,2026-05-14,cancelled
1502,347,Customer 347,Rio de Janeiro,RJ,2,Keyboard Mechanical,Accessories,2,350.0,700.0,2026-04-12,completed
1503,356,Customer 356,Fortaleza,CE,2,Keyboard Mechanical,Accessories,2,350.0,700.0,2026-01-17,completed
1504,500,Customer 500,Belo Horizonte,MG,6,SSD 1TB,Storage,2,700.0,1400.0,2026-06-02,completed
1505,63,Customer 63,Belo Horizonte,MG,7,Webcam Full HD,Accessories,4,300.0,1200.0,2026-03-13,cancelled
1506,393,Customer 393,Fortaleza,CE,10,Laptop Stand,Accessories,3,250.0,750.0,2026-07-13,cancelled
1507,483,Customer 483,Curitiba,PR,6,SSD 1TB,Storage,4,700.0,2800.0,2026-06-20,completed
1508,487,Customer 487,Curitiba,PR,8,Tablet Pro,Tablets,5,2800.0,14000.0,2026-03-13,completed
1509,394,Customer 394,Porto Alegre,RS,2,Keyboard Mechanical,Accessories,1,350.0,350.0,2026-03-06,completed
1510,255,Customer 255,Belo Horizonte,MG,3,Monitor 27,Monitors,1,1200.0,1200.0,2026-01-26,cancelled
1511,28,Customer 28,Rio de Janeiro,RJ,8,Tablet Pro,Tablets,1,2800.0,2800.0,2026-02-15,completed
1512,310,Customer 310,Salvador,BA,3,Monitor 27,Monitors,3,1200.0,3600.0,2026-06-09,completed
1513,50,Customer 50,Rio de Janeiro,RJ,9,External HD 2TB,Storage,4,500.0,2000.0,2026-07-22,completed
1514,104,Customer 104,Brasília,DF,8,Tablet Pro,Tablets,4,2800.0,11200.0,2026-05-10,completed
1515,278,Customer 278,Salvador,BA,9,External HD 2TB,Storage,5,500.0,2500.0,2026-01-05,completed
1516,221,Customer 221,Rio de Janeiro,RJ,7,Webcam Full HD,Accessories,4,300.0,1200.0,2026-03-22,completed
1517,227,Customer 227,Porto Alegre,RS,1,Notebook Pro,Computers,1,4500.0,4500.0,2026-02-15,completed
1518,338,Customer 338,Brasília,DF,3,Monitor 27,Monitors,4,1200.0,4800.0,2026-04-21,completed
1519,160,Customer 160,Curitiba,PR,8,Tablet Pro,Tablets,1,2800.0,2800.0,2026-05-26,cancelled
1520,252,Customer 252,Recife,PE,9,External HD 2TB,Storage,5,500.0,2500.0,2026-05-01,completed
1521,288,Customer 288,Niterói,RJ,9,External HD 2TB,Storage,1,500.0,500.0,2026-04-11,completed
1522,254,Customer 254,Fortaleza,CE,7,Webcam Full HD,Accessories,5,300.0,1500.0,2026-06-23,completed
1523,393,Customer 393,Brasília,DF,6,SSD 1TB,Storage,1,700.0,700.0,2026-01-08,completed
1524,24,Customer 24,Niterói,RJ,6,SSD 1TB,Storage,3,700.0,2100.0,2026-07-27,cancelled
1525,299,Customer 299,São Paulo,SP,6,SSD 1TB,Storage,4,700.0,2800.0,2026-01-25,completed
1526,177,Customer 177,Salvador,BA,7,Webcam Full HD,Accessories,3,300.0,900.0,2026-01-15,cancelled
1527,126,Customer 126,Belo Horizonte,MG,4,Mouse Wireless,Accessories,3,180.0,540.0,2026-06-01,completed
1528,467,Customer 467,Rio de Janeiro,RJ,5,Headset Pro,Accessories,1,450.0,450.0,2026-03-28,completed
1529,11,Customer 11,Recife,PE,6,SSD 1TB,Storage,1,700.0,700.0,2026-04-28,cancelled
1530,443,Customer 443,Curitiba,PR,10,Laptop Stand,Accessories,5,250.0,1250.0,2026-08-19,completed
1531,137,Customer 137,São Paulo,SP,8,Tablet Pro,Tablets,5,2800.0,14000.0,2026-01-06,completed
1532,194,Customer 194,Fortaleza,CE,7,Webcam Full HD,Accessories,3,300.0,900.0,2026-05-27,completed
1533,414,Customer 414,Porto Alegre,RS,2,Keyboard Mechanical,Accessories,2,350.0,700.0,2026-03-28,completed
1534,258,Customer 258,Salvador,BA,3,Monitor 27,Monitors,5,1200.0,6000.0,2026-03-18,completed
1535,497,Customer 497,Curitiba,PR,4,Mouse Wireless,Accessories,4,180.0,720.0,2026-06-12,completed
1536,431,Customer 431,Recife,PE,4,Mouse Wireless,Accessories,3,180.0,540.0,2026-03-09,completed
1537,153,Customer 153,Fortaleza,CE,7,Webcam Full HD,Accessories,2,300.0,600.0,2026-06-09,cancelled
1538,491,Customer 491,Rio de Janeiro,RJ,10,Laptop Stand,Accessories,1,250.0,250.0,2026-06-01,completed
1539,140,Customer 140,Rio de Janeiro,RJ,10,Laptop Stand,Accessories,5,250.0,1250.0,2026-05-02,completed
1540,108,Customer 108,Salvador,BA,2,Keyboard Mechanical,Accessories,3,350.0,1050.0,2026-05-10,completed
1541,222,Customer 222,Recife,PE,6,SSD 1TB,Storage,2,700.0,1400.0,2026-04-17,completed
1542,129,Customer 129,Fortaleza,CE,9,External HD 2TB,Storage,4,500.0,2000.0,2026-06-21,completed
1543,93,Customer 93,São Paulo,SP,9,External HD 2TB,Storage,2,500.0,1000.0,2026-05-28,completed
1544,110,Customer 110,Porto Alegre,RS,5,Headset Pro,Accessories,5,450.0,2250.0,2026-07-27,completed
1545,437,Customer 437,Curitiba,PR,10,Laptop Stand,Accessories,1,250.0,250.0,2026-05-14,completed
1546,187,Customer 187,Porto Alegre,RS,3,Monitor 27,Monitors,2,1200.0,2400.0,2026-02-08,cancelled
1547,351,Customer 351,Brasília,DF,7,Webcam Full HD,Accessories,4,300.0,1200.0,2026-03-23,completed
1548,325,Customer 325,Belo Horizonte,MG,7,Webcam Full HD,Accessories,3,300.0,900.0,2026-07-30,completed
1549,331,Customer 331,Niterói,RJ,5,Headset Pro,Accessories,5,450.0,2250.0,2026-03-02,completed
1550,123,Customer 123,Rio de Janeiro,RJ,3,Monitor 27,Monitors,2,1200.0,2400.0,2026-01-08,completed
1551,409,Customer 409,Brasília,DF,8,Tablet Pro,Tablets,4,2800.0,11200.0,2026-05-24,completed
1552,217,Customer 217,São Paulo,SP,4,Mouse Wireless,Accessories,2,180.0,360.0,2026-03-11,completed
1553,15,Customer 15,Brasília,DF,5,Headset Pro,Accessories,5,450.0,2250.0,2026-02-15,cancelled
1554,437,Customer 437,São Paulo,SP,8,Tablet Pro,Tablets,1,2800.0,2800.0,2026-01-15,completed
1555,161,Customer 161,Fortaleza,CE,5,Headset Pro,Accessories,1,450.0,450.0,2026-08-19,completed
1556,460,Customer 460,Salvador,BA,2,Keyboard Mechanical,Accessories,4,350.0,1400.0,2026-08-03,cancelled
1557,432,Customer 432,Niterói,RJ,4,Mouse Wireless,Accessories,1,180.0,180.0,2026-05-27,cancelled
1558,257,Customer 257,Rio de Janeiro,RJ,9,External HD 2TB,Storage,5,500.0,2500.0,2026-07-18,completed
1559,129,Customer 129,Porto Alegre,RS,2,Keyboard Mechanical,Accessories,2,350.0,700.0,2026-06-03,completed
1560,396,Customer 396,Salvador,BA,6,SSD 1TB,Storage,5,700.0,3500.0,2026-07-08,completed
1561,413,Customer 413,Belo Horizonte,MG,7,Webcam Full HD,Accessories,2,300.0,600.0,2026-02-06,completed
1562,90,Customer 90,Belo Horizonte,MG,5,Headset Pro,Accessories,4,450.0,1800.0,2026-04-15,completed
1563,442,Customer 442,Fortaleza,CE,1,Notebook Pro,Computers,4,4500.0,18000.0,2026-05-17,completed
1564,359,Customer 359,Rio de Janeiro,RJ,6,SSD 1TB,Storage,5,700.0,3500.0,2026-04-19,completed
1565,350,Customer 350,Belo Horizonte,MG,5,Headset Pro,Accessories,2,450.0,900.0,2026-04-03,completed
1566,367,Customer 367,Salvador,BA,5,Headset Pro,Accessories,1,450.0,450.0,2026-06-15,completed
1567,18,Customer 18,São Paulo,SP,4,Mouse Wireless,Accessories,3,180.0,540.0,2026-05-22,completed
1568,159,Customer 159,Salvador,BA,2,Keyboard Mechanical,Accessories,5,350.0,1750.0,2026-08-10,completed
1569,440,Customer 440,Porto Alegre,RS,7,Webcam Full HD,Accessories,1,300.0,300.0,2026-08-21,completed
1570,475,Customer 475,Brasília,DF,5,Headset Pro,Accessories,1,450.0,450.0,2026-08-28,completed
1571,153,Customer 153,Belo Horizonte,MG,3,Monitor 27,Monitors,4,1200.0,4800.0,2026-06-11,completed
1572,451,Customer 451,Curitiba,PR,1,Notebook Pro,Computers,3,4500.0,13500.0,2026-08-10,completed
1573,422,Customer 422,Porto Alegre,RS,8,Tablet Pro,Tablets,4,2800.0,11200.0,2026-08-26,completed
1574,368,Customer 368,Curitiba,PR,2,Keyboard Mechanical,Accessories,2,350.0,700.0,2026-06-28,completed
1575,260,Customer 260,Rio de Janeiro,RJ,6,SSD 1TB,Storage,4,700.0,2800.0,2026-06-04,cancelled
1576,417,Customer 417,Recife,PE,6,SSD 1TB,Storage,4,700.0,2800.0,2026-06-27,completed
1577,391,Customer 391,São Paulo,SP,3,Monitor 27,Monitors,4,1200.0,4800.0,2026-07-22,cancelled
1578,70,Customer 70,São Paulo,SP,7,Webcam Full HD,Accessories,2,300.0,600.0,2026-06-10,completed
1579,161,Customer 161,Fortaleza,CE,2,Keyboard Mechanical,Accessories,1,350.0,350.0,2026-02-10,completed
1580,265,Customer 265,Niterói,RJ,10,Laptop Stand,Accessories,4,250.0,1000.0,2026-07-22,completed
1581,232,Customer 232,Porto Alegre,RS,3,Monitor 27,Monitors,3,1200.0,3600.0,2026-02-14,cancelled
1582,304,Customer 304,Salvador,BA,5,Headset Pro,Accessories,2,450.0,900.0,2026-01-22,completed
1583,189,Customer 189,Niterói,RJ,7,Webcam Full HD,Accessories,4,300.0,1200.0,2026-08-02,completed
1584,115,Customer 115,São Paulo,SP,1,Notebook Pro,Computers,5,4500.0,22500.0,2026-06-15,completed
1585,321,Customer 321,Belo Horizonte,MG,2,Keyboard Mechanical,Accessories,4,350.0,1400.0,2026-02-20,completed
1586,360,Customer 360,Niterói,RJ,1,Notebook Pro,Computers,4,4500.0,18000.0,2026-06-08,completed
1587,308,Customer 308,Brasília,DF,3,Monitor 27,Monitors,1,1200.0,1200.0,2026-04-05,completed
1588,485,Customer 485,Fortaleza,CE,2,Keyboard Mechanical,Accessories,1,350.0,350.0,2026-07-03,completed
1589,223,Customer 223,Porto Alegre,RS,8,Tablet Pro,Tablets,1,2800.0,2800.0,2026-02-27,cancelled
1590,105,Customer 105,Belo Horizonte,MG,5,Headset Pro,Accessories,3,450.0,1350.0,2026-07-11,completed
1591,196,Customer 196,Niterói,RJ,7,Webcam Full HD,Accessories,2,300.0,600.0,2026-06-03,completed
1592,422,Customer 422,Brasília,DF,4,Mouse Wireless,Accessories,4,180.0,720.0,2026-02-16,completed
1593,406,Customer 406,Niterói,RJ,1,Notebook Pro,Computers,3,4500.0,13500.0,2026-03-09,completed
1594,317,Customer 317,Porto Alegre,RS,4,Mouse Wireless,Accessories,3,180.0,540.0,2026-05-30,cancelled
1595,332,Customer 332,Porto Alegre,RS,2,Keyboard Mechanical,Accessories,1,350.0,350.0,2026-05-01,completed
1596,447,Customer 447,Salvador,BA,7,Webcam Full HD,Accessories,2,300.0,600.0,2026-07-02,completed
1597,363,Customer 363,Curitiba,PR,10,Laptop Stand,Accessories,3,250.0,750.0,2026-01-19,completed
1598,286,Customer 286,São Paulo,SP,1,Notebook Pro,Computers,3,4500.0,13500.0,2026-08-27,completed
1599,242,Customer 242,Salvador,BA,10,Laptop Stand,Accessories,5,250.0,1250.0,2026-07-01,cancelled
1600,415,Customer 415,São Paulo,SP,1,Notebook Pro,Computers,3,4500.0,13500.0,2026-05-10,completed
1601,196,Customer 196,Brasília,DF,7,Webcam Full HD,Accessories,3,300.0,900.0,2026-02-03,completed
1602,22,Customer 22,Fortaleza,CE,3,Monitor 27,Monitors,3,1200.0,3600.0,2026-02-13,completed
1603,253,Customer 253,Salvador,BA,8,Tablet Pro,Tablets,2,2800.0,5600.0,2026-01-23,completed
1604,364,Customer 364,Recife,PE,7,Webcam Full HD,Accessories,2,300.0,600.0,2026-03-08,completed
1605,161,Customer 161,São Paulo,SP,3,Monitor 27,Monitors,4,1200.0,4800.0,2026-08-12,completed
1606,383,Customer 383,Salvador,BA,7,Webcam Full HD,Accessories,3,300.0,900.0,2026-08-20,completed
1607,314,Customer 314,Brasília,DF,9,External HD 2TB,Storage,3,500.0,1500.0,2026-04-22,completed
1608,162,Customer 162,Porto Alegre,RS,3,Monitor 27,Monitors,5,1200.0,6000.0,2026-08-07,cancelled
1609,326,Customer 326,Porto Alegre,RS,1,Notebook Pro,Computers,2,4500.0,9000.0,2026-02-08,completed
1610,118,Customer 118,Niterói,RJ,1,Notebook Pro,Computers,4,4500.0,18000.0,2026-03-08,completed
1611,362,Customer 362,Porto Alegre,RS,7,Webcam Full HD,Accessories,1,300.0,300.0,2026-08-18,completed
1612,21,Customer 21,Porto Alegre,RS,6,SSD 1TB,Storage,5,700.0,3500.0,2026-05-05,completed
1613,253,Customer 253,Rio de Janeiro,RJ,3,Monitor 27,Monitors,1,1200.0,1200.0,2026-03-31,completed
1614,105,Customer 105,Brasília,DF,3,Monitor 27,Monitors,2,1200.0,2400.0,2026-07-11,completed
1615,422,Customer 422,Brasília,DF,10,Laptop Stand,Accessories,5,250.0,1250.0,2026-02-24,completed
1616,498,Customer 498,São Paulo,SP,9,External HD 2TB,Storage,5,500.0,2500.0,2026-02-16,completed
1617,472,Customer 472,Rio de Janeiro,RJ,4,Mouse Wireless,Accessories,4,180.0,720.0,2026-06-23,completed
1618,455,Customer 455,Salvador,BA,1,Notebook Pro,Computers,3,4500.0,13500.0,2026-06-24,cancelled
1619,63,Customer 63,Curitiba,PR,6,SSD 1TB,Storage,5,700.0,3500.0,2026-08-26,completed
1620,429,Customer 429,Salvador,BA,3,Monitor 27,Monitors,1,1200.0,1200.0,2026-01-21,completed
1621,426,Customer 426,Porto Alegre,RS,8,Tablet Pro,Tablets,3,2800.0,8400.0,2026-06-02,cancelled
1622,3,Customer 3,Salvador,BA,1,Notebook Pro,Computers,5,4500.0,22500.0,2026-04-26,completed
1623,486,Customer 486,Fortaleza,CE,3,Monitor 27,Monitors,2,1200.0,2400.0,2026-08-09,completed
1624,411,Customer 411,Brasília,DF,6,SSD 1TB,Storage,1,700.0,700.0,2026-07-10,completed
1625,281,Customer 281,Fortaleza,CE,7,Webcam Full HD,Accessories,1,300.0,300.0,2026-04-13,completed
1626,92,Customer 92,Belo Horizonte,MG,7,Webcam Full HD,Accessories,1,300.0,300.0,2026-01-06,completed
1627,84,Customer 84,Curitiba,PR,7,Webcam Full HD,Accessories,3,300.0,900.0,2026-06-15,cancelled
1628,79,Customer 79,Rio de Janeiro,RJ,5,Headset Pro,Accessories,4,450.0,1800.0,2026-07-25,completed
1629,377,Customer 377,Brasília,DF,10,Laptop Stand,Accessories,2,250.0,500.0,2026-04-02,cancelled
1630,50,Customer 50,Salvador,BA,9,External HD 2TB,Storage,2,500.0,1000.0,2026-05-06,completed
1631,454,Customer 454,Curitiba,PR,8,Tablet Pro,Tablets,3,2800.0,8400.0,2026-05-25,completed
1632,217,Customer 217,Rio de Janeiro,RJ,7,Webcam Full HD,Accessories,3,300.0,900.0,2026-06-07,completed
1633,223,Customer 223,Curitiba,PR,2,Keyboard Mechanical,Accessories,1,350.0,350.0,2026-05-12,completed
1634,499,Customer 499,Porto Alegre,RS,4,Mouse Wireless,Accessories,2,180.0,360.0,2026-08-27,completed
1635,270,Customer 270,Recife,PE,2,Keyboard Mechanical,Accessories,3,350.0,1050.0,2026-04-30,completed
1636,41,Customer 41,Porto Alegre,RS,5,Headset Pro,Accessories,2,450.0,900.0,2026-02-02,cancelled
1637,463,Customer 463,Brasília,DF,4,Mouse Wireless,Accessories,5,180.0,900.0,2026-04-20,completed
1638,292,Customer 292,São Paulo,SP,9,External HD 2TB,Storage,1,500.0,500.0,2026-08-23,completed
1639,263,Customer 263,Rio de Janeiro,RJ,9,External HD 2TB,Storage,4,500.0,2000.0,2026-04-16,completed
1640,238,Customer 238,Fortaleza,CE,5,Headset Pro,Accessories,3,450.0,1350.0,2026-03-07,completed
1641,42,Customer 42,Recife,PE,1,Notebook Pro,Computers,1,4500.0,4500.0,2026-07-09,cancelled
1642,237,Customer 237,Niterói,RJ,3,Monitor 27,Monitors,4,1200.0,4800.0,2026-01-12,completed
1643,214,Customer 214,Brasília,DF,6,SSD 1TB,Storage,5,700.0,3500.0,2026-07-05,completed
1644,388,Customer 388,Porto Alegre,RS,10,Laptop Stand,Accessories,3,250.0,750.0,2026-03-29,completed
1645,109,Customer 109,Niterói,RJ,2,Keyboard Mechanical,Accessories,5,350.0,1750.0,2026-03-08,cancelled
1646,55,Customer 55,Curitiba,PR,9,External HD 2TB,Storage,1,500.0,500.0,2026-01-02,completed
1647,60,Customer 60,São Paulo,SP,3,Monitor 27,Monitors,4,1200.0,4800.0,2026-04-28,cancelled
1648,208,Customer 208,Fortaleza,CE,8,Tablet Pro,Tablets,3,2800.0,8400.0,2026-06-08,completed
1649,185,Customer 185,Curitiba,PR,5,Headset Pro,Accessories,1,450.0,450.0,2026-02-02,completed
1650,8,Customer 8,Belo Horizonte,MG,2,Keyboard Mechanical,Accessories,1,350.0,350.0,2026-06-28,completed
1651,440,Customer 440,São Paulo,SP,4,Mouse Wireless,Accessories,4,180.0,720.0,2026-06-16,completed
1652,333,Customer 333,Belo Horizonte,MG,7,Webcam Full HD,Accessories,5,300.0,1500.0,2026-02-18,completed
1653,155,Customer 155,Porto Alegre,RS,3,Monitor 27,Monitors,4,1200.0,4800.0,2026-04-19,completed
1654,60,Customer 60,Niterói,RJ,3,Monitor 27,Monitors,4,1200.0,4800.0,2026-05-05,completed
1655,11,Customer 11,Porto Alegre,RS,10,Laptop Stand,Accessories,2,250.0,500.0,2026-02-21,completed
1656,292,Customer 292,Curitiba,PR,1,Notebook Pro,Computers,3,4500.0,13500.0,2026-01-03,completed
1657,323,Customer 323,Curitiba,PR,7,Webcam Full HD,Accessories,4,300.0,1200.0,2026-07-08,completed
1658,306,Customer 306,Recife,PE,5,Headset Pro,Accessories,1,450.0,450.0,2026-05-05,completed
1659,249,Customer 249,Recife,PE,10,Laptop Stand,Accessories,5,250.0,1250.0,2026-08-28,cancelled
1660,464,Customer 464,Porto Alegre,RS,4,Mouse Wireless,Accessories,1,180.0,180.0,2026-05-16,completed
1661,217,Customer 217,Fortaleza,CE,6,SSD 1TB,Storage,5,700.0,3500.0,2026-01-17,completed
1662,458,Customer 458,Curitiba,PR,8,Tablet Pro,Tablets,1,2800.0,2800.0,2026-05-07,completed
1663,481,Customer 481,Salvador,BA,8,Tablet Pro,Tablets,4,2800.0,11200.0,2026-01-06,completed
1664,148,Customer 148,Belo Horizonte,MG,8,Tablet Pro,Tablets,3,2800.0,8400.0,2026-04-23,completed
1665,260,Customer 260,Belo Horizonte,MG,10,Laptop Stand,Accessories,3,250.0,750.0,2026-08-24,completed
1666,437,Customer 437,Porto Alegre,RS,3,Monitor 27,Monitors,3,1200.0,3600.0,2026-07-05,cancelled
1667,200,Customer 200,Curitiba,PR,6,SSD 1TB,Storage,4,700.0,2800.0,2026-07-24,completed
1668,319,Customer 319,Belo Horizonte,MG,5,Headset Pro,Accessories,1,450.0,450.0,2026-06-20,completed
1669,67,Customer 67,Niterói,RJ,4,Mouse Wireless,Accessories,2,180.0,360.0,2026-06-05,completed
1670,52,Customer 52,Curitiba,PR,8,Tablet Pro,Tablets,3,2800.0,8400.0,2026-03-02,completed
1671,286,Customer 286,São Paulo,SP,1,Notebook Pro,Computers,3,4500.0,13500.0,2026-08-14,completed
1672,183,Customer 183,Niterói,RJ,3,Monitor 27,Monitors,5,1200.0,6000.0,2026-01-09,completed
1673,173,Customer 173,Curitiba,PR,2,Keyboard Mechanical,Accessories,5,350.0,1750.0,2026-02-28,completed
1674,288,Customer 288,Belo Horizonte,MG,8,Tablet Pro,Tablets,3,2800.0,8400.0,2026-03-29,completed
1675,394,Customer 394,São Paulo,SP,9,External HD 2TB,Storage,3,500.0,1500.0,2026-08-18,completed
1676,437,Customer 437,Recife,PE,10,Laptop Stand,Accessories,1,250.0,250.0,2026-06-30,completed
1677,475,Customer 475,Porto Alegre,RS,8,Tablet Pro,Tablets,1,2800.0,2800.0,2026-01-28,completed
1678,313,Customer 313,Rio de Janeiro,RJ,9,External HD 2TB,Storage,1,500.0,500.0,2026-05-10,completed
1679,86,Customer 86,Rio de Janeiro,RJ,4,Mouse Wireless,Accessories,3,180.0,540.0,2026-02-10,cancelled
1680,150,Customer 150,Porto Alegre,RS,9,External HD 2TB,Storage,4,500.0,2000.0,2026-07-07,completed
1681,79,Customer 79,Salvador,BA,6,SSD 1TB,Storage,2,700.0,1400.0,2026-02-01,completed
1682,225,Customer 225,Curitiba,PR,1,Notebook Pro,Computers,2,4500.0,9000.0,2026-08-02,completed
1683,175,Customer 175,Brasília,DF,9,External HD 2TB,Storage,2,500.0,1000.0,2026-01-22,completed
1684,191,Customer 191,Curitiba,PR,6,SSD 1TB,Storage,2,700.0,1400.0,2026-02-08,completed
1685,216,Customer 216,Belo Horizonte,MG,3,Monitor 27,Monitors,4,1200.0,4800.0,2026-04-16,completed
1686,460,Customer 460,Porto Alegre,RS,9,External HD 2TB,Storage,3,500.0,1500.0,2026-01-08,completed
1687,75,Customer 75,São Paulo,SP,9,External HD 2TB,Storage,1,500.0,500.0,2026-01-22,completed
1688,162,Customer 162,Curitiba,PR,3,Monitor 27,Monitors,4,1200.0,4800.0,2026-01-16,completed
1689,389,Customer 389,São Paulo,SP,3,Monitor 27,Monitors,5,1200.0,6000.0,2026-01-15,cancelled
1690,366,Customer 366,Recife,PE,5,Headset Pro,Accessories,4,450.0,1800.0,2026-04-13,cancelled
1691,359,Customer 359,Recife,PE,5,Headset Pro,Accessories,3,450.0,1350.0,2026-08-21,completed
1692,5,Customer 5,Brasília,DF,9,External HD 2TB,Storage,5,500.0,2500.0,2026-08-24,completed
1693,359,Customer 359,Curitiba,PR,8,Tablet Pro,Tablets,2,2800.0,5600.0,2026-08-16,completed
1694,320,Customer 320,Fortaleza,CE,8,Tablet Pro,Tablets,3,2800.0,8400.0,2026-08-16,cancelled
1695,208,Customer 208,Belo Horizonte,MG,5,Headset Pro,Accessories,1,450.0,450.0,2026-01-10,completed
1696,172,Customer 172,Curitiba,PR,3,Monitor 27,Monitors,5,1200.0,6000.0,2026-05-19,completed
1697,110,Customer 110,Rio de Janeiro,RJ,9,External HD 2TB,Storage,5,500.0,2500.0,2026-03-21,completed
1698,175,Customer 175,Niterói,RJ,1,Notebook Pro,Computers,1,4500.0,4500.0,2026-08-16,completed
1699,304,Customer 304,Brasília,DF,4,Mouse Wireless,Accessories,3,180.0,540.0,2026-07-05,completed
1700,259,Customer 259,Rio de Janeiro,RJ,1,Notebook Pro,Computers,3,4500.0,13500.0,2026-03-08,cancelled
1701,260,Customer 260,Salvador,BA,2,Keyboard Mechanical,Accessories,1,350.0,350.0,2026-07-13,cancelled
1702,482,Customer 482,Rio de Janeiro,RJ,8,Tablet Pro,Tablets,3,2800.0,8400.0,2026-05-27,cancelled
1703,3,Customer 3,Porto Alegre,RS,6,SSD 1TB,Storage,2,700.0,1400.0,2026-07-26,cancelled
1704,298,Customer 298,Fortaleza,CE,9,External HD 2TB,Storage,5,500.0,2500.0,2026-03-01,completed
1705,154,Customer 154,Brasília,DF,10,Laptop Stand,Accessories,2,250.0,500.0,2026-07-02,completed
1706,267,Customer 267,Belo Horizonte,MG,2,Keyboard Mechanical,Accessories,3,350.0,1050.0,2026-05-13,completed
1707,99,Customer 99,Salvador,BA,8,Tablet Pro,Tablets,1,2800.0,2800.0,2026-02-07,cancelled
1708,218,Customer 218,Curitiba,PR,2,Keyboard Mechanical,Accessories,1,350.0,350.0,2026-01-16,completed
1709,455,Customer 455,Niterói,RJ,8,Tablet Pro,Tablets,2,2800.0,5600.0,2026-04-25,completed
1710,190,Customer 190,Recife,PE,7,Webcam Full HD,Accessories,5,300.0,1500.0,2026-05-24,completed
1711,399,Customer 399,Curitiba,PR,5,Headset Pro,Accessories,5,450.0,2250.0,2026-05-08,cancelled
1712,217,Customer 217,Porto Alegre,RS,8,Tablet Pro,Tablets,4,2800.0,11200.0,2026-07-30,completed
1713,74,Customer 74,Recife,PE,3,Monitor 27,Monitors,4,1200.0,4800.0,2026-07-02,completed
1714,67,Customer 67,Recife,PE,9,External HD 2TB,Storage,1,500.0,500.0,2026-06-27,completed
1715,234,Customer 234,Porto Alegre,RS,1,Notebook Pro,Computers,2,4500.0,9000.0,2026-05-24,completed
1716,472,Customer 472,Rio de Janeiro,RJ,10,Laptop Stand,Accessories,4,250.0,1000.0,2026-01-29,completed
1717,190,Customer 190,Fortaleza,CE,5,Headset Pro,Accessories,1,450.0,450.0,2026-05-14,completed
1718,61,Customer 61,Salvador,BA,5,Headset Pro,Accessories,3,450.0,1350.0,2026-03-19,completed
1719,249,Customer 249,São Paulo,SP,3,Monitor 27,Monitors,2,1200.0,2400.0,2026-07-20,completed
1720,216,Customer 216,São Paulo,SP,5,Headset Pro,Accessories,3,450.0,1350.0,2026-02-25,completed
1721,420,Customer 420,Porto Alegre,RS,1,Notebook Pro,Computers,1,4500.0,4500.0,2026-05-21,completed
1722,35,Customer 35,São Paulo,SP,7,Webcam Full HD,Accessories,4,300.0,1200.0,2026-05-27,completed
1723,290,Customer 290,Porto Alegre,RS,6,SSD 1TB,Storage,4,700.0,2800.0,2026-05-02,cancelled
1724,427,Customer 427,Fortaleza,CE,3,Monitor 27,Monitors,2,1200.0,2400.0,2026-05-10,cancelled
1725,236,Customer 236,Porto Alegre,RS,8,Tablet Pro,Tablets,2,2800.0,5600.0,2026-08-10,cancelled
1726,167,Customer 167,Rio de Janeiro,RJ,10,Laptop Stand,Accessories,5,250.0,1250.0,2026-04-15,completed
1727,120,Customer 120,Curitiba,PR,6,SSD 1TB,Storage,5,700.0,3500.0,2026-01-12,cancelled
1728,456,Customer 456,Porto Alegre,RS,5,Headset Pro,Accessories,1,450.0,450.0,2026-08-10,completed
1729,363,Customer 363,São Paulo,SP,10,Laptop Stand,Accessories,3,250.0,750.0,2026-05-24,cancelled
1730,64,Customer 64,Recife,PE,2,Keyboard Mechanical,Accessories,2,350.0,700.0,2026-06-08,completed
1731,296,Customer 296,São Paulo,SP,10,Laptop Stand,Accessories,5,250.0,1250.0,2026-02-18,completed
1732,258,Customer 258,São Paulo,SP,2,Keyboard Mechanical,Accessories,5,350.0,1750.0,2026-02-16,completed
1733,141,Customer 141,Belo Horizonte,MG,4,Mouse Wireless,Accessories,5,180.0,900.0,2026-04-24,completed
1734,414,Customer 414,Recife,PE,10,Laptop Stand,Accessories,3,250.0,750.0,2026-04-13,completed
1735,24,Customer 24,Porto Alegre,RS,1,Notebook Pro,Computers,3,4500.0,13500.0,2026-04-22,completed
1736,213,Customer 213,São Paulo,SP,9,External HD 2TB,Storage,3,500.0,1500.0,2026-04-08,completed
1737,47,Customer 47,Rio de Janeiro,RJ,2,Keyboard Mechanical,Accessories,5,350.0,1750.0,2026-02-13,completed
1738,74,Customer 74,Niterói,RJ,5,Headset Pro,Accessories,1,450.0,450.0,2026-02-09,completed
1739,488,Customer 488,Curitiba,PR,3,Monitor 27,Monitors,1,1200.0,1200.0,2026-06-07,completed
1740,93,Customer 93,São Paulo,SP,1,Notebook Pro,Computers,3,4500.0,13500.0,2026-04-10,completed
1741,164,Customer 164,Niterói,RJ,7,Webcam Full HD,Accessories,3,300.0,900.0,2026-03-08,completed
1742,483,Customer 483,Rio de Janeiro,RJ,1,Notebook Pro,Computers,2,4500.0,9000.0,2026-03-03,completed
1743,301,Customer 301,Belo Horizonte,MG,8,Tablet Pro,Tablets,5,2800.0,14000.0,2026-07-12,completed
1744,198,Customer 198,Rio de Janeiro,RJ,5,Headset Pro,Accessories,1,450.0,450.0,2026-03-23,completed
1745,284,Customer 284,Curitiba,PR,2,Keyboard Mechanical,Accessories,4,350.0,1400.0,2026-01-08,completed
1746,325,Customer 325,Belo Horizonte,MG,1,Notebook Pro,Computers,3,4500.0,13500.0,2026-05-22,completed
1747,346,Customer 346,Rio de Janeiro,RJ,4,Mouse Wireless,Accessories,5,180.0,900.0,2026-06-16,completed
1748,156,Customer 156,Fortaleza,CE,7,Webcam Full HD,Accessories,4,300.0,1200.0,2026-01-22,cancelled
1749,257,Customer 257,Belo Horizonte,MG,3,Monitor 27,Monitors,3,1200.0,3600.0,2026-05-19,completed
1750,401,Customer 401,Belo Horizonte,MG,9,External HD 2TB,Storage,4,500.0,2000.0,2026-08-22,completed
1751,232,Customer 232,São Paulo,SP,1,Notebook Pro,Computers,4,4500.0,18000.0,2026-08-01,completed
1752,149,Customer 149,Niterói,RJ,1,Notebook Pro,Computers,1,4500.0,4500.0,2026-08-27,completed
1753,140,Customer 140,Fortaleza,CE,5,Headset Pro,Accessories,4,450.0,1800.0,2026-03-31,cancelled
1754,109,Customer 109,Fortaleza,CE,9,External HD 2TB,Storage,3,500.0,1500.0,2026-01-12,completed
1755,379,Customer 379,Recife,PE,10,Laptop Stand,Accessories,1,250.0,250.0,2026-03-18,completed
1756,203,Customer 203,Rio de Janeiro,RJ,3,Monitor 27,Monitors,5,1200.0,6000.0,2026-03-13,completed
1757,108,Customer 108,Fortaleza,CE,9,External HD 2TB,Storage,3,500.0,1500.0,2026-08-15,cancelled
1758,485,Customer 485,Salvador,BA,5,Headset Pro,Accessories,4,450.0,1800.0,2026-03-11,completed
1759,340,Customer 340,Salvador,BA,6,SSD 1TB,Storage,2,700.0,1400.0,2026-04-28,completed
1760,169,Customer 169,São Paulo,SP,3,Monitor 27,Monitors,1,1200.0,1200.0,2026-06-05,completed
1761,3,Customer 3,São Paulo,SP,3,Monitor 27,Monitors,4,1200.0,4800.0,2026-05-23,cancelled
1762,361,Customer 361,Porto Alegre,RS,7,Webcam Full HD,Accessories,5,300.0,1500.0,2026-01-21,cancelled
1763,334,Customer 334,Rio de Janeiro,RJ,9,External HD 2TB,Storage,1,500.0,500.0,2026-08-17,cancelled
1764,228,Customer 228,Rio de Janeiro,RJ,6,SSD 1TB,Storage,4,700.0,2800.0,2026-07-31,completed
1765,184,Customer 184,Curitiba,PR,3,Monitor 27,Monitors,1,1200.0,1200.0,2026-02-01,completed
1766,190,Customer 190,Belo Horizonte,MG,8,Tablet Pro,Tablets,1,2800.0,2800.0,2026-02-26,cancelled
1767,11,Customer 11,Brasília,DF,6,SSD 1TB,Storage,2,700.0,1400.0,2026-01-24,completed
1768,321,Customer 321,Brasília,DF,4,Mouse Wireless,Accessories,2,180.0,360.0,2026-05-07,completed
1769,19,Customer 19,Brasília,DF,8,Tablet Pro,Tablets,5,2800.0,14000.0,2026-02-23,completed
1770,101,Customer 101,Curitiba,PR,2,Keyboard Mechanical,Accessories,3,350.0,1050.0,2026-05-26,completed
1771,253,Customer 253,Niterói,RJ,9,External HD 2TB,Storage,2,500.0,1000.0,2026-06-18,cancelled
1772,290,Customer 290,Fortaleza,CE,10,Laptop Stand,Accessories,2,250.0,500.0,2026-01-17,completed
1773,66,Customer 66,Rio de Janeiro,RJ,3,Monitor 27,Monitors,3,1200.0,3600.0,2026-08-27,completed
1774,439,Customer 439,Belo Horizonte,MG,9,External HD 2TB,Storage,3,500.0,1500.0,2026-02-19,cancelled
1775,12,Customer 12,Recife,PE,10,Laptop Stand,Accessories,3,250.0,750.0,2026-06-24,completed
1776,453,Customer 453,Porto Alegre,RS,1,Notebook Pro,Computers,4,4500.0,18000.0,2026-06-14,cancelled
1777,483,Customer 483,São Paulo,SP,6,SSD 1TB,Storage,4,700.0,2800.0,2026-08-05,completed
1778,141,Customer 141,Rio de Janeiro,RJ,9,External HD 2TB,Storage,4,500.0,2000.0,2026-05-07,completed
1779,265,Customer 265,São Paulo,SP,4,Mouse Wireless,Accessories,1,180.0,180.0,2026-03-13,completed
1780,273,Customer 273,Porto Alegre,RS,6,SSD 1TB,Storage,1,700.0,700.0,2026-04-11,completed
1781,172,Customer 172,Rio de Janeiro,RJ,10,Laptop Stand,Accessories,1,250.0,250.0,2026-07-08,completed
1782,354,Customer 354,Curitiba,PR,2,Keyboard Mechanical,Accessories,2,350.0,700.0,2026-02-20,completed
1783,169,Customer 169,Brasília,DF,2,Keyboard Mechanical,Accessories,1,350.0,350.0,2026-01-08,completed
1784,222,Customer 222,São Paulo,SP,10,Laptop Stand,Accessories,3,250.0,750.0,2026-08-04,completed
1785,127,Customer 127,Rio de Janeiro,RJ,8,Tablet Pro,Tablets,2,2800.0,5600.0,2026-03-29,completed
1786,421,Customer 421,Salvador,BA,9,External HD 2TB,Storage,2,500.0,1000.0,2026-01-19,completed
1787,318,Customer 318,Porto Alegre,RS,2,Keyboard Mechanical,Accessories,4,350.0,1400.0,2026-05-29,completed
1788,44,Customer 44,São Paulo,SP,1,Notebook Pro,Computers,4,4500.0,18000.0,2026-03-22,cancelled
1789,34,Customer 34,Niterói,RJ,1,Notebook Pro,Computers,4,4500.0,18000.0,2026-01-15,completed
1790,313,Customer 313,Curitiba,PR,2,Keyboard Mechanical,Accessories,1,350.0,350.0,2026-06-23,completed
1791,287,Customer 287,São Paulo,SP,5,Headset Pro,Accessories,4,450.0,1800.0,2026-04-13,completed
1792,317,Customer 317,Curitiba,PR,4,Mouse Wireless,Accessories,5,180.0,900.0,2026-07-21,cancelled
1793,320,Customer 320,São Paulo,SP,8,Tablet Pro,Tablets,4,2800.0,11200.0,2026-04-29,completed
1794,451,Customer 451,Fortaleza,CE,10,Laptop Stand,Accessories,1,250.0,250.0,2026-03-28,cancelled
1795,481,Customer 481,São Paulo,SP,8,Tablet Pro,Tablets,5,2800.0,14000.0,2026-03-26,completed
1796,99,Customer 99,Rio de Janeiro,RJ,2,Keyboard Mechanical,Accessories,1,350.0,350.0,2026-06-02,cancelled
1797,35,Customer 35,Fortaleza,CE,4,Mouse Wireless,Accessories,5,180.0,900.0,2026-02-02,cancelled
1798,261,Customer 261,Brasília,DF,6,SSD 1TB,Storage,4,700.0,2800.0,2026-05-04,cancelled
1799,318,Customer 318,Porto Alegre,RS,3,Monitor 27,Monitors,2,1200.0,2400.0,2026-02-05,completed
1800,31,Customer 31,Niterói,RJ,5,Headset Pro,Accessories,5,450.0,2250.0,2026-04-22,completed
1801,492,Customer 492,Salvador,BA,5,Headset Pro,Accessories,5,450.0,2250.0,2026-08-15,completed
1802,398,Customer 398,Niterói,RJ,3,Monitor 27,Monitors,4,1200.0,4800.0,2026-03-21,completed
1803,176,Customer 176,Brasília,DF,6,SSD 1TB,Storage,1,700.0,700.0,2026-05-13,completed
1804,337,Customer 337,Niterói,RJ,1,Notebook Pro,Computers,2,4500.0,9000.0,2026-05-10,completed
1805,440,Customer 440,São Paulo,SP,7,Webcam Full HD,Accessories,3,300.0,900.0,2026-02-20,completed
1806,328,Customer 328,Belo Horizonte,MG,2,Keyboard Mechanical,Accessories,3,350.0,1050.0,2026-02-18,cancelled
1807,244,Customer 244,Porto Alegre,RS,10,Laptop Stand,Accessories,3,250.0,750.0,2026-08-07,completed
1808,290,Customer 290,Salvador,BA,10,Laptop Stand,Accessories,3,250.0,750.0,2026-04-18,completed
1809,84,Customer 84,Rio de Janeiro,RJ,8,Tablet Pro,Tablets,1,2800.0,2800.0,2026-05-07,completed
1810,472,Customer 472,São Paulo,SP,4,Mouse Wireless,Accessories,2,180.0,360.0,2026-04-30,completed
1811,110,Customer 110,Belo Horizonte,MG,8,Tablet Pro,Tablets,3,2800.0,8400.0,2026-07-26,cancelled
1812,193,Customer 193,Belo Horizonte,MG,7,Webcam Full HD,Accessories,2,300.0,600.0,2026-07-31,completed
1813,186,Customer 186,São Paulo,SP,2,Keyboard Mechanical,Accessories,3,350.0,1050.0,2026-01-08,completed
1814,59,Customer 59,Niterói,RJ,5,Headset Pro,Accessories,4,450.0,1800.0,2026-02-19,cancelled
1815,300,Customer 300,Salvador,BA,1,Notebook Pro,Computers,1,4500.0,4500.0,2026-02-20,completed
1816,146,Customer 146,Niterói,RJ,4,Mouse Wireless,Accessories,3,180.0,540.0,2026-07-04,completed
1817,174,Customer 174,Recife,PE,4,Mouse Wireless,Accessories,2,180.0,360.0,2026-02-20,completed
1818,91,Customer 91,Brasília,DF,2,Keyboard Mechanical,Accessories,1,350.0,350.0,2026-08-01,cancelled
1819,71,Customer 71,Curitiba,PR,2,Keyboard Mechanical,Accessories,3,350.0,1050.0,2026-08-28,completed
1820,157,Customer 157,Porto Alegre,RS,4,Mouse Wireless,Accessories,3,180.0,540.0,2026-07-27,completed
1821,339,Customer 339,Niterói,RJ,9,External HD 2TB,Storage,5,500.0,2500.0,2026-08-14,completed
1822,450,Customer 450,Rio de Janeiro,RJ,2,Keyboard Mechanical,Accessories,2,350.0,700.0,2026-08-14,completed
1823,407,Customer 407,Belo Horizonte,MG,4,Mouse Wireless,Accessories,5,180.0,900.0,2026-04-07,cancelled
1824,192,Customer 192,Salvador,BA,10,Laptop Stand,Accessories,4,250.0,1000.0,2026-06-12,completed
1825,472,Customer 472,São Paulo,SP,10,Laptop Stand,Accessories,5,250.0,1250.0,2026-02-18,completed
1826,151,Customer 151,Niterói,RJ,6,SSD 1TB,Storage,2,700.0,1400.0,2026-01-14,cancelled
1827,408,Customer 408,Brasília,DF,3,Monitor 27,Monitors,5,1200.0,6000.0,2026-05-30,completed
1828,108,Customer 108,Rio de Janeiro,RJ,8,Tablet Pro,Tablets,5,2800.0,14000.0,2026-01-17,completed
1829,261,Customer 261,Curitiba,PR,9,External HD 2TB,Storage,3,500.0,1500.0,2026-05-08,completed
1830,238,Customer 238,Niterói,RJ,6,SSD 1TB,Storage,3,700.0,2100.0,2026-05-15,cancelled
1831,248,Customer 248,Porto Alegre,RS,8,Tablet Pro,Tablets,3,2800.0,8400.0,2026-05-29,completed
1832,327,Customer 327,Fortaleza,CE,1,Notebook Pro,Computers,2,4500.0,9000.0,2026-02-26,completed
1833,232,Customer 232,Belo Horizonte,MG,7,Webcam Full HD,Accessories,2,300.0,600.0,2026-03-20,completed
1834,456,Customer 456,Curitiba,PR,10,Laptop Stand,Accessories,2,250.0,500.0,2026-08-28,completed
1835,131,Customer 131,Recife,PE,2,Keyboard Mechanical,Accessories,2,350.0,700.0,2026-07-12,completed
1836,152,Customer 152,Porto Alegre,RS,9,External HD 2TB,Storage,3,500.0,1500.0,2026-02-28,completed
1837,22,Customer 22,Porto Alegre,RS,9,External HD 2TB,Storage,5,500.0,2500.0,2026-03-28,completed
1838,231,Customer 231,Porto Alegre,RS,7,Webcam Full HD,Accessories,4,300.0,1200.0,2026-04-05,completed
1839,163,Customer 163,Brasília,DF,7,Webcam Full HD,Accessories,1,300.0,300.0,2026-02-15,completed
1840,120,Customer 120,Brasília,DF,2,Keyboard Mechanical,Accessories,3,350.0,1050.0,2026-08-19,completed
1841,151,Customer 151,Recife,PE,9,External HD 2TB,Storage,5,500.0,2500.0,2026-06-14,completed
1842,403,Customer 403,Brasília,DF,4,Mouse Wireless,Accessories,1,180.0,180.0,2026-01-31,completed
1843,185,Customer 185,São Paulo,SP,9,External HD 2TB,Storage,2,500.0,1000.0,2026-03-27,completed
1844,346,Customer 346,Salvador,BA,5,Headset Pro,Accessories,3,450.0,1350.0,2026-07-10,cancelled
1845,433,Customer 433,Brasília,DF,4,Mouse Wireless,Accessories,5,180.0,900.0,2026-02-05,cancelled
1846,379,Customer 379,Recife,PE,5,Headset Pro,Accessories,1,450.0,450.0,2026-07-17,completed
1847,145,Customer 145,Salvador,BA,7,Webcam Full HD,Accessories,4,300.0,1200.0,2026-07-30,completed
1848,388,Customer 388,São Paulo,SP,8,Tablet Pro,Tablets,5,2800.0,14000.0,2026-07-14,completed
1849,444,Customer 444,Curitiba,PR,4,Mouse Wireless,Accessories,2,180.0,360.0,2026-07-05,cancelled
1850,108,Customer 108,Porto Alegre,RS,4,Mouse Wireless,Accessories,5,180.0,900.0,2026-05-31,completed
1851,388,Customer 388,Porto Alegre,RS,8,Tablet Pro,Tablets,3,2800.0,8400.0,2026-07-22,completed
1852,161,Customer 161,Belo Horizonte,MG,7,Webcam Full HD,Accessories,4,300.0,1200.0,2026-02-23,completed
1853,231,Customer 231,Recife,PE,1,Notebook Pro,Computers,3,4500.0,13500.0,2026-02-05,completed
1854,448,Customer 448,Niterói,RJ,5,Headset Pro,Accessories,1,450.0,450.0,2026-05-08,cancelled
1855,428,Customer 428,Salvador,BA,6,SSD 1TB,Storage,2,700.0,1400.0,2026-04-18,completed
1856,352,Customer 352,Curitiba,PR,9,External HD 2TB,Storage,3,500.0,1500.0,2026-03-25,completed
1857,12,Customer 12,Fortaleza,CE,1,Notebook Pro,Computers,2,4500.0,9000.0,2026-02-09,completed
1858,291,Customer 291,Fortaleza,CE,10,Laptop Stand,Accessories,5,250.0,1250.0,2026-08-10,completed
1859,196,Customer 196,Belo Horizonte,MG,7,Webcam Full HD,Accessories,1,300.0,300.0,2026-05-17,completed
1860,97,Customer 97,Porto Alegre,RS,2,Keyboard Mechanical,Accessories,3,350.0,1050.0,2026-05-26,completed
1861,328,Customer 328,Brasília,DF,2,Keyboard Mechanical,Accessories,2,350.0,700.0,2026-01-27,cancelled
1862,284,Customer 284,Niterói,RJ,1,Notebook Pro,Computers,5,4500.0,22500.0,2026-05-06,completed
1863,96,Customer 96,Belo Horizonte,MG,2,Keyboard Mechanical,Accessories,4,350.0,1400.0,2026-03-14,completed
1864,120,Customer 120,Brasília,DF,9,External HD 2TB,Storage,1,500.0,500.0,2026-04-27,completed
1865,189,Customer 189,Recife,PE,1,Notebook Pro,Computers,2,4500.0,9000.0,2026-03-25,completed
1866,201,Customer 201,Niterói,RJ,2,Keyboard Mechanical,Accessories,2,350.0,700.0,2026-05-18,completed
1867,245,Customer 245,Rio de Janeiro,RJ,7,Webcam Full HD,Accessories,2,300.0,600.0,2026-02-03,completed
1868,159,Customer 159,Curitiba,PR,8,Tablet Pro,Tablets,2,2800.0,5600.0,2026-06-04,completed
1869,481,Customer 481,Brasília,DF,10,Laptop Stand,Accessories,2,250.0,500.0,2026-05-09,cancelled
1870,351,Customer 351,Porto Alegre,RS,5,Headset Pro,Accessories,2,450.0,900.0,2026-01-02,completed
1871,229,Customer 229,Rio de Janeiro,RJ,7,Webcam Full HD,Accessories,5,300.0,1500.0,2026-07-26,completed
1872,270,Customer 270,Salvador,BA,10,Laptop Stand,Accessories,4,250.0,1000.0,2026-04-28,completed
1873,295,Customer 295,São Paulo,SP,2,Keyboard Mechanical,Accessories,3,350.0,1050.0,2026-06-15,completed
1874,178,Customer 178,Brasília,DF,7,Webcam Full HD,Accessories,5,300.0,1500.0,2026-07-30,completed
1875,213,Customer 213,Belo Horizonte,MG,3,Monitor 27,Monitors,5,1200.0,6000.0,2026-07-07,completed
1876,235,Customer 235,Curitiba,PR,3,Monitor 27,Monitors,5,1200.0,6000.0,2026-01-25,completed
1877,358,Customer 358,São Paulo,SP,4,Mouse Wireless,Accessories,2,180.0,360.0,2026-03-12,cancelled
1878,276,Customer 276,Brasília,DF,2,Keyboard Mechanical,Accessories,2,350.0,700.0,2026-08-21,completed
1879,211,Customer 211,Recife,PE,2,Keyboard Mechanical,Accessories,3,350.0,1050.0,2026-01-20,completed
1880,259,Customer 259,Salvador,BA,7,Webcam Full HD,Accessories,4,300.0,1200.0,2026-02-12,completed
1881,107,Customer 107,Recife,PE,1,Notebook Pro,Computers,4,4500.0,18000.0,2026-01-07,completed
1882,328,Customer 328,Porto Alegre,RS,7,Webcam Full HD,Accessories,3,300.0,900.0,2026-07-10,completed
1883,439,Customer 439,Belo Horizonte,MG,7,Webcam Full HD,Accessories,1,300.0,300.0,2026-01-03,completed
1884,59,Customer 59,Niterói,RJ,6,SSD 1TB,Storage,4,700.0,2800.0,2026-05-05,completed
1885,35,Customer 35,Rio de Janeiro,RJ,9,External HD 2TB,Storage,2,500.0,1000.0,2026-07-02,completed
1886,72,Customer 72,Porto Alegre,RS,5,Headset Pro,Accessories,2,450.0,900.0,2026-02-13,completed
1887,311,Customer 311,Rio de Janeiro,RJ,3,Monitor 27,Monitors,3,1200.0,3600.0,2026-02-01,completed
1888,380,Customer 380,Curitiba,PR,3,Monitor 27,Monitors,1,1200.0,1200.0,2026-06-21,completed
1889,347,Customer 347,Brasília,DF,3,Monitor 27,Monitors,4,1200.0,4800.0,2026-04-02,completed
1890,111,Customer 111,São Paulo,SP,9,External HD 2TB,Storage,2,500.0,1000.0,2026-04-24,cancelled
1891,25,Customer 25,Recife,PE,2,Keyboard Mechanical,Accessories,4,350.0,1400.0,2026-06-26,completed
1892,228,Customer 228,São Paulo,SP,10,Laptop Stand,Accessories,1,250.0,250.0,2026-01-13,completed
1893,393,Customer 393,Belo Horizonte,MG,4,Mouse Wireless,Accessories,3,180.0,540.0,2026-08-21,completed
1894,103,Customer 103,Rio de Janeiro,RJ,1,Notebook Pro,Computers,4,4500.0,18000.0,2026-01-08,completed
1895,173,Customer 173,Belo Horizonte,MG,2,Keyboard Mechanical,Accessories,2,350.0,700.0,2026-08-14,completed
1896,409,Customer 409,Niterói,RJ,3,Monitor 27,Monitors,1,1200.0,1200.0,2026-04-17,completed
1897,56,Customer 56,Salvador,BA,6,SSD 1TB,Storage,5,700.0,3500.0,2026-06-10,completed
1898,320,Customer 320,Belo Horizonte,MG,9,External HD 2TB,Storage,4,500.0,2000.0,2026-04-20,completed
1899,119,Customer 119,Belo Horizonte,MG,2,Keyboard Mechanical,Accessories,3,350.0,1050.0,2026-03-24,completed
1900,8,Customer 8,Curitiba,PR,6,SSD 1TB,Storage,1,700.0,700.0,2026-04-10,completed
1901,235,Customer 235,Belo Horizonte,MG,2,Keyboard Mechanical,Accessories,3,350.0,1050.0,2026-06-16,completed
1902,189,Customer 189,São Paulo,SP,2,Keyboard Mechanical,Accessories,2,350.0,700.0,2026-04-16,completed
1903,393,Customer 393,Fortaleza,CE,8,Tablet Pro,Tablets,1,2800.0,2800.0,2026-07-02,completed
1904,406,Customer 406,Fortaleza,CE,3,Monitor 27,Monitors,3,1200.0,3600.0,2026-01-25,completed
1905,167,Customer 167,Curitiba,PR,3,Monitor 27,Monitors,3,1200.0,3600.0,2026-02-14,cancelled
1906,390,Customer 390,Salvador,BA,8,Tablet Pro,Tablets,1,2800.0,2800.0,2026-03-27,completed
1907,312,Customer 312,Fortaleza,CE,8,Tablet Pro,Tablets,4,2800.0,11200.0,2026-05-11,cancelled
1908,380,Customer 380,Belo Horizonte,MG,9,External HD 2TB,Storage,5,500.0,2500.0,2026-06-30,completed
1909,120,Customer 120,São Paulo,SP,10,Laptop Stand,Accessories,1,250.0,250.0,2026-03-21,completed
1910,378,Customer 378,Curitiba,PR,4,Mouse Wireless,Accessories,5,180.0,900.0,2026-01-21,completed
1911,71,Customer 71,Salvador,BA,8,Tablet Pro,Tablets,3,2800.0,8400.0,2026-02-21,completed
1912,193,Customer 193,Belo Horizonte,MG,1,Notebook Pro,Computers,2,4500.0,9000.0,2026-08-25,cancelled
1913,307,Customer 307,Porto Alegre,RS,6,SSD 1TB,Storage,2,700.0,1400.0,2026-03-13,completed
1914,330,Customer 330,São Paulo,SP,9,External HD 2TB,Storage,4,500.0,2000.0,2026-06-15,completed
1915,385,Customer 385,São Paulo,SP,4,Mouse Wireless,Accessories,3,180.0,540.0,2026-03-29,completed
1916,106,Customer 106,Recife,PE,1,Notebook Pro,Computers,2,4500.0,9000.0,2026-07-25,cancelled
1917,357,Customer 357,Belo Horizonte,MG,10,Laptop Stand,Accessories,4,250.0,1000.0,2026-05-14,completed
1918,94,Customer 94,Porto Alegre,RS,1,Notebook Pro,Computers,1,4500.0,4500.0,2026-08-11,completed
1919,36,Customer 36,Belo Horizonte,MG,1,Notebook Pro,Computers,2,4500.0,9000.0,2026-02-22,completed
1920,47,Customer 47,Niterói,RJ,10,Laptop Stand,Accessories,5,250.0,1250.0,2026-08-01,completed
1921,121,Customer 121,Recife,PE,2,Keyboard Mechanical,Accessories,4,350.0,1400.0,2026-07-05,completed
1922,160,Customer 160,Niterói,RJ,4,Mouse Wireless,Accessories,2,180.0,360.0,2026-04-19,completed
1923,311,Customer 311,Belo Horizonte,MG,5,Headset Pro,Accessories,3,450.0,1350.0,2026-05-28,completed
1924,496,Customer 496,Belo Horizonte,MG,5,Headset Pro,Accessories,4,450.0,1800.0,2026-01-21,completed
1925,204,Customer 204,Curitiba,PR,3,Monitor 27,Monitors,4,1200.0,4800.0,2026-04-23,completed
1926,259,Customer 259,Fortaleza,CE,7,Webcam Full HD,Accessories,2,300.0,600.0,2026-07-29,completed
1927,11,Customer 11,Curitiba,PR,7,Webcam Full HD,Accessories,1,300.0,300.0,2026-07-14,completed
1928,305,Customer 305,Recife,PE,3,Monitor 27,Monitors,5,1200.0,6000.0,2026-07-06,completed
1929,132,Customer 132,Curitiba,PR,8,Tablet Pro,Tablets,3,2800.0,8400.0,2026-04-27,completed
1930,193,Customer 193,Recife,PE,10,Laptop Stand,Accessories,4,250.0,1000.0,2026-01-19,completed
1931,70,Customer 70,Porto Alegre,RS,4,Mouse Wireless,Accessories,2,180.0,360.0,2026-08-23,completed
1932,3,Customer 3,São Paulo,SP,9,External HD 2TB,Storage,3,500.0,1500.0,2026-05-06,completed
1933,474,Customer 474,Curitiba,PR,7,Webcam Full HD,Accessories,3,300.0,900.0,2026-04-09,completed
1934,158,Customer 158,Fortaleza,CE,2,Keyboard Mechanical,Accessories,4,350.0,1400.0,2026-08-15,completed
1935,472,Customer 472,Rio de Janeiro,RJ,7,Webcam Full HD,Accessories,5,300.0,1500.0,2026-02-11,completed
1936,391,Customer 391,Curitiba,PR,5,Headset Pro,Accessories,3,450.0,1350.0,2026-05-11,cancelled
1937,251,Customer 251,Salvador,BA,1,Notebook Pro,Computers,4,4500.0,18000.0,2026-08-26,completed
1938,377,Customer 377,Belo Horizonte,MG,4,Mouse Wireless,Accessories,4,180.0,720.0,2026-01-09,completed
1939,324,Customer 324,São Paulo,SP,3,Monitor 27,Monitors,3,1200.0,3600.0,2026-06-04,completed
1940,484,Customer 484,Niterói,RJ,5,Headset Pro,Accessories,2,450.0,900.0,2026-06-04,completed
1941,488,Customer 488,Niterói,RJ,1,Notebook Pro,Computers,1,4500.0,4500.0,2026-07-17,completed
1942,330,Customer 330,Curitiba,PR,7,Webcam Full HD,Accessories,5,300.0,1500.0,2026-08-19,completed
1943,266,Customer 266,Belo Horizonte,MG,7,Webcam Full HD,Accessories,2,300.0,600.0,2026-08-01,completed
1944,130,Customer 130,Brasília,DF,9,External HD 2TB,Storage,5,500.0,2500.0,2026-06-18,completed
1945,301,Customer 301,Brasília,DF,7,Webcam Full HD,Accessories,1,300.0,300.0,2026-01-28,cancelled
1946,294,Customer 294,Salvador,BA,3,Monitor 27,Monitors,3,1200.0,3600.0,2026-07-11,completed
1947,477,Customer 477,Curitiba,PR,5,Headset Pro,Accessories,1,450.0,450.0,2026-02-13,completed
1948,1,Customer 1,Rio de Janeiro,RJ,2,Keyboard Mechanical,Accessories,4,350.0,1400.0,2026-05-15,completed
1949,336,Customer 336,Brasília,DF,7,Webcam Full HD,Accessories,2,300.0,600.0,2026-02-15,completed
1950,96,Customer 96,Niterói,RJ,4,Mouse Wireless,Accessories,4,180.0,720.0,2026-02-16,completed
1951,486,Customer 486,Rio de Janeiro,RJ,8,Tablet Pro,Tablets,5,2800.0,14000.0,2026-07-28,completed
1952,96,Customer 96,Belo Horizonte,MG,1,Notebook Pro,Computers,2,4500.0,9000.0,2026-07-27,completed
1953,133,Customer 133,Curitiba,PR,8,Tablet Pro,Tablets,5,2800.0,14000.0,2026-01-28,cancelled
1954,86,Customer 86,Rio de Janeiro,RJ,5,Headset Pro,Accessories,1,450.0,450.0,2026-04-07,completed
1955,142,Customer 142,Rio de Janeiro,RJ,6,SSD 1TB,Storage,1,700.0,700.0,2026-05-30,completed
1956,245,Customer 245,Porto Alegre,RS,2,Keyboard Mechanical,Accessories,1,350.0,350.0,2026-01-16,completed
1957,385,Customer 385,São Paulo,SP,10,Laptop Stand,Accessories,1,250.0,250.0,2026-01-25,completed
1958,268,Customer 268,São Paulo,SP,7,Webcam Full HD,Accessories,5,300.0,1500.0,2026-05-14,completed
1959,478,Customer 478,Porto Alegre,RS,8,Tablet Pro,Tablets,3,2800.0,8400.0,2026-06-04,completed
1960,173,Customer 173,Salvador,BA,6,SSD 1TB,Storage,3,700.0,2100.0,2026-07-29,completed
1961,482,Customer 482,Salvador,BA,7,Webcam Full HD,Accessories,4,300.0,1200.0,2026-06-06,completed
1962,500,Customer 500,Salvador,BA,6,SSD 1TB,Storage,1,700.0,700.0,2026-01-01,completed
1963,446,Customer 446,Curitiba,PR,3,Monitor 27,Monitors,1,1200.0,1200.0,2026-06-04,completed
1964,445,Customer 445,Recife,PE,5,Headset Pro,Accessories,2,450.0,900.0,2026-04-05,completed
1965,317,Customer 317,Porto Alegre,RS,9,External HD 2TB,Storage,4,500.0,2000.0,2026-06-19,completed
1966,2,Customer 2,Salvador,BA,1,Notebook Pro,Computers,3,4500.0,13500.0,2026-08-12,completed
1967,497,Customer 497,Salvador,BA,8,Tablet Pro,Tablets,2,2800.0,5600.0,2026-06-05,completed
1968,205,Customer 205,Fortaleza,CE,2,Keyboard Mechanical,Accessories,3,350.0,1050.0,2026-04-20,completed
1969,338,Customer 338,Rio de Janeiro,RJ,7,Webcam Full HD,Accessories,3,300.0,900.0,2026-06-05,completed
1970,365,Customer 365,Niterói,RJ,9,External HD 2TB,Storage,5,500.0,2500.0,2026-07-20,cancelled
1971,259,Customer 259,São Paulo,SP,3,Monitor 27,Monitors,4,1200.0,4800.0,2026-07-23,completed
1972,155,Customer 155,Recife,PE,8,Tablet Pro,Tablets,2,2800.0,5600.0,2026-08-18,completed
1973,489,Customer 489,Rio de Janeiro,RJ,8,Tablet Pro,Tablets,5,2800.0,14000.0,2026-03-03,completed
1974,109,Customer 109,Niterói,RJ,2,Keyboard Mechanical,Accessories,1,350.0,350.0,2026-04-22,cancelled
1975,15,Customer 15,Niterói,RJ,6,SSD 1TB,Storage,4,700.0,2800.0,2026-07-16,completed
1976,113,Customer 113,Brasília,DF,8,Tablet Pro,Tablets,1,2800.0,2800.0,2026-06-20,completed
1977,473,Customer 473,Recife,PE,8,Tablet Pro,Tablets,1,2800.0,2800.0,2026-07-23,cancelled
1978,171,Customer 171,Belo Horizonte,MG,10,Laptop Stand,Accessories,5,250.0,1250.0,2026-01-17,cancelled
1979,176,Customer 176,Curitiba,PR,7,Webcam Full HD,Accessories,5,300.0,1500.0,2026-08-08,completed
1980,414,Customer 414,Belo Horizonte,MG,4,Mouse Wireless,Accessories,3,180.0,540.0,2026-01-30,completed
1981,45,Customer 45,Rio de Janeiro,RJ,2,Keyboard Mechanical,Accessories,3,350.0,1050.0,2026-07-09,completed
1982,480,Customer 480,Belo Horizonte,MG,2,Keyboard Mechanical,Accessories,5,350.0,1750.0,2026-04-05,completed
1983,437,Customer 437,Salvador,BA,7,Webcam Full HD,Accessories,5,300.0,1500.0,2026-07-08,completed
1984,160,Customer 160,São Paulo,SP,10,Laptop Stand,Accessories,5,250.0,1250.0,2026-02-18,completed
1985,217,Customer 217,Salvador,BA,6,SSD 1TB,Storage,2,700.0,1400.0,2026-05-14,cancelled
1986,309,Customer 309,Fortaleza,CE,4,Mouse Wireless,Accessories,1,180.0,180.0,2026-04-12,completed
1987,276,Customer 276,Porto Alegre,RS,6,SSD 1TB,Storage,2,700.0,1400.0,2026-07-28,completed
1988,429,Customer 429,Belo Horizonte,MG,8,Tablet Pro,Tablets,4,2800.0,11200.0,2026-02-07,completed
1989,146,Customer 146,Niterói,RJ,1,Notebook Pro,Computers,5,4500.0,22500.0,2026-03-23,completed
1990,258,Customer 258,Rio de Janeiro,RJ,5,Headset Pro,Accessories,5,450.0,2250.0,2026-05-03,cancelled
1991,425,Customer 425,Belo Horizonte,MG,8,Tablet Pro,Tablets,3,2800.0,8400.0,2026-06-30,completed
1992,31,Customer 31,Salvador,BA,3,Monitor 27,Monitors,2,1200.0,2400.0,2026-08-06,cancelled
1993,479,Customer 479,Belo Horizonte,MG,1,Notebook Pro,Computers,2,4500.0,9000.0,2026-08-08,completed
1994,373,Customer 373,Curitiba,PR,5,Headset Pro,Accessories,2,450.0,900.0,2026-01-06,completed
1995,201,Customer 201,Salvador,BA,7,Webcam Full HD,Accessories,4,300.0,1200.0,2026-03-31,completed
1996,201,Customer 201,Rio de Janeiro,RJ,9,External HD 2TB,Storage,3,500.0,1500.0,2026-03-14,cancelled
1997,473,Customer 473,Belo Horizonte,MG,9,External HD 2TB,Storage,4,500.0,2000.0,2026-01-25,completed
1998,166,Customer 166,Fortaleza,CE,1,Notebook Pro,Computers,3,4500.0,13500.0,2026-04-28,cancelled
1999,84,Customer 84,Fortaleza,CE,3,Monitor 27,Monitors,4,1200.0,4800.0,2026-06-28,completed
2000,150,Customer 150,Niterói,RJ,4,Mouse Wireless,Accessories,2,180.0,360.0,2026-07-25,cancelled
2001,101,Customer 101,São Paulo,SP,6,SSD 1TB,Storage,5,700.0,3500.0,2026-01-27,cancelled
2002,403,Customer 403,Niterói,RJ,7,Webcam Full HD,Accessories,4,300.0,1200.0,2026-06-23,completed
2003,475,Customer 475,São Paulo,SP,2,Keyboard Mechanical,Accessories,3,350.0,1050.0,2026-05-02,completed
2004,484,Customer 484,São Paulo,SP,2,Keyboard Mechanical,Accessories,5,350.0,1750.0,2026-06-16,completed
2005,304,Customer 304,Curitiba,PR,3,Monitor 27,Monitors,4,1200.0,4800.0,2026-03-04,completed
2006,61,Customer 61,Belo Horizonte,MG,7,Webcam Full HD,Accessories,4,300.0,1200.0,2026-03-19,cancelled
2007,306,Customer 306,Niterói,RJ,7,Webcam Full HD,Accessories,1,300.0,300.0,2026-07-19,completed
2008,443,Customer 443,Curitiba,PR,5,Headset Pro,Accessories,4,450.0,1800.0,2026-04-05,completed
2009,62,Customer 62,Rio de Janeiro,RJ,2,Keyboard Mechanical,Accessories,1,350.0,350.0,2026-05-06,cancelled
2010,343,Customer 343,Recife,PE,4,Mouse Wireless,Accessories,1,180.0,180.0,2026-05-31,completed
2011,294,Customer 294,Porto Alegre,RS,5,Headset Pro,Accessories,1,450.0,450.0,2026-07-23,completed
2012,93,Customer 93,Curitiba,PR,8,Tablet Pro,Tablets,4,2800.0,11200.0,2026-03-18,completed
2013,65,Customer 65,Rio de Janeiro,RJ,6,SSD 1TB,Storage,1,700.0,700.0,2026-07-02,completed
2014,95,Customer 95,Curitiba,PR,1,Notebook Pro,Computers,4,4500.0,18000.0,2026-05-23,completed
2015,402,Customer 402,Recife,PE,8,Tablet Pro,Tablets,1,2800.0,2800.0,2026-05-13,completed
2016,276,Customer 276,Rio de Janeiro,RJ,4,Mouse Wireless,Accessories,1,180.0,180.0,2026-02-16,completed
2017,356,Customer 356,Niterói,RJ,1,Notebook Pro,Computers,5,4500.0,22500.0,2026-04-25,completed
2018,63,Customer 63,São Paulo,SP,3,Monitor 27,Monitors,5,1200.0,6000.0,2026-02-22,cancelled
2019,83,Customer 83,Rio de Janeiro,RJ,9,External HD 2TB,Storage,3,500.0,1500.0,2026-08-06,completed
2020,44,Customer 44,Rio de Janeiro,RJ,9,External HD 2TB,Storage,3,500.0,1500.0,2026-04-04,completed
2021,88,Customer 88,Curitiba,PR,1,Notebook Pro,Computers,2,4500.0,9000.0,2026-03-18,completed
2022,485,Customer 485,Recife,PE,5,Headset Pro,Accessories,5,450.0,2250.0,2026-04-24,completed
2023,296,Customer 296,Porto Alegre,RS,6,SSD 1TB,Storage,5,700.0,3500.0,2026-08-22,completed
2024,311,Customer 311,Recife,PE,9,External HD 2TB,Storage,2,500.0,1000.0,2026-06-26,completed
2025,340,Customer 340,São Paulo,SP,4,Mouse Wireless,Accessories,1,180.0,180.0,2026-02-18,completed
2026,154,Customer 154,Belo Horizonte,MG,3,Monitor 27,Monitors,5,1200.0,6000.0,2026-05-22,completed
2027,303,Customer 303,Salvador,BA,5,Headset Pro,Accessories,2,450.0,900.0,2026-07-06,completed
2028,217,Customer 217,Rio de Janeiro,RJ,9,External HD 2TB,Storage,3,500.0,1500.0,2026-03-08,completed
2029,333,Customer 333,Niterói,RJ,7,Webcam Full HD,Accessories,4,300.0,1200.0,2026-01-22,completed
2030,347,Customer 347,Curitiba,PR,3,Monitor 27,Monitors,5,1200.0,6000.0,2026-02-22,completed
2031,323,Customer 323,Brasília,DF,4,Mouse Wireless,Accessories,3,180.0,540.0,2026-05-25,cancelled
2032,332,Customer 332,Recife,PE,10,Laptop Stand,Accessories,2,250.0,500.0,2026-04-18,completed
2033,162,Customer 162,Curitiba,PR,7,Webcam Full HD,Accessories,1,300.0,300.0,2026-06-04,completed
2034,40,Customer 40,Brasília,DF,2,Keyboard Mechanical,Accessories,5,350.0,1750.0,2026-01-29,cancelled
2035,281,Customer 281,Curitiba,PR,2,Keyboard Mechanical,Accessories,3,350.0,1050.0,2026-06-13,completed
2036,186,Customer 186,Salvador,BA,5,Headset Pro,Accessories,2,450.0,900.0,2026-08-11,completed
2037,141,Customer 141,São Paulo,SP,2,Keyboard Mechanical,Accessories,4,350.0,1400.0,2026-02-26,completed
2038,488,Customer 488,Rio de Janeiro,RJ,2,Keyboard Mechanical,Accessories,2,350.0,700.0,2026-05-15,cancelled
2039,449,Customer 449,Brasília,DF,10,Laptop Stand,Accessories,4,250.0,1000.0,2026-01-25,completed
2040,179,Customer 179,Fortaleza,CE,5,Headset Pro,Accessories,5,450.0,2250.0,2026-03-11,completed
2041,51,Customer 51,São Paulo,SP,3,Monitor 27,Monitors,3,1200.0,3600.0,2026-07-12,completed
2042,93,Customer 93,Salvador,BA,9,External HD 2TB,Storage,5,500.0,2500.0,2026-06-02,completed
2043,245,Customer 245,Fortaleza,CE,3,Monitor 27,Monitors,3,1200.0,3600.0,2026-01-03,cancelled
2044,263,Customer 263,Niterói,RJ,3,Monitor 27,Monitors,2,1200.0,2400.0,2026-04-07,completed
2045,377,Customer 377,Brasília,DF,1,Notebook Pro,Computers,3,4500.0,13500.0,2026-07-01,completed
2046,348,Customer 348,Fortaleza,CE,7,Webcam Full HD,Accessories,4,300.0,1200.0,2026-02-16,completed
2047,182,Customer 182,Porto Alegre,RS,9,External HD 2TB,Storage,3,500.0,1500.0,2026-03-12,completed
2048,267,Customer 267,Belo Horizonte,MG,5,Headset Pro,Accessories,1,450.0,450.0,2026-03-20,completed
2049,395,Customer 395,Salvador,BA,2,Keyboard Mechanical,Accessories,1,350.0,350.0,2026-01-20,cancelled
2050,123,Customer 123,Rio de Janeiro,RJ,3,Monitor 27,Monitors,5,1200.0,6000.0,2026-01-15,completed
2051,381,Customer 381,Brasília,DF,9,External HD 2TB,Storage,4,500.0,2000.0,2026-07-26,completed
2052,493,Customer 493,Curitiba,PR,9,External HD 2TB,Storage,2,500.0,1000.0,2026-05-03,completed
2053,264,Customer 264,Recife,PE,2,Keyboard Mechanical,Accessories,4,350.0,1400.0,2026-01-04,completed
2054,98,Customer 98,São Paulo,SP,7,Webcam Full HD,Accessories,5,300.0,1500.0,2026-07-11,completed
2055,126,Customer 126,Recife,PE,10,Laptop Stand,Accessories,1,250.0,250.0,2026-06-05,completed
2056,494,Customer 494,Niterói,RJ,9,External HD 2TB,Storage,2,500.0,1000.0,2026-02-14,completed
2057,188,Customer 188,Niterói,RJ,9,External HD 2TB,Storage,3,500.0,1500.0,2026-01-14,completed
2058,254,Customer 254,Curitiba,PR,3,Monitor 27,Monitors,3,1200.0,3600.0,2026-01-29,completed
2059,468,Customer 468,Belo Horizonte,MG,9,External HD 2TB,Storage,1,500.0,500.0,2026-03-16,completed
2060,248,Customer 248,Brasília,DF,5,Headset Pro,Accessories,2,450.0,900.0,2026-01-01,cancelled
2061,324,Customer 324,Fortaleza,CE,7,Webcam Full HD,Accessories,2,300.0,600.0,2026-08-25,completed
2062,476,Customer 476,Recife,PE,1,Notebook Pro,Computers,4,4500.0,18000.0,2026-08-17,completed
2063,435,Customer 435,Porto Alegre,RS,1,Notebook Pro,Computers,3,4500.0,13500.0,2026-01-02,completed
2064,236,Customer 236,Salvador,BA,5,Headset Pro,Accessories,3,450.0,1350.0,2026-01-28,completed
2065,180,Customer 180,Niterói,RJ,7,Webcam Full HD,Accessories,3,300.0,900.0,2026-01-03,completed
2066,221,Customer 221,Porto Alegre,RS,4,Mouse Wireless,Accessories,1,180.0,180.0,2026-05-16,completed
2067,461,Customer 461,Niterói,RJ,7,Webcam Full HD,Accessories,1,300.0,300.0,2026-08-22,completed
2068,4,Customer 4,Niterói,RJ,5,Headset Pro,Accessories,2,450.0,900.0,2026-05-01,completed
2069,192,Customer 192,Brasília,DF,6,SSD 1TB,Storage,4,700.0,2800.0,2026-08-17,completed
2070,275,Customer 275,Brasília,DF,2,Keyboard Mechanical,Accessories,4,350.0,1400.0,2026-06-18,completed
2071,83,Customer 83,Niterói,RJ,6,SSD 1TB,Storage,4,700.0,2800.0,2026-01-02,completed
2072,453,Customer 453,Belo Horizonte,MG,2,Keyboard Mechanical,Accessories,2,350.0,700.0,2026-03-14,completed
2073,69,Customer 69,Curitiba,PR,7,Webcam Full HD,Accessories,3,300.0,900.0,2026-08-19,completed
2074,83,Customer 83,Belo Horizonte,MG,8,Tablet Pro,Tablets,3,2800.0,8400.0,2026-01-31,completed
2075,251,Customer 251,Recife,PE,8,Tablet Pro,Tablets,2,2800.0,5600.0,2026-03-25,completed
2076,257,Customer 257,Curitiba,PR,3,Monitor 27,Monitors,1,1200.0,1200.0,2026-01-28,completed
2077,65,Customer 65,Niterói,RJ,6,SSD 1TB,Storage,5,700.0,3500.0,2026-01-04,cancelled
2078,122,Customer 122,São Paulo,SP,6,SSD 1TB,Storage,4,700.0,2800.0,2026-06-02,cancelled
2079,5,Customer 5,Curitiba,PR,8,Tablet Pro,Tablets,3,2800.0,8400.0,2026-03-14,completed
2080,43,Customer 43,Curitiba,PR,4,Mouse Wireless,Accessories,5,180.0,900.0,2026-02-09,cancelled
2081,262,Customer 262,Niterói,RJ,4,Mouse Wireless,Accessories,3,180.0,540.0,2026-07-16,completed
2082,443,Customer 443,Brasília,DF,4,Mouse Wireless,Accessories,4,180.0,720.0,2026-02-20,completed
2083,362,Customer 362,Rio de Janeiro,RJ,9,External HD 2TB,Storage,5,500.0,2500.0,2026-02-16,completed
2084,438,Customer 438,Fortaleza,CE,3,Monitor 27,Monitors,2,1200.0,2400.0,2026-01-31,completed
2085,206,Customer 206,São Paulo,SP,5,Headset Pro,Accessories,2,450.0,900.0,2026-08-26,completed
2086,219,Customer 219,São Paulo,SP,10,Laptop Stand,Accessories,2,250.0,500.0,2026-01-24,completed
2087,195,Customer 195,Curitiba,PR,9,External HD 2TB,Storage,3,500.0,1500.0,2026-06-29,cancelled
2088,119,Customer 119,Belo Horizonte,MG,6,SSD 1TB,Storage,4,700.0,2800.0,2026-05-03,completed
2089,262,Customer 262,Curitiba,PR,1,Notebook Pro,Computers,3,4500.0,13500.0,2026-01-29,completed
2090,187,Customer 187,Brasília,DF,6,SSD 1TB,Storage,4,700.0,2800.0,2026-03-05,completed
2091,459,Customer 459,São Paulo,SP,3,Monitor 27,Monitors,1,1200.0,1200.0,2026-01-01,completed
2092,339,Customer 339,Salvador,BA,4,Mouse Wireless,Accessories,3,180.0,540.0,2026-05-01,completed
2093,466,Customer 466,Fortaleza,CE,2,Keyboard Mechanical,Accessories,4,350.0,1400.0,2026-02-17,completed
2094,486,Customer 486,Porto Alegre,RS,6,SSD 1TB,Storage,3,700.0,2100.0,2026-03-19,completed
2095,50,Customer 50,São Paulo,SP,9,External HD 2TB,Storage,2,500.0,1000.0,2026-03-26,completed
2096,380,Customer 380,Salvador,BA,10,Laptop Stand,Accessories,5,250.0,1250.0,2026-06-04,completed
2097,122,Customer 122,Brasília,DF,4,Mouse Wireless,Accessories,5,180.0,900.0,2026-04-09,completed
2098,455,Customer 455,Rio de Janeiro,RJ,3,Monitor 27,Monitors,5,1200.0,6000.0,2026-01-31,completed
2099,301,Customer 301,Belo Horizonte,MG,4,Mouse Wireless,Accessories,4,180.0,720.0,2026-08-25,completed
2100,39,Customer 39,Recife,PE,10,Laptop Stand,Accessories,3,250.0,750.0,2026-03-19,cancelled
2101,243,Customer 243,Belo Horizonte,MG,9,External HD 2TB,Storage,2,500.0,1000.0,2026-01-12,completed
2102,99,Customer 99,Curitiba,PR,9,External HD 2TB,Storage,3,500.0,1500.0,2026-08-17,completed
2103,500,Customer 500,Salvador,BA,6,SSD 1TB,Storage,4,700.0,2800.0,2026-06-11,cancelled
2104,61,Customer 61,Curitiba,PR,2,Keyboard Mechanical,Accessories,4,350.0,1400.0,2026-04-18,completed
2105,477,Customer 477,Recife,PE,1,Notebook Pro,Computers,2,4500.0,9000.0,2026-06-03,completed
2106,357,Customer 357,Niterói,RJ,5,Headset Pro,Accessories,1,450.0,450.0,2026-05-25,completed
2107,407,Customer 407,Belo Horizonte,MG,7,Webcam Full HD,Accessories,4,300.0,1200.0,2026-06-25,completed
2108,446,Customer 446,Recife,PE,2,Keyboard Mechanical,Accessories,2,350.0,700.0,2026-04-23,completed
2109,197,Customer 197,Recife,PE,7,Webcam Full HD,Accessories,4,300.0,1200.0,2026-06-05,completed
2110,106,Customer 106,Niterói,RJ,1,Notebook Pro,Computers,2,4500.0,9000.0,2026-05-27,completed
2111,304,Customer 304,São Paulo,SP,9,External HD 2TB,Storage,4,500.0,2000.0,2026-05-09,cancelled
2112,369,Customer 369,Recife,PE,5,Headset Pro,Accessories,3,450.0,1350.0,2026-08-07,completed
2113,152,Customer 152,Brasília,DF,9,External HD 2TB,Storage,1,500.0,500.0,2026-02-13,completed
2114,24,Customer 24,Recife,PE,4,Mouse Wireless,Accessories,3,180.0,540.0,2026-01-11,cancelled
2115,76,Customer 76,Brasília,DF,3,Monitor 27,Monitors,3,1200.0,3600.0,2026-08-12,completed
2116,329,Customer 329,Belo Horizonte,MG,4,Mouse Wireless,Accessories,5,180.0,900.0,2026-01-30,completed
2117,333,Customer 333,Salvador,BA,10,Laptop Stand,Accessories,3,250.0,750.0,2026-03-25,completed
2118,485,Customer 485,Recife,PE,5,Headset Pro,Accessories,2,450.0,900.0,2026-04-15,completed
2119,151,Customer 151,Salvador,BA,1,Notebook Pro,Computers,1,4500.0,4500.0,2026-07-30,completed
2120,113,Customer 113,Brasília,DF,3,Monitor 27,Monitors,3,1200.0,3600.0,2026-01-05,completed
2121,337,Customer 337,Fortaleza,CE,2,Keyboard Mechanical,Accessories,4,350.0,1400.0,2026-06-17,completed
2122,446,Customer 446,Fortaleza,CE,9,External HD 2TB,Storage,2,500.0,1000.0,2026-07-29,completed
2123,113,Customer 113,Salvador,BA,5,Headset Pro,Accessories,2,450.0,900.0,2026-05-29,cancelled
2124,414,Customer 414,Curitiba,PR,3,Monitor 27,Monitors,4,1200.0,4800.0,2026-03-01,cancelled
2125,372,Customer 372,Curitiba,PR,6,SSD 1TB,Storage,2,700.0,1400.0,2026-08-19,completed
2126,48,Customer 48,Porto Alegre,RS,3,Monitor 27,Monitors,4,1200.0,4800.0,2026-02-17,completed
2127,97,Customer 97,Fortaleza,CE,8,Tablet Pro,Tablets,2,2800.0,5600.0,2026-06-15,completed
2128,11,Customer 11,Brasília,DF,3,Monitor 27,Monitors,2,1200.0,2400.0,2026-07-29,completed
2129,352,Customer 352,Fortaleza,CE,4,Mouse Wireless,Accessories,1,180.0,180.0,2026-02-06,completed
2130,219,Customer 219,Belo Horizonte,MG,8,Tablet Pro,Tablets,4,2800.0,11200.0,2026-01-26,cancelled
2131,270,Customer 270,Niterói,RJ,1,Notebook Pro,Computers,5,4500.0,22500.0,2026-01-26,completed
2132,197,Customer 197,São Paulo,SP,2,Keyboard Mechanical,Accessories,1,350.0,350.0,2026-07-15,cancelled
2133,479,Customer 479,São Paulo,SP,3,Monitor 27,Monitors,2,1200.0,2400.0,2026-07-17,completed
2134,138,Customer 138,Niterói,RJ,10,Laptop Stand,Accessories,1,250.0,250.0,2026-07-22,completed
2135,491,Customer 491,Rio de Janeiro,RJ,9,External HD 2TB,Storage,3,500.0,1500.0,2026-08-07,cancelled
2136,44,Customer 44,Belo Horizonte,MG,3,Monitor 27,Monitors,4,1200.0,4800.0,2026-07-14,completed
2137,457,Customer 457,Porto Alegre,RS,3,Monitor 27,Monitors,3,1200.0,3600.0,2026-03-26,completed
2138,80,Customer 80,Belo Horizonte,MG,1,Notebook Pro,Computers,5,4500.0,22500.0,2026-06-27,completed
2139,322,Customer 322,Recife,PE,2,Keyboard Mechanical,Accessories,1,350.0,350.0,2026-07-31,completed
2140,53,Customer 53,Recife,PE,5,Headset Pro,Accessories,1,450.0,450.0,2026-05-11,completed
2141,73,Customer 73,São Paulo,SP,4,Mouse Wireless,Accessories,1,180.0,180.0,2026-02-28,completed
2142,198,Customer 198,Niterói,RJ,6,SSD 1TB,Storage,3,700.0,2100.0,2026-02-27,cancelled
2143,197,Customer 197,Rio de Janeiro,RJ,8,Tablet Pro,Tablets,2,2800.0,5600.0,2026-01-29,completed
2144,53,Customer 53,Brasília,DF,6,SSD 1TB,Storage,1,700.0,700.0,2026-06-07,completed
2145,61,Customer 61,Salvador,BA,2,Keyboard Mechanical,Accessories,1,350.0,350.0,2026-06-04,completed
2146,92,Customer 92,Curitiba,PR,9,External HD 2TB,Storage,3,500.0,1500.0,2026-06-03,completed
2147,348,Customer 348,Curitiba,PR,3,Monitor 27,Monitors,3,1200.0,3600.0,2026-06-09,completed
2148,179,Customer 179,Rio de Janeiro,RJ,5,Headset Pro,Accessories,4,450.0,1800.0,2026-06-19,completed
2149,478,Customer 478,Brasília,DF,2,Keyboard Mechanical,Accessories,1,350.0,350.0,2026-08-09,completed
2150,399,Customer 399,Niterói,RJ,6,SSD 1TB,Storage,2,700.0,1400.0,2026-04-10,completed
2151,370,Customer 370,Porto Alegre,RS,2,Keyboard Mechanical,Accessories,1,350.0,350.0,2026-05-28,completed
2152,492,Customer 492,Brasília,DF,3,Monitor 27,Monitors,1,1200.0,1200.0,2026-03-24,completed
2153,94,Customer 94,Curitiba,PR,6,SSD 1TB,Storage,3,700.0,2100.0,2026-05-07,completed
2154,247,Customer 247,Curitiba,PR,10,Laptop Stand,Accessories,3,250.0,750.0,2026-02-05,cancelled
2155,472,Customer 472,Belo Horizonte,MG,7,Webcam Full HD,Accessories,4,300.0,1200.0,2026-05-21,completed
2156,276,Customer 276,Recife,PE,8,Tablet Pro,Tablets,5,2800.0,14000.0,2026-05-18,completed
2157,197,Customer 197,Rio de Janeiro,RJ,10,Laptop Stand,Accessories,4,250.0,1000.0,2026-05-15,completed
2158,398,Customer 398,Belo Horizonte,MG,2,Keyboard Mechanical,Accessories,2,350.0,700.0,2026-04-03,completed
2159,105,Customer 105,São Paulo,SP,6,SSD 1TB,Storage,5,700.0,3500.0,2026-05-02,completed
2160,472,Customer 472,Rio de Janeiro,RJ,1,Notebook Pro,Computers,3,4500.0,13500.0,2026-04-03,completed
2161,151,Customer 151,Porto Alegre,RS,3,Monitor 27,Monitors,5,1200.0,6000.0,2026-08-27,completed
2162,125,Customer 125,Belo Horizonte,MG,4,Mouse Wireless,Accessories,1,180.0,180.0,2026-07-11,completed
2163,61,Customer 61,Niterói,RJ,7,Webcam Full HD,Accessories,1,300.0,300.0,2026-06-28,completed
2164,191,Customer 191,São Paulo,SP,2,Keyboard Mechanical,Accessories,5,350.0,1750.0,2026-01-19,completed
2165,429,Customer 429,Fortaleza,CE,3,Monitor 27,Monitors,1,1200.0,1200.0,2026-02-07,completed
2166,73,Customer 73,Rio de Janeiro,RJ,4,Mouse Wireless,Accessories,1,180.0,180.0,2026-01-04,completed
2167,426,Customer 426,Curitiba,PR,3,Monitor 27,Monitors,2,1200.0,2400.0,2026-05-01,cancelled
2168,72,Customer 72,Recife,PE,5,Headset Pro,Accessories,4,450.0,1800.0,2026-04-16,cancelled
2169,173,Customer 173,Porto Alegre,RS,1,Notebook Pro,Computers,3,4500.0,13500.0,2026-01-29,completed
2170,31,Customer 31,São Paulo,SP,10,Laptop Stand,Accessories,2,250.0,500.0,2026-05-09,completed
2171,6,Customer 6,Curitiba,PR,7,Webcam Full HD,Accessories,4,300.0,1200.0,2026-05-22,cancelled
2172,425,Customer 425,Brasília,DF,10,Laptop Stand,Accessories,5,250.0,1250.0,2026-03-20,cancelled
2173,117,Customer 117,Curitiba,PR,3,Monitor 27,Monitors,3,1200.0,3600.0,2026-01-24,completed
2174,194,Customer 194,Niterói,RJ,4,Mouse Wireless,Accessories,4,180.0,720.0,2026-06-08,completed
2175,113,Customer 113,Curitiba,PR,3,Monitor 27,Monitors,5,1200.0,6000.0,2026-06-04,completed
2176,419,Customer 419,Porto Alegre,RS,8,Tablet Pro,Tablets,3,2800.0,8400.0,2026-06-17,cancelled
2177,208,Customer 208,Curitiba,PR,3,Monitor 27,Monitors,1,1200.0,1200.0,2026-07-25,completed
2178,332,Customer 332,Curitiba,PR,4,Mouse Wireless,Accessories,3,180.0,540.0,2026-01-28,completed
2179,40,Customer 40,Salvador,BA,10,Laptop Stand,Accessories,3,250.0,750.0,2026-01-08,completed
2180,145,Customer 145,Niterói,RJ,9,External HD 2TB,Storage,1,500.0,500.0,2026-01-17,completed
2181,306,Customer 306,São Paulo,SP,5,Headset Pro,Accessories,2,450.0,900.0,2026-05-22,completed
2182,327,Customer 327,São Paulo,SP,4,Mouse Wireless,Accessories,3,180.0,540.0,2026-01-22,completed
2183,290,Customer 290,São Paulo,SP,10,Laptop Stand,Accessories,4,250.0,1000.0,2026-01-12,completed
2184,162,Customer 162,Rio de Janeiro,RJ,5,Headset Pro,Accessories,1,450.0,450.0,2026-04-02,completed
2185,491,Customer 491,Curitiba,PR,9,External HD 2TB,Storage,2,500.0,1000.0,2026-03-22,completed
2186,372,Customer 372,Salvador,BA,3,Monitor 27,Monitors,1,1200.0,1200.0,2026-03-26,completed
2187,460,Customer 460,Recife,PE,2,Keyboard Mechanical,Accessories,5,350.0,1750.0,2026-07-26,completed
2188,13,Customer 13,Fortaleza,CE,7,Webcam Full HD,Accessories,4,300.0,1200.0,2026-05-31,completed
2189,149,Customer 149,Niterói,RJ,3,Monitor 27,Monitors,4,1200.0,4800.0,2026-01-21,cancelled
2190,48,Customer 48,Belo Horizonte,MG,4,Mouse Wireless,Accessories,2,180.0,360.0,2026-07-16,cancelled
2191,83,Customer 83,Recife,PE,9,External HD 2TB,Storage,5,500.0,2500.0,2026-06-16,completed
2192,477,Customer 477,Salvador,BA,8,Tablet Pro,Tablets,2,2800.0,5600.0,2026-03-28,completed
2193,185,Customer 185,Fortaleza,CE,7,Webcam Full HD,Accessories,1,300.0,300.0,2026-08-17,cancelled
2194,397,Customer 397,Curitiba,PR,4,Mouse Wireless,Accessories,2,180.0,360.0,2026-06-06,completed
2195,39,Customer 39,Niterói,RJ,10,Laptop Stand,Accessories,4,250.0,1000.0,2026-01-25,completed
2196,74,Customer 74,Brasília,DF,9,External HD 2TB,Storage,1,500.0,500.0,2026-05-08,completed
2197,233,Customer 233,Salvador,BA,3,Monitor 27,Monitors,3,1200.0,3600.0,2026-02-11,completed
2198,144,Customer 144,Fortaleza,CE,6,SSD 1TB,Storage,3,700.0,2100.0,2026-01-23,completed
2199,92,Customer 92,Porto Alegre,RS,5,Headset Pro,Accessories,4,450.0,1800.0,2026-03-07,completed
2200,333,Customer 333,Niterói,RJ,2,Keyboard Mechanical,Accessories,5,350.0,1750.0,2026-05-05,completed
2201,187,Customer 187,Brasília,DF,7,Webcam Full HD,Accessories,4,300.0,1200.0,2026-08-08,completed
2202,470,Customer 470,Niterói,RJ,8,Tablet Pro,Tablets,3,2800.0,8400.0,2026-05-12,completed
2203,488,Customer 488,Salvador,BA,6,SSD 1TB,Storage,1,700.0,700.0,2026-06-24,completed
2204,260,Customer 260,Porto Alegre,RS,5,Headset Pro,Accessories,1,450.0,450.0,2026-06-08,cancelled
2205,30,Customer 30,Belo Horizonte,MG,9,External HD 2TB,Storage,1,500.0,500.0,2026-02-09,completed
2206,149,Customer 149,Curitiba,PR,3,Monitor 27,Monitors,5,1200.0,6000.0,2026-04-13,completed
2207,115,Customer 115,Curitiba,PR,8,Tablet Pro,Tablets,1,2800.0,2800.0,2026-03-31,completed
2208,240,Customer 240,Recife,PE,8,Tablet Pro,Tablets,1,2800.0,2800.0,2026-01-22,completed
2209,375,Customer 375,Rio de Janeiro,RJ,7,Webcam Full HD,Accessories,4,300.0,1200.0,2026-02-21,completed
2210,169,Customer 169,Rio de Janeiro,RJ,6,SSD 1TB,Storage,3,700.0,2100.0,2026-06-04,completed
2211,109,Customer 109,Porto Alegre,RS,2,Keyboard Mechanical,Accessories,3,350.0,1050.0,2026-04-27,completed
2212,280,Customer 280,Niterói,RJ,8,Tablet Pro,Tablets,2,2800.0,5600.0,2026-06-13,completed
2213,164,Customer 164,Fortaleza,CE,1,Notebook Pro,Computers,5,4500.0,22500.0,2026-07-18,completed
2214,32,Customer 32,Salvador,BA,7,Webcam Full HD,Accessories,4,300.0,1200.0,2026-02-24,completed
2215,109,Customer 109,São Paulo,SP,7,Webcam Full HD,Accessories,3,300.0,900.0,2026-03-06,cancelled
2216,91,Customer 91,Rio de Janeiro,RJ,3,Monitor 27,Monitors,1,1200.0,1200.0,2026-03-12,completed
2217,42,Customer 42,Brasília,DF,8,Tablet Pro,Tablets,4,2800.0,11200.0,2026-05-15,completed
2218,343,Customer 343,Brasília,DF,3,Monitor 27,Monitors,1,1200.0,1200.0,2026-01-24,completed
2219,176,Customer 176,Brasília,DF,3,Monitor 27,Monitors,2,1200.0,2400.0,2026-03-31,completed
2220,247,Customer 247,Porto Alegre,RS,9,External HD 2TB,Storage,2,500.0,1000.0,2026-06-28,completed
2221,182,Customer 182,Fortaleza,CE,7,Webcam Full HD,Accessories,1,300.0,300.0,2026-05-24,completed
2222,102,Customer 102,Rio de Janeiro,RJ,10,Laptop Stand,Accessories,5,250.0,1250.0,2026-02-07,completed
2223,341,Customer 341,Salvador,BA,1,Notebook Pro,Computers,2,4500.0,9000.0,2026-08-18,completed
2224,479,Customer 479,Niterói,RJ,8,Tablet Pro,Tablets,3,2800.0,8400.0,2026-01-30,cancelled
2225,209,Customer 209,Brasília,DF,9,External HD 2TB,Storage,1,500.0,500.0,2026-04-26,completed
2226,325,Customer 325,Porto Alegre,RS,10,Laptop Stand,Accessories,1,250.0,250.0,2026-01-10,completed
2227,382,Customer 382,Belo Horizonte,MG,7,Webcam Full HD,Accessories,5,300.0,1500.0,2026-07-18,completed
2228,308,Customer 308,Curitiba,PR,4,Mouse Wireless,Accessories,3,180.0,540.0,2026-02-23,completed
2229,498,Customer 498,Fortaleza,CE,1,Notebook Pro,Computers,3,4500.0,13500.0,2026-07-28,completed
2230,9,Customer 9,Brasília,DF,5,Headset Pro,Accessories,5,450.0,2250.0,2026-07-29,completed
2231,359,Customer 359,Porto Alegre,RS,8,Tablet Pro,Tablets,4,2800.0,11200.0,2026-04-16,completed
2232,181,Customer 181,Recife,PE,7,Webcam Full HD,Accessories,5,300.0,1500.0,2026-07-15,completed
2233,59,Customer 59,Niterói,RJ,8,Tablet Pro,Tablets,4,2800.0,11200.0,2026-04-06,completed
2234,284,Customer 284,Fortaleza,CE,3,Monitor 27,Monitors,5,1200.0,6000.0,2026-04-22,completed
2235,146,Customer 146,Curitiba,PR,5,Headset Pro,Accessories,5,450.0,2250.0,2026-08-25,completed
2236,45,Customer 45,Rio de Janeiro,RJ,2,Keyboard Mechanical,Accessories,1,350.0,350.0,2026-06-07,completed
2237,54,Customer 54,Porto Alegre,RS,10,Laptop Stand,Accessories,5,250.0,1250.0,2026-01-26,cancelled
2238,228,Customer 228,Recife,PE,10,Laptop Stand,Accessories,1,250.0,250.0,2026-06-20,completed
2239,437,Customer 437,Curitiba,PR,4,Mouse Wireless,Accessories,2,180.0,360.0,2026-07-18,completed
2240,283,Customer 283,Curitiba,PR,2,Keyboard Mechanical,Accessories,2,350.0,700.0,2026-08-08,completed
2241,487,Customer 487,Rio de Janeiro,RJ,6,SSD 1TB,Storage,4,700.0,2800.0,2026-04-16,cancelled
2242,361,Customer 361,Curitiba,PR,1,Notebook Pro,Computers,3,4500.0,13500.0,2026-07-20,completed
2243,260,Customer 260,Brasília,DF,5,Headset Pro,Accessories,3,450.0,1350.0,2026-03-20,completed
2244,345,Customer 345,Belo Horizonte,MG,1,Notebook Pro,Computers,4,4500.0,18000.0,2026-01-09,completed
2245,14,Customer 14,Niterói,RJ,6,SSD 1TB,Storage,5,700.0,3500.0,2026-07-29,cancelled
2246,308,Customer 308,Salvador,BA,6,SSD 1TB,Storage,2,700.0,1400.0,2026-05-27,completed
2247,124,Customer 124,Recife,PE,7,Webcam Full HD,Accessories,2,300.0,600.0,2026-06-07,cancelled
2248,202,Customer 202,São Paulo,SP,10,Laptop Stand,Accessories,4,250.0,1000.0,2026-02-02,cancelled
2249,200,Customer 200,Niterói,RJ,7,Webcam Full HD,Accessories,3,300.0,900.0,2026-05-13,completed
2250,224,Customer 224,Belo Horizonte,MG,2,Keyboard Mechanical,Accessories,2,350.0,700.0,2026-05-10,completed
2251,324,Customer 324,Fortaleza,CE,7,Webcam Full HD,Accessories,3,300.0,900.0,2026-08-03,completed
2252,82,Customer 82,Salvador,BA,4,Mouse Wireless,Accessories,1,180.0,180.0,2026-01-24,completed
2253,224,Customer 224,São Paulo,SP,10,Laptop Stand,Accessories,2,250.0,500.0,2026-01-08,completed
2254,363,Customer 363,Recife,PE,2,Keyboard Mechanical,Accessories,5,350.0,1750.0,2026-04-08,completed
2255,381,Customer 381,Niterói,RJ,8,Tablet Pro,Tablets,3,2800.0,8400.0,2026-02-17,completed
2256,335,Customer 335,Belo Horizonte,MG,5,Headset Pro,Accessories,2,450.0,900.0,2026-05-18,completed
2257,372,Customer 372,Curitiba,PR,5,Headset Pro,Accessories,1,450.0,450.0,2026-03-12,completed
2258,479,Customer 479,Niterói,RJ,1,Notebook Pro,Computers,5,4500.0,22500.0,2026-08-10,completed
2259,57,Customer 57,Porto Alegre,RS,10,Laptop Stand,Accessories,1,250.0,250.0,2026-01-28,completed
2260,145,Customer 145,Brasília,DF,3,Monitor 27,Monitors,1,1200.0,1200.0,2026-01-20,completed
2261,433,Customer 433,Salvador,BA,4,Mouse Wireless,Accessories,4,180.0,720.0,2026-01-26,completed
2262,408,Customer 408,São Paulo,SP,7,Webcam Full HD,Accessories,1,300.0,300.0,2026-05-05,cancelled
2263,40,Customer 40,Belo Horizonte,MG,7,Webcam Full HD,Accessories,4,300.0,1200.0,2026-08-16,completed
2264,325,Customer 325,Porto Alegre,RS,3,Monitor 27,Monitors,2,1200.0,2400.0,2026-03-18,completed
2265,463,Customer 463,Niterói,RJ,10,Laptop Stand,Accessories,5,250.0,1250.0,2026-08-07,completed
2266,61,Customer 61,Salvador,BA,6,SSD 1TB,Storage,4,700.0,2800.0,2026-06-07,completed
2267,280,Customer 280,São Paulo,SP,3,Monitor 27,Monitors,5,1200.0,6000.0,2026-07-09,completed
2268,475,Customer 475,Rio de Janeiro,RJ,4,Mouse Wireless,Accessories,5,180.0,900.0,2026-01-08,completed
2269,12,Customer 12,Recife,PE,9,External HD 2TB,Storage,2,500.0,1000.0,2026-02-25,completed
2270,59,Customer 59,Belo Horizonte,MG,1,Notebook Pro,Computers,3,4500.0,13500.0,2026-02-05,completed
2271,43,Customer 43,Niterói,RJ,5,Headset Pro,Accessories,3,450.0,1350.0,2026-05-04,completed
2272,489,Customer 489,Rio de Janeiro,RJ,6,SSD 1TB,Storage,5,700.0,3500.0,2026-06-16,completed
2273,240,Customer 240,Porto Alegre,RS,7,Webcam Full HD,Accessories,5,300.0,1500.0,2026-04-13,completed
2274,129,Customer 129,Niterói,RJ,4,Mouse Wireless,Accessories,3,180.0,540.0,2026-04-11,completed
2275,299,Customer 299,Fortaleza,CE,5,Headset Pro,Accessories,2,450.0,900.0,2026-07-23,completed
2276,489,Customer 489,Porto Alegre,RS,7,Webcam Full HD,Accessories,4,300.0,1200.0,2026-04-19,completed
2277,383,Customer 383,Brasília,DF,6,SSD 1TB,Storage,5,700.0,3500.0,2026-01-28,completed
2278,197,Customer 197,Curitiba,PR,4,Mouse Wireless,Accessories,5,180.0,900.0,2026-04-01,completed
2279,460,Customer 460,Rio de Janeiro,RJ,8,Tablet Pro,Tablets,2,2800.0,5600.0,2026-08-16,completed
2280,491,Customer 491,Recife,PE,5,Headset Pro,Accessories,5,450.0,2250.0,2026-04-15,completed
2281,310,Customer 310,Recife,PE,6,SSD 1TB,Storage,4,700.0,2800.0,2026-01-08,completed
2282,93,Customer 93,Salvador,BA,7,Webcam Full HD,Accessories,2,300.0,600.0,2026-04-02,completed
2283,38,Customer 38,Belo Horizonte,MG,6,SSD 1TB,Storage,3,700.0,2100.0,2026-02-07,completed
2284,63,Customer 63,São Paulo,SP,6,SSD 1TB,Storage,1,700.0,700.0,2026-07-03,completed
2285,110,Customer 110,Porto Alegre,RS,10,Laptop Stand,Accessories,3,250.0,750.0,2026-08-19,completed
2286,288,Customer 288,Rio de Janeiro,RJ,7,Webcam Full HD,Accessories,3,300.0,900.0,2026-06-04,completed
2287,270,Customer 270,Belo Horizonte,MG,2,Keyboard Mechanical,Accessories,5,350.0,1750.0,2026-03-13,cancelled
2288,312,Customer 312,Rio de Janeiro,RJ,10,Laptop Stand,Accessories,4,250.0,1000.0,2026-06-24,completed
2289,163,Customer 163,Salvador,BA,4,Mouse Wireless,Accessories,2,180.0,360.0,2026-01-13,completed
2290,256,Customer 256,São Paulo,SP,5,Headset Pro,Accessories,4,450.0,1800.0,2026-01-31,completed
2291,232,Customer 232,Niterói,RJ,10,Laptop Stand,Accessories,3,250.0,750.0,2026-06-01,completed
2292,122,Customer 122,Fortaleza,CE,1,Notebook Pro,Computers,3,4500.0,13500.0,2026-01-05,cancelled
2293,402,Customer 402,Fortaleza,CE,1,Notebook Pro,Computers,4,4500.0,18000.0,2026-03-14,completed
2294,431,Customer 431,Curitiba,PR,1,Notebook Pro,Computers,5,4500.0,22500.0,2026-08-24,completed
2295,21,Customer 21,Salvador,BA,1,Notebook Pro,Computers,1,4500.0,4500.0,2026-05-01,completed
2296,425,Customer 425,Curitiba,PR,5,Headset Pro,Accessories,3,450.0,1350.0,2026-03-23,completed
2297,205,Customer 205,Rio de Janeiro,RJ,9,External HD 2TB,Storage,3,500.0,1500.0,2026-05-07,completed
2298,25,Customer 25,Curitiba,PR,5,Headset Pro,Accessories,4,450.0,1800.0,2026-05-07,cancelled
2299,496,Customer 496,Rio de Janeiro,RJ,6,SSD 1TB,Storage,5,700.0,3500.0,2026-01-27,completed
2300,115,Customer 115,São Paulo,SP,1,Notebook Pro,Computers,2,4500.0,9000.0,2026-01-27,completed
2301,442,Customer 442,Curitiba,PR,4,Mouse Wireless,Accessories,2,180.0,360.0,2026-01-23,completed
2302,371,Customer 371,Salvador,BA,9,External HD 2TB,Storage,1,500.0,500.0,2026-08-28,cancelled
2303,445,Customer 445,São Paulo,SP,5,Headset Pro,Accessories,1,450.0,450.0,2026-01-29,completed
2304,485,Customer 485,Brasília,DF,2,Keyboard Mechanical,Accessories,3,350.0,1050.0,2026-03-26,cancelled
2305,314,Customer 314,Curitiba,PR,5,Headset Pro,Accessories,2,450.0,900.0,2026-08-25,completed
2306,299,Customer 299,Porto Alegre,RS,2,Keyboard Mechanical,Accessories,2,350.0,700.0,2026-03-23,completed
2307,386,Customer 386,Fortaleza,CE,7,Webcam Full HD,Accessories,4,300.0,1200.0,2026-06-21,completed
2308,268,Customer 268,Recife,PE,4,Mouse Wireless,Accessories,5,180.0,900.0,2026-05-03,cancelled
2309,251,Customer 251,Brasília,DF,6,SSD 1TB,Storage,4,700.0,2800.0,2026-02-27,completed
2310,136,Customer 136,Brasília,DF,2,Keyboard Mechanical,Accessories,3,350.0,1050.0,2026-05-23,completed
2311,338,Customer 338,Belo Horizonte,MG,2,Keyboard Mechanical,Accessories,1,350.0,350.0,2026-05-07,completed
2312,109,Customer 109,São Paulo,SP,4,Mouse Wireless,Accessories,4,180.0,720.0,2026-07-29,completed
2313,97,Customer 97,Porto Alegre,RS,2,Keyboard Mechanical,Accessories,3,350.0,1050.0,2026-02-23,completed
2314,390,Customer 390,Recife,PE,9,External HD 2TB,Storage,3,500.0,1500.0,2026-07-14,completed
2315,363,Customer 363,Porto Alegre,RS,3,Monitor 27,Monitors,5,1200.0,6000.0,2026-01-28,completed
2316,113,Customer 113,Salvador,BA,7,Webcam Full HD,Accessories,4,300.0,1200.0,2026-08-11,completed
2317,263,Customer 263,Belo Horizonte,MG,7,Webcam Full HD,Accessories,2,300.0,600.0,2026-01-18,completed
2318,217,Customer 217,Niterói,RJ,5,Headset Pro,Accessories,5,450.0,2250.0,2026-06-15,completed
2319,76,Customer 76,Porto Alegre,RS,2,Keyboard Mechanical,Accessories,1,350.0,350.0,2026-03-03,completed
2320,458,Customer 458,Porto Alegre,RS,3,Monitor 27,Monitors,3,1200.0,3600.0,2026-01-08,completed
2321,339,Customer 339,Recife,PE,8,Tablet Pro,Tablets,3,2800.0,8400.0,2026-03-09,completed
2322,475,Customer 475,Recife,PE,2,Keyboard Mechanical,Accessories,3,350.0,1050.0,2026-04-21,completed
2323,78,Customer 78,Curitiba,PR,9,External HD 2TB,Storage,4,500.0,2000.0,2026-05-11,completed
2324,28,Customer 28,Porto Alegre,RS,5,Headset Pro,Accessories,3,450.0,1350.0,2026-01-26,completed
2325,333,Customer 333,Curitiba,PR,7,Webcam Full HD,Accessories,2,300.0,600.0,2026-03-17,completed
2326,207,Customer 207,Niterói,RJ,10,Laptop Stand,Accessories,3,250.0,750.0,2026-05-16,completed
2327,253,Customer 253,Recife,PE,7,Webcam Full HD,Accessories,1,300.0,300.0,2026-06-24,completed
2328,331,Customer 331,Belo Horizonte,MG,2,Keyboard Mechanical,Accessories,2,350.0,700.0,2026-01-30,completed
2329,459,Customer 459,São Paulo,SP,10,Laptop Stand,Accessories,3,250.0,750.0,2026-03-03,completed
2330,273,Customer 273,Rio de Janeiro,RJ,5,Headset Pro,Accessories,2,450.0,900.0,2026-08-14,completed
2331,359,Customer 359,Curitiba,PR,7,Webcam Full HD,Accessories,4,300.0,1200.0,2026-01-26,completed
2332,376,Customer 376,Brasília,DF,8,Tablet Pro,Tablets,2,2800.0,5600.0,2026-02-13,completed
2333,178,Customer 178,Brasília,DF,10,Laptop Stand,Accessories,3,250.0,750.0,2026-07-07,completed
2334,49,Customer 49,Niterói,RJ,9,External HD 2TB,Storage,5,500.0,2500.0,2026-05-03,cancelled
2335,157,Customer 157,Belo Horizonte,MG,3,Monitor 27,Monitors,3,1200.0,3600.0,2026-06-24,completed
2336,86,Customer 86,Niterói,RJ,6,SSD 1TB,Storage,4,700.0,2800.0,2026-02-06,completed
2337,342,Customer 342,Porto Alegre,RS,7,Webcam Full HD,Accessories,3,300.0,900.0,2026-01-06,completed
2338,499,Customer 499,Brasília,DF,2,Keyboard Mechanical,Accessories,2,350.0,700.0,2026-06-23,completed
2339,305,Customer 305,Salvador,BA,8,Tablet Pro,Tablets,5,2800.0,14000.0,2026-01-01,completed
2340,448,Customer 448,Belo Horizonte,MG,8,Tablet Pro,Tablets,1,2800.0,2800.0,2026-01-12,completed
2341,291,Customer 291,Brasília,DF,4,Mouse Wireless,Accessories,5,180.0,900.0,2026-05-09,completed
2342,387,Customer 387,Niterói,RJ,2,Keyboard Mechanical,Accessories,1,350.0,350.0,2026-03-19,cancelled
2343,172,Customer 172,Porto Alegre,RS,8,Tablet Pro,Tablets,3,2800.0,8400.0,2026-05-20,completed
2344,340,Customer 340,Porto Alegre,RS,5,Headset Pro,Accessories,3,450.0,1350.0,2026-04-28,completed
2345,424,Customer 424,Salvador,BA,5,Headset Pro,Accessories,3,450.0,1350.0,2026-08-17,completed
2346,397,Customer 397,Fortaleza,CE,8,Tablet Pro,Tablets,1,2800.0,2800.0,2026-03-11,cancelled
2347,266,Customer 266,São Paulo,SP,3,Monitor 27,Monitors,4,1200.0,4800.0,2026-08-08,completed
2348,338,Customer 338,Niterói,RJ,6,SSD 1TB,Storage,4,700.0,2800.0,2026-01-08,completed
2349,296,Customer 296,Curitiba,PR,6,SSD 1TB,Storage,2,700.0,1400.0,2026-07-10,completed
2350,100,Customer 100,Curitiba,PR,2,Keyboard Mechanical,Accessories,3,350.0,1050.0,2026-08-13,cancelled
2351,348,Customer 348,Recife,PE,8,Tablet Pro,Tablets,5,2800.0,14000.0,2026-02-14,completed
2352,467,Customer 467,Salvador,BA,6,SSD 1TB,Storage,4,700.0,2800.0,2026-05-31,completed
2353,484,Customer 484,Brasília,DF,5,Headset Pro,Accessories,2,450.0,900.0,2026-01-11,completed
2354,267,Customer 267,Salvador,BA,10,Laptop Stand,Accessories,1,250.0,250.0,2026-04-21,completed
2355,291,Customer 291,Salvador,BA,5,Headset Pro,Accessories,1,450.0,450.0,2026-01-03,completed
2356,475,Customer 475,Niterói,RJ,8,Tablet Pro,Tablets,2,2800.0,5600.0,2026-05-14,completed
2357,320,Customer 320,Recife,PE,3,Monitor 27,Monitors,3,1200.0,3600.0,2026-05-05,completed
2358,34,Customer 34,Brasília,DF,1,Notebook Pro,Computers,4,4500.0,18000.0,2026-01-11,completed
2359,145,Customer 145,Fortaleza,CE,2,Keyboard Mechanical,Accessories,1,350.0,350.0,2026-05-06,completed
2360,3,Customer 3,Curitiba,PR,6,SSD 1TB,Storage,1,700.0,700.0,2026-01-13,completed
2361,71,Customer 71,Salvador,BA,5,Headset Pro,Accessories,5,450.0,2250.0,2026-06-20,completed
2362,80,Customer 80,Rio de Janeiro,RJ,5,Headset Pro,Accessories,2,450.0,900.0,2026-07-07,completed
2363,222,Customer 222,Fortaleza,CE,2,Keyboard Mechanical,Accessories,3,350.0,1050.0,2026-02-26,completed
2364,243,Customer 243,Salvador,BA,4,Mouse Wireless,Accessories,4,180.0,720.0,2026-04-19,completed
2365,496,Customer 496,Rio de Janeiro,RJ,5,Headset Pro,Accessories,3,450.0,1350.0,2026-06-02,completed
2366,89,Customer 89,Fortaleza,CE,7,Webcam Full HD,Accessories,3,300.0,900.0,2026-07-25,completed
2367,72,Customer 72,Belo Horizonte,MG,5,Headset Pro,Accessories,2,450.0,900.0,2026-04-17,completed
2368,103,Customer 103,Brasília,DF,5,Headset Pro,Accessories,1,450.0,450.0,2026-03-18,completed
2369,475,Customer 475,Porto Alegre,RS,9,External HD 2TB,Storage,2,500.0,1000.0,2026-04-07,completed
2370,50,Customer 50,Niterói,RJ,9,External HD 2TB,Storage,4,500.0,2000.0,2026-06-27,completed
2371,258,Customer 258,Salvador,BA,8,Tablet Pro,Tablets,3,2800.0,8400.0,2026-04-20,completed
2372,216,Customer 216,Curitiba,PR,8,Tablet Pro,Tablets,1,2800.0,2800.0,2026-08-22,completed
2373,14,Customer 14,Curitiba,PR,2,Keyboard Mechanical,Accessories,2,350.0,700.0,2026-06-07,completed
2374,403,Customer 403,Belo Horizonte,MG,10,Laptop Stand,Accessories,5,250.0,1250.0,2026-04-06,completed
2375,318,Customer 318,Recife,PE,10,Laptop Stand,Accessories,3,250.0,750.0,2026-01-14,completed
2376,65,Customer 65,Curitiba,PR,1,Notebook Pro,Computers,4,4500.0,18000.0,2026-07-26,completed
2377,236,Customer 236,São Paulo,SP,2,Keyboard Mechanical,Accessories,1,350.0,350.0,2026-03-11,cancelled
2378,55,Customer 55,Salvador,BA,10,Laptop Stand,Accessories,1,250.0,250.0,2026-07-30,completed
2379,290,Customer 290,Porto Alegre,RS,6,SSD 1TB,Storage,1,700.0,700.0,2026-02-01,cancelled
2380,300,Customer 300,Recife,PE,1,Notebook Pro,Computers,2,4500.0,9000.0,2026-05-13,completed
2381,288,Customer 288,Porto Alegre,RS,3,Monitor 27,Monitors,2,1200.0,2400.0,2026-08-18,cancelled
2382,328,Customer 328,Niterói,RJ,5,Headset Pro,Accessories,3,450.0,1350.0,2026-07-04,completed
2383,413,Customer 413,Porto Alegre,RS,10,Laptop Stand,Accessories,2,250.0,500.0,2026-01-30,completed
2384,1,Customer 1,Niterói,RJ,10,Laptop Stand,Accessories,1,250.0,250.0,2026-05-14,completed
2385,127,Customer 127,Belo Horizonte,MG,2,Keyboard Mechanical,Accessories,4,350.0,1400.0,2026-01-07,completed
2386,228,Customer 228,Curitiba,PR,1,Notebook Pro,Computers,1,4500.0,4500.0,2026-03-18,completed
2387,248,Customer 248,Niterói,RJ,4,Mouse Wireless,Accessories,5,180.0,900.0,2026-03-08,completed
2388,349,Customer 349,Porto Alegre,RS,10,Laptop Stand,Accessories,1,250.0,250.0,2026-04-21,completed
2389,326,Customer 326,São Paulo,SP,3,Monitor 27,Monitors,2,1200.0,2400.0,2026-07-29,cancelled
2390,337,Customer 337,Belo Horizonte,MG,3,Monitor 27,Monitors,5,1200.0,6000.0,2026-07-09,cancelled
2391,280,Customer 280,Belo Horizonte,MG,8,Tablet Pro,Tablets,4,2800.0,11200.0,2026-03-16,completed
2392,342,Customer 342,Rio de Janeiro,RJ,10,Laptop Stand,Accessories,4,250.0,1000.0,2026-04-05,cancelled
2393,141,Customer 141,Curitiba,PR,7,Webcam Full HD,Accessories,1,300.0,300.0,2026-04-29,completed
2394,417,Customer 417,Curitiba,PR,3,Monitor 27,Monitors,1,1200.0,1200.0,2026-03-14,completed
2395,62,Customer 62,Fortaleza,CE,7,Webcam Full HD,Accessories,1,300.0,300.0,2026-05-29,completed
2396,18,Customer 18,Fortaleza,CE,8,Tablet Pro,Tablets,1,2800.0,2800.0,2026-08-21,completed
2397,493,Customer 493,Niterói,RJ,8,Tablet Pro,Tablets,4,2800.0,11200.0,2026-03-12,completed
2398,82,Customer 82,Salvador,BA,9,External HD 2TB,Storage,5,500.0,2500.0,2026-02-23,completed
2399,463,Customer 463,Recife,PE,7,Webcam Full HD,Accessories,5,300.0,1500.0,2026-01-17,completed
2400,336,Customer 336,Niterói,RJ,6,SSD 1TB,Storage,5,700.0,3500.0,2026-03-28,completed
2401,367,Customer 367,Niterói,RJ,5,Headset Pro,Accessories,3,450.0,1350.0,2026-08-25,completed
2402,35,Customer 35,Porto Alegre,RS,7,Webcam Full HD,Accessories,4,300.0,1200.0,2026-06-05,cancelled
2403,93,Customer 93,Fortaleza,CE,9,External HD 2TB,Storage,5,500.0,2500.0,2026-03-08,completed
2404,358,Customer 358,Salvador,BA,10,Laptop Stand,Accessories,5,250.0,1250.0,2026-03-31,completed
2405,317,Customer 317,Curitiba,PR,2,Keyboard Mechanical,Accessories,1,350.0,350.0,2026-01-08,cancelled
2406,82,Customer 82,Belo Horizonte,MG,2,Keyboard Mechanical,Accessories,1,350.0,350.0,2026-05-08,cancelled
2407,244,Customer 244,Salvador,BA,4,Mouse Wireless,Accessories,2,180.0,360.0,2026-01-27,completed
2408,373,Customer 373,Curitiba,PR,7,Webcam Full HD,Accessories,1,300.0,300.0,2026-01-16,completed
2409,129,Customer 129,Rio de Janeiro,RJ,1,Notebook Pro,Computers,1,4500.0,4500.0,2026-04-24,completed
2410,311,Customer 311,São Paulo,SP,3,Monitor 27,Monitors,3,1200.0,3600.0,2026-01-28,cancelled
2411,231,Customer 231,Curitiba,PR,3,Monitor 27,Monitors,5,1200.0,6000.0,2026-05-23,completed
2412,101,Customer 101,Brasília,DF,8,Tablet Pro,Tablets,4,2800.0,11200.0,2026-06-23,completed
2413,116,Customer 116,Belo Horizonte,MG,3,Monitor 27,Monitors,4,1200.0,4800.0,2026-07-28,completed
2414,415,Customer 415,Belo Horizonte,MG,2,Keyboard Mechanical,Accessories,5,350.0,1750.0,2026-01-07,cancelled
2415,492,Customer 492,Rio de Janeiro,RJ,4,Mouse Wireless,Accessories,1,180.0,180.0,2026-07-27,completed
2416,458,Customer 458,São Paulo,SP,6,SSD 1TB,Storage,4,700.0,2800.0,2026-05-26,completed
2417,443,Customer 443,Rio de Janeiro,RJ,6,SSD 1TB,Storage,2,700.0,1400.0,2026-06-24,cancelled
2418,491,Customer 491,Recife,PE,8,Tablet Pro,Tablets,2,2800.0,5600.0,2026-08-02,completed
2419,293,Customer 293,Porto Alegre,RS,9,External HD 2TB,Storage,3,500.0,1500.0,2026-04-02,completed
2420,461,Customer 461,Recife,PE,3,Monitor 27,Monitors,1,1200.0,1200.0,2026-04-23,completed
2421,321,Customer 321,Curitiba,PR,2,Keyboard Mechanical,Accessories,5,350.0,1750.0,2026-01-21,completed
2422,401,Customer 401,Recife,PE,5,Headset Pro,Accessories,1,450.0,450.0,2026-01-31,completed
2423,119,Customer 119,São Paulo,SP,10,Laptop Stand,Accessories,5,250.0,1250.0,2026-03-26,completed
2424,115,Customer 115,Brasília,DF,5,Headset Pro,Accessories,4,450.0,1800.0,2026-06-30,completed
2425,35,Customer 35,Niterói,RJ,5,Headset Pro,Accessories,1,450.0,450.0,2026-05-17,completed
2426,124,Customer 124,Recife,PE,10,Laptop Stand,Accessories,5,250.0,1250.0,2026-03-21,completed
2427,317,Customer 317,São Paulo,SP,9,External HD 2TB,Storage,1,500.0,500.0,2026-05-30,completed
2428,480,Customer 480,Brasília,DF,1,Notebook Pro,Computers,1,4500.0,4500.0,2026-03-28,completed
2429,134,Customer 134,Belo Horizonte,MG,6,SSD 1TB,Storage,1,700.0,700.0,2026-02-05,completed
2430,281,Customer 281,Salvador,BA,1,Notebook Pro,Computers,2,4500.0,9000.0,2026-05-07,completed
2431,413,Customer 413,Fortaleza,CE,10,Laptop Stand,Accessories,1,250.0,250.0,2026-03-30,completed
2432,487,Customer 487,Curitiba,PR,10,Laptop Stand,Accessories,5,250.0,1250.0,2026-08-26,completed
2433,455,Customer 455,Recife,PE,8,Tablet Pro,Tablets,2,2800.0,5600.0,2026-03-11,cancelled
2434,22,Customer 22,Rio de Janeiro,RJ,1,Notebook Pro,Computers,4,4500.0,18000.0,2026-05-10,completed
2435,333,Customer 333,Salvador,BA,7,Webcam Full HD,Accessories,4,300.0,1200.0,2026-03-19,completed
2436,11,Customer 11,São Paulo,SP,1,Notebook Pro,Computers,2,4500.0,9000.0,2026-05-17,completed
2437,441,Customer 441,Curitiba,PR,1,Notebook Pro,Computers,5,4500.0,22500.0,2026-05-04,completed
2438,199,Customer 199,Curitiba,PR,3,Monitor 27,Monitors,4,1200.0,4800.0,2026-06-29,completed
2439,282,Customer 282,Niterói,RJ,2,Keyboard Mechanical,Accessories,4,350.0,1400.0,2026-01-31,completed
2440,463,Customer 463,Salvador,BA,6,SSD 1TB,Storage,2,700.0,1400.0,2026-03-29,completed
2441,471,Customer 471,São Paulo,SP,4,Mouse Wireless,Accessories,2,180.0,360.0,2026-01-24,completed
2442,6,Customer 6,Belo Horizonte,MG,7,Webcam Full HD,Accessories,5,300.0,1500.0,2026-05-26,completed
2443,411,Customer 411,São Paulo,SP,4,Mouse Wireless,Accessories,1,180.0,180.0,2026-01-20,completed
2444,65,Customer 65,Porto Alegre,RS,3,Monitor 27,Monitors,3,1200.0,3600.0,2026-01-12,completed
2445,180,Customer 180,Fortaleza,CE,4,Mouse Wireless,Accessories,3,180.0,540.0,2026-02-03,completed
2446,204,Customer 204,Porto Alegre,RS,2,Keyboard Mechanical,Accessories,1,350.0,350.0,2026-01-20,completed
2447,481,Customer 481,Recife,PE,4,Mouse Wireless,Accessories,4,180.0,720.0,2026-06-30,cancelled
2448,417,Customer 417,Salvador,BA,4,Mouse Wireless,Accessories,4,180.0,720.0,2026-07-02,completed
2449,483,Customer 483,Salvador,BA,9,External HD 2TB,Storage,3,500.0,1500.0,2026-08-11,cancelled
2450,126,Customer 126,Recife,PE,5,Headset Pro,Accessories,3,450.0,1350.0,2026-06-28,completed
2451,258,Customer 258,Rio de Janeiro,RJ,1,Notebook Pro,Computers,3,4500.0,13500.0,2026-08-19,completed
2452,362,Customer 362,Fortaleza,CE,8,Tablet Pro,Tablets,3,2800.0,8400.0,2026-01-21,completed
2453,467,Customer 467,Niterói,RJ,9,External HD 2TB,Storage,2,500.0,1000.0,2026-03-20,cancelled
2454,284,Customer 284,Belo Horizonte,MG,2,Keyboard Mechanical,Accessories,3,350.0,1050.0,2026-07-05,completed
2455,19,Customer 19,Belo Horizonte,MG,8,Tablet Pro,Tablets,4,2800.0,11200.0,2026-01-30,completed
2456,256,Customer 256,São Paulo,SP,5,Headset Pro,Accessories,3,450.0,1350.0,2026-05-31,completed
2457,154,Customer 154,Rio de Janeiro,RJ,1,Notebook Pro,Computers,3,4500.0,13500.0,2026-08-07,completed
2458,197,Customer 197,Porto Alegre,RS,1,Notebook Pro,Computers,4,4500.0,18000.0,2026-04-09,completed
2459,23,Customer 23,Belo Horizonte,MG,4,Mouse Wireless,Accessories,4,180.0,720.0,2026-02-17,cancelled
2460,221,Customer 221,Recife,PE,1,Notebook Pro,Computers,3,4500.0,13500.0,2026-01-09,completed
2461,391,Customer 391,Salvador,BA,1,Notebook Pro,Computers,5,4500.0,22500.0,2026-07-13,completed
2462,473,Customer 473,Brasília,DF,10,Laptop Stand,Accessories,2,250.0,500.0,2026-07-13,completed
2463,175,Customer 175,Fortaleza,CE,7,Webcam Full HD,Accessories,4,300.0,1200.0,2026-07-20,cancelled
2464,476,Customer 476,São Paulo,SP,2,Keyboard Mechanical,Accessories,5,350.0,1750.0,2026-04-10,cancelled
2465,478,Customer 478,Brasília,DF,9,External HD 2TB,Storage,4,500.0,2000.0,2026-04-19,completed
2466,369,Customer 369,Fortaleza,CE,9,External HD 2TB,Storage,3,500.0,1500.0,2026-02-11,completed
2467,240,Customer 240,Belo Horizonte,MG,3,Monitor 27,Monitors,1,1200.0,1200.0,2026-03-13,cancelled
2468,487,Customer 487,Brasília,DF,2,Keyboard Mechanical,Accessories,2,350.0,700.0,2026-07-17,completed
2469,152,Customer 152,Salvador,BA,10,Laptop Stand,Accessories,4,250.0,1000.0,2026-01-10,completed
2470,141,Customer 141,Salvador,BA,5,Headset Pro,Accessories,3,450.0,1350.0,2026-07-20,cancelled
2471,415,Customer 415,Fortaleza,CE,1,Notebook Pro,Computers,1,4500.0,4500.0,2026-03-20,completed
2472,339,Customer 339,Salvador,BA,5,Headset Pro,Accessories,2,450.0,900.0,2026-04-24,completed
2473,9,Customer 9,Porto Alegre,RS,1,Notebook Pro,Computers,4,4500.0,18000.0,2026-01-10,completed
2474,246,Customer 246,Recife,PE,4,Mouse Wireless,Accessories,4,180.0,720.0,2026-01-15,completed
2475,481,Customer 481,Rio de Janeiro,RJ,5,Headset Pro,Accessories,5,450.0,2250.0,2026-05-22,completed
2476,489,Customer 489,Rio de Janeiro,RJ,8,Tablet Pro,Tablets,2,2800.0,5600.0,2026-03-08,completed
2477,133,Customer 133,Porto Alegre,RS,3,Monitor 27,Monitors,2,1200.0,2400.0,2026-06-11,completed
2478,76,Customer 76,Fortaleza,CE,1,Notebook Pro,Computers,2,4500.0,9000.0,2026-01-30,cancelled
2479,20,Customer 20,Niterói,RJ,9,External HD 2TB,Storage,4,500.0,2000.0,2026-05-29,completed
2480,22,Customer 22,Recife,PE,4,Mouse Wireless,Accessories,1,180.0,180.0,2026-07-02,completed
2481,500,Customer 500,Brasília,DF,1,Notebook Pro,Computers,3,4500.0,13500.0,2026-05-19,cancelled
2482,23,Customer 23,Fortaleza,CE,4,Mouse Wireless,Accessories,3,180.0,540.0,2026-01-28,completed
2483,260,Customer 260,Porto Alegre,RS,2,Keyboard Mechanical,Accessories,5,350.0,1750.0,2026-01-20,completed
2484,105,Customer 105,Salvador,BA,10,Laptop Stand,Accessories,3,250.0,750.0,2026-08-01,cancelled
2485,213,Customer 213,Rio de Janeiro,RJ,7,Webcam Full HD,Accessories,3,300.0,900.0,2026-02-06,completed
2486,168,Customer 168,Fortaleza,CE,6,SSD 1TB,Storage,3,700.0,2100.0,2026-04-15,cancelled
2487,192,Customer 192,Porto Alegre,RS,5,Headset Pro,Accessories,5,450.0,2250.0,2026-01-08,completed
2488,189,Customer 189,São Paulo,SP,5,Headset Pro,Accessories,2,450.0,900.0,2026-08-22,completed
2489,14,Customer 14,Rio de Janeiro,RJ,10,Laptop Stand,Accessories,2,250.0,500.0,2026-07-26,completed
2490,262,Customer 262,Recife,PE,10,Laptop Stand,Accessories,3,250.0,750.0,2026-02-25,completed
2491,426,Customer 426,Fortaleza,CE,1,Notebook Pro,Computers,2,4500.0,9000.0,2026-04-08,cancelled
2492,41,Customer 41,Rio de Janeiro,RJ,4,Mouse Wireless,Accessories,5,180.0,900.0,2026-05-09,completed
2493,323,Customer 323,Recife,PE,7,Webcam Full HD,Accessories,5,300.0,1500.0,2026-07-07,completed
2494,434,Customer 434,Recife,PE,1,Notebook Pro,Computers,5,4500.0,22500.0,2026-05-01,cancelled
2495,269,Customer 269,Recife,PE,8,Tablet Pro,Tablets,3,2800.0,8400.0,2026-03-10,completed
2496,429,Customer 429,Fortaleza,CE,5,Headset Pro,Accessories,2,450.0,900.0,2026-03-26,completed
2497,410,Customer 410,Salvador,BA,4,Mouse Wireless,Accessories,4,180.0,720.0,2026-03-22,cancelled
2498,498,Customer 498,Rio de Janeiro,RJ,4,Mouse Wireless,Accessories,4,180.0,720.0,2026-07-07,completed
2499,186,Customer 186,Rio de Janeiro,RJ,6,SSD 1TB,Storage,5,700.0,3500.0,2026-05-10,completed
2500,469,Customer 469,Salvador,BA,8,Tablet Pro,Tablets,5,2800.0,14000.0,2026-02-28,completed
2501,403,Customer 403,Curitiba,PR,4,Mouse Wireless,Accessories,5,180.0,900.0,2026-07-31,completed
2502,474,Customer 474,Recife,PE,4,Mouse Wireless,Accessories,4,180.0,720.0,2026-06-22,completed
2503,341,Customer 341,Niterói,RJ,10,Laptop Stand,Accessories,3,250.0,750.0,2026-07-23,completed
2504,175,Customer 175,Salvador,BA,2,Keyboard Mechanical,Accessories,1,350.0,350.0,2026-04-15,completed
2505,259,Customer 259,Niterói,RJ,10,Laptop Stand,Accessories,4,250.0,1000.0,2026-06-11,completed
2506,461,Customer 461,Niterói,RJ,8,Tablet Pro,Tablets,1,2800.0,2800.0,2026-02-12,completed
2507,215,Customer 215,Brasília,DF,9,External HD 2TB,Storage,4,500.0,2000.0,2026-07-10,completed
2508,65,Customer 65,São Paulo,SP,7,Webcam Full HD,Accessories,1,300.0,300.0,2026-06-26,completed
2509,38,Customer 38,Niterói,RJ,9,External HD 2TB,Storage,5,500.0,2500.0,2026-08-24,completed
2510,463,Customer 463,Curitiba,PR,6,SSD 1TB,Storage,2,700.0,1400.0,2026-04-13,cancelled
2511,286,Customer 286,Belo Horizonte,MG,5,Headset Pro,Accessories,1,450.0,450.0,2026-03-28,completed
2512,303,Customer 303,Fortaleza,CE,10,Laptop Stand,Accessories,1,250.0,250.0,2026-07-04,completed
2513,38,Customer 38,Salvador,BA,8,Tablet Pro,Tablets,4,2800.0,11200.0,2026-06-11,completed
2514,380,Customer 380,Curitiba,PR,5,Headset Pro,Accessories,4,450.0,1800.0,2026-06-29,completed
2515,376,Customer 376,Niterói,RJ,10,Laptop Stand,Accessories,5,250.0,1250.0,2026-01-22,completed
2516,459,Customer 459,São Paulo,SP,10,Laptop Stand,Accessories,5,250.0,1250.0,2026-04-05,cancelled
2517,333,Customer 333,Porto Alegre,RS,7,Webcam Full HD,Accessories,3,300.0,900.0,2026-04-23,completed
2518,261,Customer 261,Fortaleza,CE,5,Headset Pro,Accessories,1,450.0,450.0,2026-03-01,completed
2519,253,Customer 253,Salvador,BA,1,Notebook Pro,Computers,5,4500.0,22500.0,2026-05-13,completed
2520,297,Customer 297,Recife,PE,7,Webcam Full HD,Accessories,3,300.0,900.0,2026-03-24,completed
2521,164,Customer 164,Niterói,RJ,3,Monitor 27,Monitors,1,1200.0,1200.0,2026-07-28,cancelled
2522,452,Customer 452,Belo Horizonte,MG,7,Webcam Full HD,Accessories,5,300.0,1500.0,2026-03-13,completed
2523,451,Customer 451,Fortaleza,CE,6,SSD 1TB,Storage,1,700.0,700.0,2026-03-30,completed
2524,85,Customer 85,Rio de Janeiro,RJ,5,Headset Pro,Accessories,3,450.0,1350.0,2026-05-05,completed
2525,115,Customer 115,Niterói,RJ,5,Headset Pro,Accessories,3,450.0,1350.0,2026-06-05,completed
2526,474,Customer 474,Belo Horizonte,MG,5,Headset Pro,Accessories,2,450.0,900.0,2026-01-25,completed
2527,283,Customer 283,Recife,PE,3,Monitor 27,Monitors,1,1200.0,1200.0,2026-06-03,completed
2528,492,Customer 492,Recife,PE,9,External HD 2TB,Storage,2,500.0,1000.0,2026-01-02,completed
2529,427,Customer 427,São Paulo,SP,6,SSD 1TB,Storage,2,700.0,1400.0,2026-03-14,completed
2530,219,Customer 219,Porto Alegre,RS,9,External HD 2TB,Storage,2,500.0,1000.0,2026-08-01,completed
2531,152,Customer 152,Rio de Janeiro,RJ,2,Keyboard Mechanical,Accessories,4,350.0,1400.0,2026-08-16,completed
2532,253,Customer 253,Brasília,DF,2,Keyboard Mechanical,Accessories,2,350.0,700.0,2026-03-13,cancelled
2533,343,Customer 343,Rio de Janeiro,RJ,6,SSD 1TB,Storage,1,700.0,700.0,2026-07-10,completed
2534,373,Customer 373,Rio de Janeiro,RJ,6,SSD 1TB,Storage,2,700.0,1400.0,2026-05-10,completed
2535,142,Customer 142,Porto Alegre,RS,9,External HD 2TB,Storage,1,500.0,500.0,2026-06-30,cancelled
2536,162,Customer 162,São Paulo,SP,7,Webcam Full HD,Accessories,1,300.0,300.0,2026-08-27,cancelled
2537,407,Customer 407,Recife,PE,6,SSD 1TB,Storage,2,700.0,1400.0,2026-08-04,completed
2538,339,Customer 339,São Paulo,SP,1,Notebook Pro,Computers,2,4500.0,9000.0,2026-02-05,completed
2539,193,Customer 193,Belo Horizonte,MG,4,Mouse Wireless,Accessories,3,180.0,540.0,2026-05-01,completed
2540,249,Customer 249,Niterói,RJ,8,Tablet Pro,Tablets,3,2800.0,8400.0,2026-02-03,completed
2541,326,Customer 326,Rio de Janeiro,RJ,9,External HD 2TB,Storage,2,500.0,1000.0,2026-01-01,completed
2542,35,Customer 35,Porto Alegre,RS,9,External HD 2TB,Storage,5,500.0,2500.0,2026-02-23,cancelled
2543,92,Customer 92,São Paulo,SP,7,Webcam Full HD,Accessories,3,300.0,900.0,2026-06-07,completed
2544,324,Customer 324,Fortaleza,CE,4,Mouse Wireless,Accessories,3,180.0,540.0,2026-05-04,completed
2545,337,Customer 337,Niterói,RJ,5,Headset Pro,Accessories,2,450.0,900.0,2026-08-13,completed
2546,343,Customer 343,Porto Alegre,RS,8,Tablet Pro,Tablets,4,2800.0,11200.0,2026-06-03,completed
2547,279,Customer 279,Porto Alegre,RS,5,Headset Pro,Accessories,1,450.0,450.0,2026-02-26,completed
2548,494,Customer 494,Brasília,DF,7,Webcam Full HD,Accessories,4,300.0,1200.0,2026-03-25,completed
2549,340,Customer 340,Curitiba,PR,2,Keyboard Mechanical,Accessories,2,350.0,700.0,2026-04-29,completed
2550,339,Customer 339,Rio de Janeiro,RJ,6,SSD 1TB,Storage,4,700.0,2800.0,2026-06-30,completed
2551,397,Customer 397,Porto Alegre,RS,8,Tablet Pro,Tablets,5,2800.0,14000.0,2026-04-16,cancelled
2552,121,Customer 121,São Paulo,SP,5,Headset Pro,Accessories,3,450.0,1350.0,2026-05-10,completed
2553,456,Customer 456,Curitiba,PR,1,Notebook Pro,Computers,5,4500.0,22500.0,2026-07-17,completed
2554,134,Customer 134,Salvador,BA,7,Webcam Full HD,Accessories,4,300.0,1200.0,2026-07-27,completed
2555,218,Customer 218,Curitiba,PR,5,Headset Pro,Accessories,1,450.0,450.0,2026-03-10,completed
2556,373,Customer 373,Belo Horizonte,MG,6,SSD 1TB,Storage,1,700.0,700.0,2026-03-20,completed
2557,210,Customer 210,Belo Horizonte,MG,10,Laptop Stand,Accessories,2,250.0,500.0,2026-05-18,completed
2558,400,Customer 400,Rio de Janeiro,RJ,10,Laptop Stand,Accessories,5,250.0,1250.0,2026-03-26,completed
2559,310,Customer 310,Recife,PE,1,Notebook Pro,Computers,1,4500.0,4500.0,2026-07-25,completed
2560,47,Customer 47,Salvador,BA,6,SSD 1TB,Storage,5,700.0,3500.0,2026-01-17,cancelled
2561,26,Customer 26,Recife,PE,4,Mouse Wireless,Accessories,3,180.0,540.0,2026-05-18,completed
2562,81,Customer 81,Recife,PE,7,Webcam Full HD,Accessories,2,300.0,600.0,2026-03-16,completed
2563,467,Customer 467,Salvador,BA,6,SSD 1TB,Storage,4,700.0,2800.0,2026-02-25,completed
2564,376,Customer 376,Belo Horizonte,MG,1,Notebook Pro,Computers,1,4500.0,4500.0,2026-08-05,completed
2565,387,Customer 387,Recife,PE,2,Keyboard Mechanical,Accessories,5,350.0,1750.0,2026-04-12,completed
2566,22,Customer 22,Niterói,RJ,5,Headset Pro,Accessories,3,450.0,1350.0,2026-01-07,completed
2567,324,Customer 324,Belo Horizonte,MG,1,Notebook Pro,Computers,3,4500.0,13500.0,2026-07-11,completed
2568,417,Customer 417,Curitiba,PR,7,Webcam Full HD,Accessories,2,300.0,600.0,2026-07-29,cancelled
2569,449,Customer 449,Brasília,DF,2,Keyboard Mechanical,Accessories,1,350.0,350.0,2026-01-19,completed
2570,370,Customer 370,Curitiba,PR,1,Notebook Pro,Computers,1,4500.0,4500.0,2026-07-10,completed
2571,310,Customer 310,Niterói,RJ,2,Keyboard Mechanical,Accessories,5,350.0,1750.0,2026-07-22,completed
2572,100,Customer 100,Fortaleza,CE,5,Headset Pro,Accessories,3,450.0,1350.0,2026-04-19,completed
2573,381,Customer 381,São Paulo,SP,5,Headset Pro,Accessories,3,450.0,1350.0,2026-04-28,completed
2574,52,Customer 52,Brasília,DF,10,Laptop Stand,Accessories,4,250.0,1000.0,2026-04-07,completed
2575,220,Customer 220,Rio de Janeiro,RJ,4,Mouse Wireless,Accessories,4,180.0,720.0,2026-05-24,completed
2576,248,Customer 248,Brasília,DF,9,External HD 2TB,Storage,5,500.0,2500.0,2026-03-04,completed
2577,9,Customer 9,Porto Alegre,RS,7,Webcam Full HD,Accessories,3,300.0,900.0,2026-07-15,completed
2578,366,Customer 366,Rio de Janeiro,RJ,8,Tablet Pro,Tablets,2,2800.0,5600.0,2026-05-28,completed
2579,204,Customer 204,Belo Horizonte,MG,8,Tablet Pro,Tablets,3,2800.0,8400.0,2026-05-03,completed
2580,56,Customer 56,Brasília,DF,6,SSD 1TB,Storage,2,700.0,1400.0,2026-07-27,cancelled
2581,500,Customer 500,Rio de Janeiro,RJ,2,Keyboard Mechanical,Accessories,5,350.0,1750.0,2026-02-13,completed
2582,443,Customer 443,Porto Alegre,RS,10,Laptop Stand,Accessories,2,250.0,500.0,2026-01-22,completed
2583,207,Customer 207,Fortaleza,CE,8,Tablet Pro,Tablets,5,2800.0,14000.0,2026-07-05,completed
2584,390,Customer 390,Belo Horizonte,MG,1,Notebook Pro,Computers,4,4500.0,18000.0,2026-03-06,completed
2585,160,Customer 160,Salvador,BA,3,Monitor 27,Monitors,1,1200.0,1200.0,2026-03-24,cancelled
2586,290,Customer 290,Fortaleza,CE,7,Webcam Full HD,Accessories,1,300.0,300.0,2026-03-10,cancelled
2587,108,Customer 108,Recife,PE,8,Tablet Pro,Tablets,5,2800.0,14000.0,2026-05-08,completed
2588,492,Customer 492,Belo Horizonte,MG,6,SSD 1TB,Storage,4,700.0,2800.0,2026-07-01,completed
2589,264,Customer 264,Recife,PE,2,Keyboard Mechanical,Accessories,1,350.0,350.0,2026-04-19,cancelled
2590,40,Customer 40,Curitiba,PR,3,Monitor 27,Monitors,1,1200.0,1200.0,2026-02-11,completed
2591,384,Customer 384,Rio de Janeiro,RJ,3,Monitor 27,Monitors,2,1200.0,2400.0,2026-04-23,completed
2592,20,Customer 20,Curitiba,PR,8,Tablet Pro,Tablets,2,2800.0,5600.0,2026-06-10,completed
2593,250,Customer 250,Niterói,RJ,9,External HD 2TB,Storage,4,500.0,2000.0,2026-04-13,completed
2594,152,Customer 152,Rio de Janeiro,RJ,7,Webcam Full HD,Accessories,3,300.0,900.0,2026-07-04,cancelled
2595,139,Customer 139,Recife,PE,6,SSD 1TB,Storage,5,700.0,3500.0,2026-08-16,completed
2596,289,Customer 289,Niterói,RJ,3,Monitor 27,Monitors,3,1200.0,3600.0,2026-05-14,cancelled
2597,105,Customer 105,Fortaleza,CE,6,SSD 1TB,Storage,5,700.0,3500.0,2026-06-04,completed
2598,242,Customer 242,Porto Alegre,RS,4,Mouse Wireless,Accessories,3,180.0,540.0,2026-08-26,cancelled
2599,369,Customer 369,Niterói,RJ,3,Monitor 27,Monitors,5,1200.0,6000.0,2026-07-03,completed
2600,6,Customer 6,Salvador,BA,7,Webcam Full HD,Accessories,2,300.0,600.0,2026-02-08,completed
2601,35,Customer 35,São Paulo,SP,5,Headset Pro,Accessories,2,450.0,900.0,2026-02-21,cancelled
2602,49,Customer 49,Recife,PE,8,Tablet Pro,Tablets,3,2800.0,8400.0,2026-01-25,completed
2603,320,Customer 320,Porto Alegre,RS,10,Laptop Stand,Accessories,2,250.0,500.0,2026-01-18,completed
2604,326,Customer 326,Recife,PE,4,Mouse Wireless,Accessories,3,180.0,540.0,2026-06-10,completed
2605,476,Customer 476,Belo Horizonte,MG,5,Headset Pro,Accessories,3,450.0,1350.0,2026-07-30,completed
2606,300,Customer 300,Brasília,DF,6,SSD 1TB,Storage,5,700.0,3500.0,2026-07-16,completed
2607,479,Customer 479,Brasília,DF,9,External HD 2TB,Storage,5,500.0,2500.0,2026-06-14,cancelled
2608,104,Customer 104,Rio de Janeiro,RJ,10,Laptop Stand,Accessories,2,250.0,500.0,2026-01-27,cancelled
2609,111,Customer 111,Brasília,DF,3,Monitor 27,Monitors,3,1200.0,3600.0,2026-05-25,completed
2610,65,Customer 65,Recife,PE,10,Laptop Stand,Accessories,4,250.0,1000.0,2026-03-26,completed
2611,396,Customer 396,Fortaleza,CE,10,Laptop Stand,Accessories,3,250.0,750.0,2026-07-26,cancelled
2612,447,Customer 447,Fortaleza,CE,8,Tablet Pro,Tablets,2,2800.0,5600.0,2026-02-13,completed
2613,402,Customer 402,Belo Horizonte,MG,4,Mouse Wireless,Accessories,1,180.0,180.0,2026-08-26,completed
2614,76,Customer 76,Niterói,RJ,3,Monitor 27,Monitors,4,1200.0,4800.0,2026-08-12,completed
2615,166,Customer 166,Rio de Janeiro,RJ,1,Notebook Pro,Computers,2,4500.0,9000.0,2026-05-11,completed
2616,218,Customer 218,Porto Alegre,RS,6,SSD 1TB,Storage,3,700.0,2100.0,2026-05-09,completed
2617,124,Customer 124,Recife,PE,7,Webcam Full HD,Accessories,4,300.0,1200.0,2026-07-18,completed
2618,362,Customer 362,Porto Alegre,RS,6,SSD 1TB,Storage,3,700.0,2100.0,2026-08-03,completed
2619,163,Customer 163,Recife,PE,2,Keyboard Mechanical,Accessories,5,350.0,1750.0,2026-08-04,completed
2620,490,Customer 490,Niterói,RJ,5,Headset Pro,Accessories,2,450.0,900.0,2026-08-04,completed
2621,287,Customer 287,Porto Alegre,RS,8,Tablet Pro,Tablets,3,2800.0,8400.0,2026-06-25,completed
2622,286,Customer 286,Curitiba,PR,6,SSD 1TB,Storage,2,700.0,1400.0,2026-01-07,completed
2623,438,Customer 438,Porto Alegre,RS,6,SSD 1TB,Storage,4,700.0,2800.0,2026-02-24,completed
2624,287,Customer 287,Belo Horizonte,MG,7,Webcam Full HD,Accessories,3,300.0,900.0,2026-02-15,cancelled
2625,6,Customer 6,Belo Horizonte,MG,8,Tablet Pro,Tablets,3,2800.0,8400.0,2026-05-15,completed
2626,3,Customer 3,Fortaleza,CE,5,Headset Pro,Accessories,3,450.0,1350.0,2026-01-25,completed
2627,469,Customer 469,Brasília,DF,9,External HD 2TB,Storage,1,500.0,500.0,2026-06-05,completed
2628,18,Customer 18,Brasília,DF,8,Tablet Pro,Tablets,4,2800.0,11200.0,2026-01-12,cancelled
2629,361,Customer 361,Brasília,DF,5,Headset Pro,Accessories,1,450.0,450.0,2026-05-27,completed
2630,442,Customer 442,Porto Alegre,RS,10,Laptop Stand,Accessories,4,250.0,1000.0,2026-05-06,completed
2631,243,Customer 243,Recife,PE,2,Keyboard Mechanical,Accessories,1,350.0,350.0,2026-04-05,completed
2632,314,Customer 314,Niterói,RJ,3,Monitor 27,Monitors,2,1200.0,2400.0,2026-01-22,completed
2633,428,Customer 428,Rio de Janeiro,RJ,1,Notebook Pro,Computers,4,4500.0,18000.0,2026-06-13,cancelled
2634,32,Customer 32,Salvador,BA,2,Keyboard Mechanical,Accessories,5,350.0,1750.0,2026-03-13,completed
2635,336,Customer 336,Fortaleza,CE,1,Notebook Pro,Computers,3,4500.0,13500.0,2026-08-03,cancelled
2636,435,Customer 435,Salvador,BA,3,Monitor 27,Monitors,5,1200.0,6000.0,2026-07-04,completed
2637,265,Customer 265,São Paulo,SP,7,Webcam Full HD,Accessories,4,300.0,1200.0,2026-08-03,cancelled
2638,343,Customer 343,São Paulo,SP,2,Keyboard Mechanical,Accessories,2,350.0,700.0,2026-07-31,completed
2639,76,Customer 76,Brasília,DF,2,Keyboard Mechanical,Accessories,2,350.0,700.0,2026-04-24,completed
2640,142,Customer 142,Fortaleza,CE,4,Mouse Wireless,Accessories,5,180.0,900.0,2026-04-15,completed
2641,326,Customer 326,São Paulo,SP,5,Headset Pro,Accessories,3,450.0,1350.0,2026-05-24,completed
2642,61,Customer 61,Salvador,BA,8,Tablet Pro,Tablets,5,2800.0,14000.0,2026-08-03,cancelled
2643,45,Customer 45,Fortaleza,CE,8,Tablet Pro,Tablets,1,2800.0,2800.0,2026-01-30,completed
2644,94,Customer 94,Rio de Janeiro,RJ,3,Monitor 27,Monitors,3,1200.0,3600.0,2026-06-01,cancelled
2645,495,Customer 495,São Paulo,SP,3,Monitor 27,Monitors,1,1200.0,1200.0,2026-02-25,cancelled
2646,192,Customer 192,Porto Alegre,RS,2,Keyboard Mechanical,Accessories,2,350.0,700.0,2026-03-20,cancelled
2647,329,Customer 329,Belo Horizonte,MG,3,Monitor 27,Monitors,3,1200.0,3600.0,2026-01-14,completed
2648,362,Customer 362,Brasília,DF,3,Monitor 27,Monitors,3,1200.0,3600.0,2026-02-05,completed
2649,162,Customer 162,Curitiba,PR,4,Mouse Wireless,Accessories,2,180.0,360.0,2026-03-11,completed
2650,91,Customer 91,Brasília,DF,5,Headset Pro,Accessories,4,450.0,1800.0,2026-03-09,completed
2651,251,Customer 251,Salvador,BA,10,Laptop Stand,Accessories,3,250.0,750.0,2026-03-31,cancelled
2652,268,Customer 268,Porto Alegre,RS,3,Monitor 27,Monitors,1,1200.0,1200.0,2026-08-02,completed
2653,198,Customer 198,Niterói,RJ,9,External HD 2TB,Storage,5,500.0,2500.0,2026-02-23,cancelled
2654,223,Customer 223,Salvador,BA,5,Headset Pro,Accessories,2,450.0,900.0,2026-03-29,cancelled
2655,496,Customer 496,Recife,PE,9,External HD 2TB,Storage,3,500.0,1500.0,2026-01-24,completed
2656,396,Customer 396,Belo Horizonte,MG,5,Headset Pro,Accessories,2,450.0,900.0,2026-04-30,completed
2657,17,Customer 17,Rio de Janeiro,RJ,9,External HD 2TB,Storage,2,500.0,1000.0,2026-05-02,completed
2658,240,Customer 240,Fortaleza,CE,6,SSD 1TB,Storage,3,700.0,2100.0,2026-05-25,completed
2659,338,Customer 338,Fortaleza,CE,1,Notebook Pro,Computers,3,4500.0,13500.0,2026-06-29,completed
2660,323,Customer 323,Salvador,BA,1,Notebook Pro,Computers,2,4500.0,9000.0,2026-04-18,completed
2661,172,Customer 172,Salvador,BA,2,Keyboard Mechanical,Accessories,2,350.0,700.0,2026-08-22,completed
2662,157,Customer 157,Niterói,RJ,8,Tablet Pro,Tablets,5,2800.0,14000.0,2026-02-17,completed
2663,225,Customer 225,Fortaleza,CE,8,Tablet Pro,Tablets,5,2800.0,14000.0,2026-05-28,cancelled
2664,223,Customer 223,Curitiba,PR,8,Tablet Pro,Tablets,2,2800.0,5600.0,2026-03-06,cancelled
2665,192,Customer 192,Fortaleza,CE,6,SSD 1TB,Storage,4,700.0,2800.0,2026-06-23,completed
2666,154,Customer 154,São Paulo,SP,4,Mouse Wireless,Accessories,5,180.0,900.0,2026-01-28,completed
2667,219,Customer 219,Brasília,DF,10,Laptop Stand,Accessories,4,250.0,1000.0,2026-06-01,completed
2668,84,Customer 84,Recife,PE,3,Monitor 27,Monitors,3,1200.0,3600.0,2026-08-15,completed
2669,495,Customer 495,Recife,PE,4,Mouse Wireless,Accessories,5,180.0,900.0,2026-07-12,completed
2670,67,Customer 67,Salvador,BA,1,Notebook Pro,Computers,1,4500.0,4500.0,2026-03-21,completed
2671,411,Customer 411,Salvador,BA,8,Tablet Pro,Tablets,4,2800.0,11200.0,2026-02-12,completed
2672,1,Customer 1,Niterói,RJ,4,Mouse Wireless,Accessories,2,180.0,360.0,2026-03-19,completed
2673,42,Customer 42,Niterói,RJ,4,Mouse Wireless,Accessories,2,180.0,360.0,2026-04-22,completed
2674,371,Customer 371,Belo Horizonte,MG,3,Monitor 27,Monitors,5,1200.0,6000.0,2026-08-05,completed
2675,3,Customer 3,Porto Alegre,RS,3,Monitor 27,Monitors,3,1200.0,3600.0,2026-01-26,completed
2676,282,Customer 282,Curitiba,PR,4,Mouse Wireless,Accessories,4,180.0,720.0,2026-06-21,completed
2677,426,Customer 426,Porto Alegre,RS,4,Mouse Wireless,Accessories,1,180.0,180.0,2026-04-10,completed
2678,163,Customer 163,Niterói,RJ,7,Webcam Full HD,Accessories,3,300.0,900.0,2026-08-18,completed
2679,420,Customer 420,Curitiba,PR,10,Laptop Stand,Accessories,4,250.0,1000.0,2026-05-17,completed
2680,178,Customer 178,Porto Alegre,RS,10,Laptop Stand,Accessories,1,250.0,250.0,2026-02-26,completed
2681,92,Customer 92,Belo Horizonte,MG,6,SSD 1TB,Storage,3,700.0,2100.0,2026-03-29,completed
2682,422,Customer 422,São Paulo,SP,10,Laptop Stand,Accessories,5,250.0,1250.0,2026-07-12,completed
2683,469,Customer 469,Rio de Janeiro,RJ,4,Mouse Wireless,Accessories,2,180.0,360.0,2026-05-08,completed
2684,23,Customer 23,Belo Horizonte,MG,5,Headset Pro,Accessories,4,450.0,1800.0,2026-01-24,completed
2685,197,Customer 197,Niterói,RJ,7,Webcam Full HD,Accessories,2,300.0,600.0,2026-03-14,completed
2686,199,Customer 199,Porto Alegre,RS,1,Notebook Pro,Computers,3,4500.0,13500.0,2026-04-18,completed
2687,84,Customer 84,Curitiba,PR,9,External HD 2TB,Storage,1,500.0,500.0,2026-04-30,completed
2688,178,Customer 178,Rio de Janeiro,RJ,7,Webcam Full HD,Accessories,1,300.0,300.0,2026-02-11,completed
2689,66,Customer 66,Fortaleza,CE,9,External HD 2TB,Storage,4,500.0,2000.0,2026-06-25,completed
2690,6,Customer 6,Porto Alegre,RS,7,Webcam Full HD,Accessories,4,300.0,1200.0,2026-07-17,completed
2691,156,Customer 156,Curitiba,PR,5,Headset Pro,Accessories,1,450.0,450.0,2026-06-04,completed
2692,258,Customer 258,Salvador,BA,8,Tablet Pro,Tablets,3,2800.0,8400.0,2026-08-05,completed
2693,498,Customer 498,Salvador,BA,2,Keyboard Mechanical,Accessories,2,350.0,700.0,2026-04-19,completed
2694,389,Customer 389,Curitiba,PR,2,Keyboard Mechanical,Accessories,2,350.0,700.0,2026-01-02,completed
2695,486,Customer 486,Fortaleza,CE,5,Headset Pro,Accessories,2,450.0,900.0,2026-05-12,completed
2696,373,Customer 373,Porto Alegre,RS,7,Webcam Full HD,Accessories,1,300.0,300.0,2026-04-29,completed
2697,21,Customer 21,Rio de Janeiro,RJ,8,Tablet Pro,Tablets,4,2800.0,11200.0,2026-04-04,completed
2698,456,Customer 456,Fortaleza,CE,6,SSD 1TB,Storage,3,700.0,2100.0,2026-04-19,completed
2699,346,Customer 346,Brasília,DF,1,Notebook Pro,Computers,5,4500.0,22500.0,2026-03-10,completed
2700,151,Customer 151,Salvador,BA,7,Webcam Full HD,Accessories,1,300.0,300.0,2026-04-25,completed
2701,153,Customer 153,São Paulo,SP,10,Laptop Stand,Accessories,1,250.0,250.0,2026-04-02,cancelled
2702,19,Customer 19,Recife,PE,7,Webcam Full HD,Accessories,2,300.0,600.0,2026-02-14,completed
2703,274,Customer 274,Rio de Janeiro,RJ,3,Monitor 27,Monitors,2,1200.0,2400.0,2026-06-12,completed
2704,221,Customer 221,Brasília,DF,6,SSD 1TB,Storage,4,700.0,2800.0,2026-06-26,completed
2705,125,Customer 125,Recife,PE,10,Laptop Stand,Accessories,4,250.0,1000.0,2026-01-11,completed
2706,168,Customer 168,Salvador,BA,1,Notebook Pro,Computers,2,4500.0,9000.0,2026-06-05,cancelled
2707,327,Customer 327,Rio de Janeiro,RJ,7,Webcam Full HD,Accessories,5,300.0,1500.0,2026-07-05,completed
2708,173,Customer 173,Brasília,DF,7,Webcam Full HD,Accessories,4,300.0,1200.0,2026-01-06,completed
2709,487,Customer 487,Brasília,DF,2,Keyboard Mechanical,Accessories,4,350.0,1400.0,2026-01-30,completed
2710,293,Customer 293,Brasília,DF,5,Headset Pro,Accessories,5,450.0,2250.0,2026-05-12,completed
2711,438,Customer 438,Belo Horizonte,MG,1,Notebook Pro,Computers,3,4500.0,13500.0,2026-05-27,completed
2712,111,Customer 111,Curitiba,PR,5,Headset Pro,Accessories,2,450.0,900.0,2026-03-12,completed
2713,344,Customer 344,São Paulo,SP,10,Laptop Stand,Accessories,4,250.0,1000.0,2026-08-21,completed
2714,348,Customer 348,Brasília,DF,5,Headset Pro,Accessories,1,450.0,450.0,2026-04-15,completed
2715,10,Customer 10,Curitiba,PR,3,Monitor 27,Monitors,3,1200.0,3600.0,2026-03-10,completed
2716,307,Customer 307,Salvador,BA,2,Keyboard Mechanical,Accessories,2,350.0,700.0,2026-02-27,completed
2717,364,Customer 364,Salvador,BA,4,Mouse Wireless,Accessories,1,180.0,180.0,2026-06-06,completed
2718,373,Customer 373,Fortaleza,CE,8,Tablet Pro,Tablets,5,2800.0,14000.0,2026-04-18,cancelled
2719,305,Customer 305,Salvador,BA,9,External HD 2TB,Storage,4,500.0,2000.0,2026-05-02,completed
2720,7,Customer 7,Salvador,BA,6,SSD 1TB,Storage,3,700.0,2100.0,2026-03-30,completed
2721,78,Customer 78,Porto Alegre,RS,8,Tablet Pro,Tablets,2,2800.0,5600.0,2026-05-17,cancelled
2722,88,Customer 88,Curitiba,PR,5,Headset Pro,Accessories,4,450.0,1800.0,2026-01-09,cancelled
2723,437,Customer 437,Fortaleza,CE,2,Keyboard Mechanical,Accessories,4,350.0,1400.0,2026-05-24,completed
2724,43,Customer 43,Belo Horizonte,MG,9,External HD 2TB,Storage,3,500.0,1500.0,2026-03-19,completed
2725,385,Customer 385,Salvador,BA,8,Tablet Pro,Tablets,4,2800.0,11200.0,2026-01-08,completed
2726,320,Customer 320,Fortaleza,CE,3,Monitor 27,Monitors,5,1200.0,6000.0,2026-04-01,completed
2727,221,Customer 221,Curitiba,PR,1,Notebook Pro,Computers,3,4500.0,13500.0,2026-05-23,cancelled
2728,252,Customer 252,Belo Horizonte,MG,7,Webcam Full HD,Accessories,5,300.0,1500.0,2026-02-03,completed
2729,311,Customer 311,Rio de Janeiro,RJ,2,Keyboard Mechanical,Accessories,4,350.0,1400.0,2026-02-25,completed
2730,57,Customer 57,Fortaleza,CE,5,Headset Pro,Accessories,2,450.0,900.0,2026-08-10,completed
2731,393,Customer 393,Curitiba,PR,9,External HD 2TB,Storage,4,500.0,2000.0,2026-04-01,completed
2732,215,Customer 215,Fortaleza,CE,5,Headset Pro,Accessories,3,450.0,1350.0,2026-07-17,completed
2733,323,Customer 323,Rio de Janeiro,RJ,6,SSD 1TB,Storage,5,700.0,3500.0,2026-05-18,completed
2734,201,Customer 201,Belo Horizonte,MG,7,Webcam Full HD,Accessories,4,300.0,1200.0,2026-07-13,completed
2735,147,Customer 147,Porto Alegre,RS,3,Monitor 27,Monitors,2,1200.0,2400.0,2026-04-13,completed
2736,2,Customer 2,Recife,PE,6,SSD 1TB,Storage,4,700.0,2800.0,2026-06-17,completed
2737,350,Customer 350,Rio de Janeiro,RJ,7,Webcam Full HD,Accessories,5,300.0,1500.0,2026-06-17,completed
2738,499,Customer 499,Curitiba,PR,7,Webcam Full HD,Accessories,2,300.0,600.0,2026-06-12,completed
2739,317,Customer 317,Belo Horizonte,MG,3,Monitor 27,Monitors,5,1200.0,6000.0,2026-06-08,completed
2740,42,Customer 42,Fortaleza,CE,10,Laptop Stand,Accessories,4,250.0,1000.0,2026-01-06,completed
2741,313,Customer 313,Belo Horizonte,MG,3,Monitor 27,Monitors,5,1200.0,6000.0,2026-06-10,completed
2742,351,Customer 351,Rio de Janeiro,RJ,6,SSD 1TB,Storage,1,700.0,700.0,2026-07-10,completed
2743,453,Customer 453,Curitiba,PR,9,External HD 2TB,Storage,5,500.0,2500.0,2026-08-10,completed
2744,436,Customer 436,Niterói,RJ,8,Tablet Pro,Tablets,3,2800.0,8400.0,2026-07-05,completed
2745,90,Customer 90,Porto Alegre,RS,4,Mouse Wireless,Accessories,3,180.0,540.0,2026-02-03,completed
2746,34,Customer 34,São Paulo,SP,4,Mouse Wireless,Accessories,5,180.0,900.0,2026-04-29,completed
2747,126,Customer 126,Fortaleza,CE,8,Tablet Pro,Tablets,2,2800.0,5600.0,2026-07-23,completed
2748,499,Customer 499,Porto Alegre,RS,9,External HD 2TB,Storage,1,500.0,500.0,2026-07-25,completed
2749,429,Customer 429,Salvador,BA,3,Monitor 27,Monitors,2,1200.0,2400.0,2026-04-29,cancelled
2750,493,Customer 493,Rio de Janeiro,RJ,1,Notebook Pro,Computers,1,4500.0,4500.0,2026-06-24,cancelled
2751,209,Customer 209,Recife,PE,8,Tablet Pro,Tablets,4,2800.0,11200.0,2026-01-19,completed
2752,491,Customer 491,Brasília,DF,9,External HD 2TB,Storage,1,500.0,500.0,2026-07-03,completed
2753,332,Customer 332,Recife,PE,1,Notebook Pro,Computers,4,4500.0,18000.0,2026-05-04,cancelled
2754,31,Customer 31,Brasília,DF,7,Webcam Full HD,Accessories,1,300.0,300.0,2026-04-04,completed
2755,367,Customer 367,Recife,PE,8,Tablet Pro,Tablets,4,2800.0,11200.0,2026-07-21,completed
2756,54,Customer 54,Niterói,RJ,5,Headset Pro,Accessories,5,450.0,2250.0,2026-07-12,completed
2757,370,Customer 370,Niterói,RJ,6,SSD 1TB,Storage,4,700.0,2800.0,2026-06-18,completed
2758,73,Customer 73,Belo Horizonte,MG,8,Tablet Pro,Tablets,2,2800.0,5600.0,2026-03-09,completed
2759,169,Customer 169,Rio de Janeiro,RJ,8,Tablet Pro,Tablets,4,2800.0,11200.0,2026-07-12,completed
2760,388,Customer 388,Brasília,DF,6,SSD 1TB,Storage,3,700.0,2100.0,2026-06-26,completed
2761,170,Customer 170,Porto Alegre,RS,5,Headset Pro,Accessories,5,450.0,2250.0,2026-03-12,completed
2762,19,Customer 19,Niterói,RJ,3,Monitor 27,Monitors,5,1200.0,6000.0,2026-03-15,completed
2763,114,Customer 114,Salvador,BA,10,Laptop Stand,Accessories,3,250.0,750.0,2026-07-02,completed
2764,158,Customer 158,Niterói,RJ,10,Laptop Stand,Accessories,3,250.0,750.0,2026-05-02,cancelled
2765,226,Customer 226,Brasília,DF,3,Monitor 27,Monitors,2,1200.0,2400.0,2026-02-07,completed
2766,150,Customer 150,Curitiba,PR,5,Headset Pro,Accessories,2,450.0,900.0,2026-01-08,completed
2767,299,Customer 299,Brasília,DF,3,Monitor 27,Monitors,5,1200.0,6000.0,2026-01-04,completed
2768,187,Customer 187,Recife,PE,9,External HD 2TB,Storage,4,500.0,2000.0,2026-05-03,completed
2769,461,Customer 461,Niterói,RJ,6,SSD 1TB,Storage,2,700.0,1400.0,2026-05-31,completed
2770,161,Customer 161,Recife,PE,6,SSD 1TB,Storage,4,700.0,2800.0,2026-08-10,completed
2771,332,Customer 332,Niterói,RJ,9,External HD 2TB,Storage,4,500.0,2000.0,2026-02-14,completed
2772,460,Customer 460,Curitiba,PR,1,Notebook Pro,Computers,1,4500.0,4500.0,2026-03-29,completed
2773,159,Customer 159,Belo Horizonte,MG,4,Mouse Wireless,Accessories,2,180.0,360.0,2026-03-13,completed
2774,399,Customer 399,Rio de Janeiro,RJ,4,Mouse Wireless,Accessories,3,180.0,540.0,2026-05-08,completed
2775,292,Customer 292,São Paulo,SP,9,External HD 2TB,Storage,2,500.0,1000.0,2026-07-09,completed
2776,187,Customer 187,São Paulo,SP,7,Webcam Full HD,Accessories,1,300.0,300.0,2026-03-26,completed
2777,35,Customer 35,Brasília,DF,9,External HD 2TB,Storage,5,500.0,2500.0,2026-08-05,cancelled
2778,276,Customer 276,Rio de Janeiro,RJ,1,Notebook Pro,Computers,4,4500.0,18000.0,2026-05-26,completed
2779,127,Customer 127,Belo Horizonte,MG,5,Headset Pro,Accessories,2,450.0,900.0,2026-06-26,cancelled
2780,440,Customer 440,Belo Horizonte,MG,4,Mouse Wireless,Accessories,4,180.0,720.0,2026-02-15,completed
2781,312,Customer 312,Brasília,DF,9,External HD 2TB,Storage,3,500.0,1500.0,2026-01-24,cancelled
2782,98,Customer 98,Rio de Janeiro,RJ,3,Monitor 27,Monitors,5,1200.0,6000.0,2026-03-19,completed
2783,107,Customer 107,Belo Horizonte,MG,4,Mouse Wireless,Accessories,5,180.0,900.0,2026-07-14,completed
2784,245,Customer 245,Porto Alegre,RS,2,Keyboard Mechanical,Accessories,5,350.0,1750.0,2026-08-14,completed
2785,164,Customer 164,Rio de Janeiro,RJ,4,Mouse Wireless,Accessories,4,180.0,720.0,2026-01-30,completed
2786,43,Customer 43,Porto Alegre,RS,4,Mouse Wireless,Accessories,1,180.0,180.0,2026-05-19,completed
2787,111,Customer 111,Fortaleza,CE,8,Tablet Pro,Tablets,3,2800.0,8400.0,2026-05-26,completed
2788,298,Customer 298,Curitiba,PR,2,Keyboard Mechanical,Accessories,4,350.0,1400.0,2026-07-19,cancelled
2789,100,Customer 100,Fortaleza,CE,10,Laptop Stand,Accessories,4,250.0,1000.0,2026-01-01,completed
2790,387,Customer 387,Curitiba,PR,10,Laptop Stand,Accessories,3,250.0,750.0,2026-05-07,cancelled
2791,91,Customer 91,Salvador,BA,9,External HD 2TB,Storage,4,500.0,2000.0,2026-05-12,completed
2792,488,Customer 488,Brasília,DF,5,Headset Pro,Accessories,5,450.0,2250.0,2026-03-05,completed
2793,141,Customer 141,Recife,PE,9,External HD 2TB,Storage,3,500.0,1500.0,2026-06-10,completed
2794,58,Customer 58,Niterói,RJ,8,Tablet Pro,Tablets,1,2800.0,2800.0,2026-03-23,completed
2795,241,Customer 241,Porto Alegre,RS,3,Monitor 27,Monitors,2,1200.0,2400.0,2026-01-17,completed
2796,345,Customer 345,Brasília,DF,2,Keyboard Mechanical,Accessories,4,350.0,1400.0,2026-03-29,cancelled
2797,352,Customer 352,Recife,PE,3,Monitor 27,Monitors,2,1200.0,2400.0,2026-07-19,completed
2798,391,Customer 391,Belo Horizonte,MG,4,Mouse Wireless,Accessories,3,180.0,540.0,2026-05-09,completed
2799,164,Customer 164,Recife,PE,8,Tablet Pro,Tablets,1,2800.0,2800.0,2026-06-25,completed
2800,475,Customer 475,Fortaleza,CE,4,Mouse Wireless,Accessories,5,180.0,900.0,2026-06-22,completed
2801,166,Customer 166,Niterói,RJ,4,Mouse Wireless,Accessories,4,180.0,720.0,2026-07-21,completed
2802,437,Customer 437,Niterói,RJ,10,Laptop Stand,Accessories,2,250.0,500.0,2026-03-25,completed
2803,243,Customer 243,Fortaleza,CE,7,Webcam Full HD,Accessories,3,300.0,900.0,2026-02-28,completed
2804,242,Customer 242,Brasília,DF,6,SSD 1TB,Storage,2,700.0,1400.0,2026-03-20,completed
2805,373,Customer 373,Salvador,BA,6,SSD 1TB,Storage,4,700.0,2800.0,2026-03-20,completed
2806,289,Customer 289,Curitiba,PR,7,Webcam Full HD,Accessories,1,300.0,300.0,2026-07-15,completed
2807,29,Customer 29,Curitiba,PR,6,SSD 1TB,Storage,2,700.0,1400.0,2026-04-27,completed
2808,10,Customer 10,Belo Horizonte,MG,4,Mouse Wireless,Accessories,3,180.0,540.0,2026-03-17,completed
2809,13,Customer 13,Salvador,BA,7,Webcam Full HD,Accessories,4,300.0,1200.0,2026-03-25,completed
2810,287,Customer 287,Belo Horizonte,MG,4,Mouse Wireless,Accessories,5,180.0,900.0,2026-05-09,completed
2811,439,Customer 439,Brasília,DF,2,Keyboard Mechanical,Accessories,1,350.0,350.0,2026-03-04,completed
2812,167,Customer 167,Porto Alegre,RS,10,Laptop Stand,Accessories,4,250.0,1000.0,2026-01-12,cancelled
2813,200,Customer 200,Porto Alegre,RS,4,Mouse Wireless,Accessories,3,180.0,540.0,2026-06-05,completed
2814,193,Customer 193,São Paulo,SP,2,Keyboard Mechanical,Accessories,1,350.0,350.0,2026-06-13,completed
2815,142,Customer 142,Recife,PE,6,SSD 1TB,Storage,4,700.0,2800.0,2026-08-25,completed
2816,57,Customer 57,Porto Alegre,RS,3,Monitor 27,Monitors,1,1200.0,1200.0,2026-03-25,cancelled
2817,212,Customer 212,Niterói,RJ,3,Monitor 27,Monitors,5,1200.0,6000.0,2026-03-18,completed
2818,103,Customer 103,Recife,PE,2,Keyboard Mechanical,Accessories,4,350.0,1400.0,2026-03-04,completed
2819,294,Customer 294,Recife,PE,5,Headset Pro,Accessories,5,450.0,2250.0,2026-05-16,completed
2820,354,Customer 354,São Paulo,SP,3,Monitor 27,Monitors,1,1200.0,1200.0,2026-08-11,cancelled
2821,365,Customer 365,Salvador,BA,6,SSD 1TB,Storage,4,700.0,2800.0,2026-07-11,completed
2822,95,Customer 95,Salvador,BA,8,Tablet Pro,Tablets,2,2800.0,5600.0,2026-04-28,completed
2823,171,Customer 171,Belo Horizonte,MG,5,Headset Pro,Accessories,3,450.0,1350.0,2026-06-04,cancelled
2824,478,Customer 478,São Paulo,SP,3,Monitor 27,Monitors,1,1200.0,1200.0,2026-06-14,completed
2825,219,Customer 219,Curitiba,PR,8,Tablet Pro,Tablets,1,2800.0,2800.0,2026-08-01,completed
2826,31,Customer 31,Recife,PE,6,SSD 1TB,Storage,1,700.0,700.0,2026-05-25,completed
2827,17,Customer 17,Recife,PE,6,SSD 1TB,Storage,5,700.0,3500.0,2026-05-06,completed
2828,295,Customer 295,Salvador,BA,2,Keyboard Mechanical,Accessories,1,350.0,350.0,2026-05-25,completed
2829,499,Customer 499,Recife,PE,2,Keyboard Mechanical,Accessories,5,350.0,1750.0,2026-02-10,completed
2830,434,Customer 434,Rio de Janeiro,RJ,10,Laptop Stand,Accessories,4,250.0,1000.0,2026-06-06,cancelled
2831,98,Customer 98,Rio de Janeiro,RJ,7,Webcam Full HD,Accessories,3,300.0,900.0,2026-04-30,completed
2832,456,Customer 456,Niterói,RJ,6,SSD 1TB,Storage,1,700.0,700.0,2026-02-16,cancelled
2833,295,Customer 295,Salvador,BA,8,Tablet Pro,Tablets,5,2800.0,14000.0,2026-07-19,cancelled
2834,379,Customer 379,Curitiba,PR,1,Notebook Pro,Computers,4,4500.0,18000.0,2026-05-28,completed
2835,4,Customer 4,Fortaleza,CE,7,Webcam Full HD,Accessories,1,300.0,300.0,2026-01-03,completed
2836,166,Customer 166,Curitiba,PR,3,Monitor 27,Monitors,3,1200.0,3600.0,2026-08-08,completed
2837,300,Customer 300,Salvador,BA,9,External HD 2TB,Storage,4,500.0,2000.0,2026-06-17,cancelled
2838,103,Customer 103,Fortaleza,CE,6,SSD 1TB,Storage,5,700.0,3500.0,2026-02-09,completed
2839,396,Customer 396,Niterói,RJ,4,Mouse Wireless,Accessories,3,180.0,540.0,2026-02-16,completed
2840,14,Customer 14,Recife,PE,10,Laptop Stand,Accessories,1,250.0,250.0,2026-07-19,completed
2841,277,Customer 277,Salvador,BA,2,Keyboard Mechanical,Accessories,3,350.0,1050.0,2026-08-11,completed
2842,476,Customer 476,Belo Horizonte,MG,4,Mouse Wireless,Accessories,2,180.0,360.0,2026-03-19,completed
2843,218,Customer 218,Brasília,DF,4,Mouse Wireless,Accessories,2,180.0,360.0,2026-07-17,completed
2844,14,Customer 14,Niterói,RJ,8,Tablet Pro,Tablets,1,2800.0,2800.0,2026-08-02,completed
2845,14,Customer 14,Porto Alegre,RS,4,Mouse Wireless,Accessories,4,180.0,720.0,2026-01-13,completed
2846,225,Customer 225,Curitiba,PR,4,Mouse Wireless,Accessories,2,180.0,360.0,2026-07-17,completed
2847,303,Customer 303,Rio de Janeiro,RJ,2,Keyboard Mechanical,Accessories,2,350.0,700.0,2026-05-10,completed
2848,371,Customer 371,Recife,PE,2,Keyboard Mechanical,Accessories,2,350.0,700.0,2026-07-13,completed
2849,62,Customer 62,Porto Alegre,RS,10,Laptop Stand,Accessories,3,250.0,750.0,2026-07-11,completed
2850,213,Customer 213,Belo Horizonte,MG,4,Mouse Wireless,Accessories,1,180.0,180.0,2026-07-24,completed
2851,185,Customer 185,Porto Alegre,RS,5,Headset Pro,Accessories,5,450.0,2250.0,2026-01-29,completed
2852,9,Customer 9,São Paulo,SP,7,Webcam Full HD,Accessories,4,300.0,1200.0,2026-04-13,completed
2853,182,Customer 182,Salvador,BA,5,Headset Pro,Accessories,1,450.0,450.0,2026-04-22,cancelled
2854,154,Customer 154,Belo Horizonte,MG,2,Keyboard Mechanical,Accessories,4,350.0,1400.0,2026-08-13,completed
2855,9,Customer 9,Brasília,DF,6,SSD 1TB,Storage,1,700.0,700.0,2026-02-06,completed
2856,91,Customer 91,Fortaleza,CE,1,Notebook Pro,Computers,2,4500.0,9000.0,2026-05-13,completed
2857,72,Customer 72,Porto Alegre,RS,1,Notebook Pro,Computers,1,4500.0,4500.0,2026-06-02,completed
2858,444,Customer 444,Brasília,DF,6,SSD 1TB,Storage,5,700.0,3500.0,2026-04-17,completed
2859,215,Customer 215,Niterói,RJ,3,Monitor 27,Monitors,5,1200.0,6000.0,2026-02-08,cancelled
2860,415,Customer 415,Niterói,RJ,6,SSD 1TB,Storage,1,700.0,700.0,2026-07-21,completed
2861,16,Customer 16,Porto Alegre,RS,4,Mouse Wireless,Accessories,3,180.0,540.0,2026-04-14,cancelled
2862,192,Customer 192,Brasília,DF,10,Laptop Stand,Accessories,3,250.0,750.0,2026-01-08,completed
2863,170,Customer 170,São Paulo,SP,8,Tablet Pro,Tablets,1,2800.0,2800.0,2026-07-08,completed
2864,468,Customer 468,Curitiba,PR,1,Notebook Pro,Computers,5,4500.0,22500.0,2026-04-07,completed
2865,370,Customer 370,Recife,PE,3,Monitor 27,Monitors,2,1200.0,2400.0,2026-01-26,completed
2866,179,Customer 179,Belo Horizonte,MG,2,Keyboard Mechanical,Accessories,4,350.0,1400.0,2026-01-17,completed
2867,496,Customer 496,Porto Alegre,RS,8,Tablet Pro,Tablets,4,2800.0,11200.0,2026-08-08,completed
2868,226,Customer 226,Niterói,RJ,10,Laptop Stand,Accessories,1,250.0,250.0,2026-03-21,completed
2869,241,Customer 241,Brasília,DF,3,Monitor 27,Monitors,3,1200.0,3600.0,2026-06-18,completed
2870,188,Customer 188,Fortaleza,CE,2,Keyboard Mechanical,Accessories,4,350.0,1400.0,2026-05-07,cancelled
2871,426,Customer 426,Fortaleza,CE,4,Mouse Wireless,Accessories,2,180.0,360.0,2026-02-26,completed
2872,67,Customer 67,Niterói,RJ,4,Mouse Wireless,Accessories,1,180.0,180.0,2026-07-10,completed
2873,368,Customer 368,Curitiba,PR,5,Headset Pro,Accessories,5,450.0,2250.0,2026-01-27,completed
2874,116,Customer 116,Brasília,DF,3,Monitor 27,Monitors,3,1200.0,3600.0,2026-03-26,cancelled
2875,499,Customer 499,Porto Alegre,RS,10,Laptop Stand,Accessories,5,250.0,1250.0,2026-05-13,completed
2876,453,Customer 453,Brasília,DF,3,Monitor 27,Monitors,3,1200.0,3600.0,2026-04-19,completed
2877,339,Customer 339,Niterói,RJ,10,Laptop Stand,Accessories,1,250.0,250.0,2026-07-11,completed
2878,324,Customer 324,São Paulo,SP,4,Mouse Wireless,Accessories,2,180.0,360.0,2026-01-04,completed
2879,325,Customer 325,São Paulo,SP,4,Mouse Wireless,Accessories,2,180.0,360.0,2026-04-12,completed
2880,6,Customer 6,Fortaleza,CE,8,Tablet Pro,Tablets,4,2800.0,11200.0,2026-08-08,completed
2881,97,Customer 97,Fortaleza,CE,7,Webcam Full HD,Accessories,4,300.0,1200.0,2026-02-24,completed
2882,319,Customer 319,Brasília,DF,9,External HD 2TB,Storage,4,500.0,2000.0,2026-01-31,cancelled
2883,144,Customer 144,Recife,PE,6,SSD 1TB,Storage,3,700.0,2100.0,2026-08-17,completed
2884,131,Customer 131,Salvador,BA,8,Tablet Pro,Tablets,5,2800.0,14000.0,2026-04-27,cancelled
2885,50,Customer 50,Salvador,BA,9,External HD 2TB,Storage,3,500.0,1500.0,2026-01-17,completed
2886,219,Customer 219,São Paulo,SP,9,External HD 2TB,Storage,2,500.0,1000.0,2026-01-25,completed
2887,500,Customer 500,Porto Alegre,RS,2,Keyboard Mechanical,Accessories,1,350.0,350.0,2026-05-21,cancelled
2888,152,Customer 152,Niterói,RJ,6,SSD 1TB,Storage,3,700.0,2100.0,2026-04-26,completed
2889,284,Customer 284,Rio de Janeiro,RJ,9,External HD 2TB,Storage,2,500.0,1000.0,2026-04-12,completed
2890,100,Customer 100,Niterói,RJ,4,Mouse Wireless,Accessories,1,180.0,180.0,2026-02-20,cancelled
2891,382,Customer 382,Salvador,BA,9,External HD 2TB,Storage,5,500.0,2500.0,2026-07-19,completed
2892,289,Customer 289,Recife,PE,9,External HD 2TB,Storage,1,500.0,500.0,2026-07-24,completed
2893,186,Customer 186,Recife,PE,4,Mouse Wireless,Accessories,5,180.0,900.0,2026-02-12,completed
2894,82,Customer 82,Rio de Janeiro,RJ,3,Monitor 27,Monitors,5,1200.0,6000.0,2026-02-27,cancelled
2895,78,Customer 78,Recife,PE,10,Laptop Stand,Accessories,4,250.0,1000.0,2026-08-08,completed
2896,143,Customer 143,São Paulo,SP,7,Webcam Full HD,Accessories,3,300.0,900.0,2026-04-10,completed
2897,498,Customer 498,Curitiba,PR,8,Tablet Pro,Tablets,4,2800.0,11200.0,2026-03-24,completed
2898,370,Customer 370,Brasília,DF,1,Notebook Pro,Computers,1,4500.0,4500.0,2026-03-06,cancelled
2899,285,Customer 285,Brasília,DF,4,Mouse Wireless,Accessories,5,180.0,900.0,2026-06-02,completed
2900,31,Customer 31,Curitiba,PR,3,Monitor 27,Monitors,2,1200.0,2400.0,2026-05-04,completed
2901,392,Customer 392,Belo Horizonte,MG,7,Webcam Full HD,Accessories,2,300.0,600.0,2026-06-15,completed
2902,201,Customer 201,Fortaleza,CE,4,Mouse Wireless,Accessories,2,180.0,360.0,2026-08-02,completed
2903,37,Customer 37,Belo Horizonte,MG,5,Headset Pro,Accessories,2,450.0,900.0,2026-08-17,completed
2904,64,Customer 64,Fortaleza,CE,3,Monitor 27,Monitors,2,1200.0,2400.0,2026-04-24,completed
2905,345,Customer 345,Brasília,DF,6,SSD 1TB,Storage,1,700.0,700.0,2026-06-13,completed
2906,267,Customer 267,Brasília,DF,9,External HD 2TB,Storage,1,500.0,500.0,2026-07-17,cancelled
2907,307,Customer 307,Porto Alegre,RS,4,Mouse Wireless,Accessories,4,180.0,720.0,2026-03-18,completed
2908,278,Customer 278,Fortaleza,CE,8,Tablet Pro,Tablets,2,2800.0,5600.0,2026-01-19,cancelled
2909,175,Customer 175,Brasília,DF,1,Notebook Pro,Computers,4,4500.0,18000.0,2026-08-03,completed
2910,58,Customer 58,Porto Alegre,RS,7,Webcam Full HD,Accessories,5,300.0,1500.0,2026-02-13,cancelled
2911,355,Customer 355,Porto Alegre,RS,5,Headset Pro,Accessories,2,450.0,900.0,2026-05-14,completed
2912,46,Customer 46,Fortaleza,CE,10,Laptop Stand,Accessories,3,250.0,750.0,2026-03-03,cancelled
2913,254,Customer 254,Curitiba,PR,7,Webcam Full HD,Accessories,1,300.0,300.0,2026-06-13,completed
2914,443,Customer 443,Brasília,DF,5,Headset Pro,Accessories,3,450.0,1350.0,2026-06-13,completed
2915,169,Customer 169,Curitiba,PR,5,Headset Pro,Accessories,3,450.0,1350.0,2026-01-22,completed
2916,52,Customer 52,Porto Alegre,RS,4,Mouse Wireless,Accessories,5,180.0,900.0,2026-05-07,completed
2917,303,Customer 303,Curitiba,PR,5,Headset Pro,Accessories,1,450.0,450.0,2026-07-19,cancelled
2918,250,Customer 250,Recife,PE,10,Laptop Stand,Accessories,5,250.0,1250.0,2026-04-07,completed
2919,266,Customer 266,Curitiba,PR,1,Notebook Pro,Computers,5,4500.0,22500.0,2026-01-28,completed
2920,430,Customer 430,Rio de Janeiro,RJ,10,Laptop Stand,Accessories,1,250.0,250.0,2026-01-31,completed
2921,185,Customer 185,Fortaleza,CE,10,Laptop Stand,Accessories,4,250.0,1000.0,2026-07-28,completed
2922,368,Customer 368,São Paulo,SP,6,SSD 1TB,Storage,4,700.0,2800.0,2026-08-07,completed
2923,294,Customer 294,Recife,PE,1,Notebook Pro,Computers,4,4500.0,18000.0,2026-07-28,cancelled
2924,382,Customer 382,Curitiba,PR,1,Notebook Pro,Computers,2,4500.0,9000.0,2026-05-26,completed
2925,13,Customer 13,Salvador,BA,2,Keyboard Mechanical,Accessories,3,350.0,1050.0,2026-08-24,completed
2926,411,Customer 411,São Paulo,SP,8,Tablet Pro,Tablets,3,2800.0,8400.0,2026-04-02,cancelled
2927,177,Customer 177,Salvador,BA,4,Mouse Wireless,Accessories,3,180.0,540.0,2026-04-25,completed
2928,167,Customer 167,Porto Alegre,RS,5,Headset Pro,Accessories,2,450.0,900.0,2026-02-23,completed
2929,395,Customer 395,Recife,PE,6,SSD 1TB,Storage,4,700.0,2800.0,2026-07-12,completed
2930,400,Customer 400,Niterói,RJ,8,Tablet Pro,Tablets,1,2800.0,2800.0,2026-03-27,completed
2931,316,Customer 316,Recife,PE,4,Mouse Wireless,Accessories,3,180.0,540.0,2026-08-01,completed
2932,52,Customer 52,Rio de Janeiro,RJ,7,Webcam Full HD,Accessories,3,300.0,900.0,2026-06-09,completed
2933,328,Customer 328,Niterói,RJ,7,Webcam Full HD,Accessories,2,300.0,600.0,2026-03-09,cancelled
2934,249,Customer 249,Salvador,BA,6,SSD 1TB,Storage,4,700.0,2800.0,2026-08-18,completed
2935,387,Customer 387,Niterói,RJ,3,Monitor 27,Monitors,3,1200.0,3600.0,2026-01-05,completed
2936,98,Customer 98,Fortaleza,CE,5,Headset Pro,Accessories,5,450.0,2250.0,2026-06-29,cancelled
2937,287,Customer 287,Brasília,DF,9,External HD 2TB,Storage,5,500.0,2500.0,2026-02-15,completed
2938,317,Customer 317,Rio de Janeiro,RJ,4,Mouse Wireless,Accessories,1,180.0,180.0,2026-01-24,cancelled
2939,307,Customer 307,Curitiba,PR,5,Headset Pro,Accessories,2,450.0,900.0,2026-07-03,completed
2940,273,Customer 273,Salvador,BA,7,Webcam Full HD,Accessories,2,300.0,600.0,2026-08-24,completed
2941,54,Customer 54,Brasília,DF,10,Laptop Stand,Accessories,5,250.0,1250.0,2026-01-22,completed
2942,116,Customer 116,Porto Alegre,RS,1,Notebook Pro,Computers,2,4500.0,9000.0,2026-05-21,completed
2943,342,Customer 342,Brasília,DF,1,Notebook Pro,Computers,4,4500.0,18000.0,2026-02-27,cancelled
2944,113,Customer 113,Belo Horizonte,MG,4,Mouse Wireless,Accessories,4,180.0,720.0,2026-06-15,completed
2945,75,Customer 75,São Paulo,SP,5,Headset Pro,Accessories,2,450.0,900.0,2026-01-06,completed
2946,248,Customer 248,Porto Alegre,RS,7,Webcam Full HD,Accessories,5,300.0,1500.0,2026-05-22,completed
2947,99,Customer 99,Curitiba,PR,3,Monitor 27,Monitors,5,1200.0,6000.0,2026-05-29,completed
2948,322,Customer 322,Fortaleza,CE,7,Webcam Full HD,Accessories,3,300.0,900.0,2026-06-30,completed
2949,412,Customer 412,Brasília,DF,7,Webcam Full HD,Accessories,3,300.0,900.0,2026-04-04,completed
2950,164,Customer 164,Recife,PE,6,SSD 1TB,Storage,1,700.0,700.0,2026-06-27,completed
2951,165,Customer 165,Belo Horizonte,MG,9,External HD 2TB,Storage,5,500.0,2500.0,2026-02-02,completed
2952,470,Customer 470,Recife,PE,8,Tablet Pro,Tablets,5,2800.0,14000.0,2026-03-22,completed
2953,414,Customer 414,Fortaleza,CE,4,Mouse Wireless,Accessories,3,180.0,540.0,2026-07-03,cancelled
2954,331,Customer 331,Recife,PE,4,Mouse Wireless,Accessories,4,180.0,720.0,2026-03-10,completed
2955,429,Customer 429,São Paulo,SP,8,Tablet Pro,Tablets,5,2800.0,14000.0,2026-04-23,completed
2956,303,Customer 303,Curitiba,PR,2,Keyboard Mechanical,Accessories,2,350.0,700.0,2026-01-06,completed
2957,230,Customer 230,Recife,PE,1,Notebook Pro,Computers,3,4500.0,13500.0,2026-05-03,cancelled
2958,76,Customer 76,Rio de Janeiro,RJ,6,SSD 1TB,Storage,1,700.0,700.0,2026-07-04,completed
2959,292,Customer 292,Brasília,DF,1,Notebook Pro,Computers,5,4500.0,22500.0,2026-05-06,completed
2960,361,Customer 361,Niterói,RJ,7,Webcam Full HD,Accessories,2,300.0,600.0,2026-06-19,completed
2961,159,Customer 159,Recife,PE,5,Headset Pro,Accessories,3,450.0,1350.0,2026-03-01,completed
2962,409,Customer 409,Recife,PE,7,Webcam Full HD,Accessories,2,300.0,600.0,2026-07-16,completed
2963,349,Customer 349,Fortaleza,CE,6,SSD 1TB,Storage,1,700.0,700.0,2026-06-06,completed
2964,365,Customer 365,Salvador,BA,10,Laptop Stand,Accessories,1,250.0,250.0,2026-07-18,completed
2965,315,Customer 315,Rio de Janeiro,RJ,9,External HD 2TB,Storage,4,500.0,2000.0,2026-07-06,completed
2966,376,Customer 376,Belo Horizonte,MG,4,Mouse Wireless,Accessories,5,180.0,900.0,2026-07-18,completed
2967,428,Customer 428,Niterói,RJ,1,Notebook Pro,Computers,4,4500.0,18000.0,2026-07-06,completed
2968,170,Customer 170,Rio de Janeiro,RJ,2,Keyboard Mechanical,Accessories,4,350.0,1400.0,2026-05-27,cancelled
2969,486,Customer 486,Curitiba,PR,7,Webcam Full HD,Accessories,4,300.0,1200.0,2026-06-28,completed
2970,71,Customer 71,Salvador,BA,3,Monitor 27,Monitors,1,1200.0,1200.0,2026-03-21,completed
2971,91,Customer 91,Curitiba,PR,5,Headset Pro,Accessories,4,450.0,1800.0,2026-01-24,completed
2972,134,Customer 134,Curitiba,PR,4,Mouse Wireless,Accessories,2,180.0,360.0,2026-03-31,cancelled
2973,325,Customer 325,Rio de Janeiro,RJ,6,SSD 1TB,Storage,4,700.0,2800.0,2026-07-12,completed
2974,269,Customer 269,Brasília,DF,1,Notebook Pro,Computers,5,4500.0,22500.0,2026-01-16,completed
2975,31,Customer 31,Salvador,BA,2,Keyboard Mechanical,Accessories,2,350.0,700.0,2026-01-01,completed
2976,7,Customer 7,São Paulo,SP,6,SSD 1TB,Storage,4,700.0,2800.0,2026-03-20,completed
2977,410,Customer 410,Fortaleza,CE,10,Laptop Stand,Accessories,3,250.0,750.0,2026-08-08,completed
2978,490,Customer 490,Niterói,RJ,4,Mouse Wireless,Accessories,5,180.0,900.0,2026-05-08,completed
2979,275,Customer 275,Belo Horizonte,MG,6,SSD 1TB,Storage,1,700.0,700.0,2026-08-12,cancelled
2980,468,Customer 468,Niterói,RJ,10,Laptop Stand,Accessories,3,250.0,750.0,2026-05-27,completed
2981,457,Customer 457,Porto Alegre,RS,3,Monitor 27,Monitors,5,1200.0,6000.0,2026-02-08,completed
2982,16,Customer 16,Fortaleza,CE,1,Notebook Pro,Computers,5,4500.0,22500.0,2026-08-16,completed
2983,414,Customer 414,Brasília,DF,5,Headset Pro,Accessories,1,450.0,450.0,2026-03-31,cancelled
2984,93,Customer 93,Fortaleza,CE,9,External HD 2TB,Storage,2,500.0,1000.0,2026-08-19,completed
2985,255,Customer 255,Belo Horizonte,MG,10,Laptop Stand,Accessories,2,250.0,500.0,2026-06-06,completed
2986,481,Customer 481,Porto Alegre,RS,9,External HD 2TB,Storage,4,500.0,2000.0,2026-07-20,completed
2987,484,Customer 484,Rio de Janeiro,RJ,9,External HD 2TB,Storage,1,500.0,500.0,2026-03-28,completed
2988,188,Customer 188,Niterói,RJ,4,Mouse Wireless,Accessories,4,180.0,720.0,2026-02-18,completed
2989,22,Customer 22,Salvador,BA,1,Notebook Pro,Computers,4,4500.0,18000.0,2026-07-27,cancelled
2990,363,Customer 363,Fortaleza,CE,2,Keyboard Mechanical,Accessories,5,350.0,1750.0,2026-01-24,cancelled
2991,336,Customer 336,Salvador,BA,9,External HD 2TB,Storage,5,500.0,2500.0,2026-05-28,cancelled
2992,273,Customer 273,Recife,PE,7,Webcam Full HD,Accessories,5,300.0,1500.0,2026-06-14,completed
2993,145,Customer 145,Salvador,BA,3,Monitor 27,Monitors,4,1200.0,4800.0,2026-07-15,completed
2994,150,Customer 150,Curitiba,PR,7,Webcam Full HD,Accessories,4,300.0,1200.0,2026-04-07,completed
2995,252,Customer 252,São Paulo,SP,8,Tablet Pro,Tablets,1,2800.0,2800.0,2026-03-24,completed
2996,248,Customer 248,Fortaleza,CE,7,Webcam Full HD,Accessories,3,300.0,900.0,2026-05-08,completed
2997,395,Customer 395,São Paulo,SP,9,External HD 2TB,Storage,1,500.0,500.0,2026-02-18,completed
2998,158,Customer 158,Fortaleza,CE,10,Laptop Stand,Accessories,5,250.0,1250.0,2026-02-14,cancelled
2999,161,Customer 161,São Paulo,SP,9,External HD 2TB,Storage,1,500.0,500.0,2026-01-13,completed
3000,198,Customer 198,Belo Horizonte,MG,6,SSD 1TB,Storage,5,700.0,3500.0,2026-01-14,cancelled
3001,448,Customer 448,Curitiba,PR,9,External HD 2TB,Storage,5,500.0,2500.0,2026-08-06,completed
3002,261,Customer 261,Salvador,BA,1,Notebook Pro,Computers,2,4500.0,9000.0,2026-01-26,completed
3003,487,Customer 487,Niterói,RJ,4,Mouse Wireless,Accessories,3,180.0,540.0,2026-01-19,cancelled
3004,105,Customer 105,Porto Alegre,RS,4,Mouse Wireless,Accessories,5,180.0,900.0,2026-06-13,completed
3005,8,Customer 8,São Paulo,SP,7,Webcam Full HD,Accessories,2,300.0,600.0,2026-08-19,cancelled
3006,60,Customer 60,Brasília,DF,1,Notebook Pro,Computers,2,4500.0,9000.0,2026-06-18,completed
3007,91,Customer 91,Curitiba,PR,4,Mouse Wireless,Accessories,3,180.0,540.0,2026-08-23,completed
3008,23,Customer 23,Niterói,RJ,3,Monitor 27,Monitors,5,1200.0,6000.0,2026-03-05,completed
3009,343,Customer 343,Brasília,DF,7,Webcam Full HD,Accessories,5,300.0,1500.0,2026-07-01,cancelled
3010,159,Customer 159,Belo Horizonte,MG,5,Headset Pro,Accessories,4,450.0,1800.0,2026-06-26,completed
3011,213,Customer 213,Curitiba,PR,7,Webcam Full HD,Accessories,3,300.0,900.0,2026-08-04,completed
3012,419,Customer 419,Porto Alegre,RS,5,Headset Pro,Accessories,5,450.0,2250.0,2026-01-03,cancelled
3013,355,Customer 355,Curitiba,PR,1,Notebook Pro,Computers,4,4500.0,18000.0,2026-02-02,cancelled
3014,354,Customer 354,Belo Horizonte,MG,2,Keyboard Mechanical,Accessories,1,350.0,350.0,2026-01-30,completed
3015,462,Customer 462,Porto Alegre,RS,2,Keyboard Mechanical,Accessories,2,350.0,700.0,2026-05-18,completed
3016,86,Customer 86,Brasília,DF,7,Webcam Full HD,Accessories,3,300.0,900.0,2026-05-18,completed
3017,146,Customer 146,Fortaleza,CE,5,Headset Pro,Accessories,1,450.0,450.0,2026-07-14,completed
3018,203,Customer 203,Belo Horizonte,MG,2,Keyboard Mechanical,Accessories,5,350.0,1750.0,2026-08-05,completed
3019,103,Customer 103,Niterói,RJ,9,External HD 2TB,Storage,1,500.0,500.0,2026-05-01,completed
3020,56,Customer 56,Rio de Janeiro,RJ,4,Mouse Wireless,Accessories,1,180.0,180.0,2026-08-02,completed
3021,95,Customer 95,Rio de Janeiro,RJ,2,Keyboard Mechanical,Accessories,2,350.0,700.0,2026-04-22,completed
3022,190,Customer 190,Porto Alegre,RS,3,Monitor 27,Monitors,4,1200.0,4800.0,2026-06-02,completed
3023,340,Customer 340,Recife,PE,4,Mouse Wireless,Accessories,2,180.0,360.0,2026-07-05,completed
3024,23,Customer 23,Fortaleza,CE,1,Notebook Pro,Computers,2,4500.0,9000.0,2026-03-29,completed
3025,472,Customer 472,Niterói,RJ,6,SSD 1TB,Storage,4,700.0,2800.0,2026-02-21,cancelled
3026,29,Customer 29,Curitiba,PR,7,Webcam Full HD,Accessories,2,300.0,600.0,2026-03-16,completed
3027,33,Customer 33,Belo Horizonte,MG,3,Monitor 27,Monitors,2,1200.0,2400.0,2026-03-27,cancelled
3028,370,Customer 370,Porto Alegre,RS,1,Notebook Pro,Computers,4,4500.0,18000.0,2026-01-18,completed
3029,309,Customer 309,Recife,PE,5,Headset Pro,Accessories,5,450.0,2250.0,2026-02-11,completed
3030,281,Customer 281,Salvador,BA,1,Notebook Pro,Computers,1,4500.0,4500.0,2026-06-25,completed
3031,210,Customer 210,Recife,PE,9,External HD 2TB,Storage,1,500.0,500.0,2026-06-08,cancelled
3032,87,Customer 87,Salvador,BA,6,SSD 1TB,Storage,1,700.0,700.0,2026-02-06,completed
3033,351,Customer 351,Belo Horizonte,MG,1,Notebook Pro,Computers,4,4500.0,18000.0,2026-01-01,completed
3034,30,Customer 30,Curitiba,PR,10,Laptop Stand,Accessories,1,250.0,250.0,2026-08-08,completed
3035,391,Customer 391,São Paulo,SP,10,Laptop Stand,Accessories,5,250.0,1250.0,2026-01-19,completed
3036,333,Customer 333,Porto Alegre,RS,10,Laptop Stand,Accessories,4,250.0,1000.0,2026-03-14,cancelled
3037,316,Customer 316,Curitiba,PR,8,Tablet Pro,Tablets,2,2800.0,5600.0,2026-06-24,completed
3038,314,Customer 314,Brasília,DF,6,SSD 1TB,Storage,4,700.0,2800.0,2026-05-03,completed
3039,233,Customer 233,Recife,PE,6,SSD 1TB,Storage,2,700.0,1400.0,2026-02-06,completed
3040,327,Customer 327,Niterói,RJ,7,Webcam Full HD,Accessories,3,300.0,900.0,2026-08-14,completed
3041,189,Customer 189,São Paulo,SP,7,Webcam Full HD,Accessories,3,300.0,900.0,2026-02-06,completed
3042,236,Customer 236,Curitiba,PR,9,External HD 2TB,Storage,2,500.0,1000.0,2026-04-13,completed
3043,431,Customer 431,Salvador,BA,4,Mouse Wireless,Accessories,4,180.0,720.0,2026-04-18,completed
3044,236,Customer 236,Porto Alegre,RS,8,Tablet Pro,Tablets,4,2800.0,11200.0,2026-04-29,completed
3045,173,Customer 173,Salvador,BA,7,Webcam Full HD,Accessories,2,300.0,600.0,2026-07-05,completed
3046,106,Customer 106,Belo Horizonte,MG,4,Mouse Wireless,Accessories,2,180.0,360.0,2026-05-26,completed
3047,486,Customer 486,Fortaleza,CE,6,SSD 1TB,Storage,4,700.0,2800.0,2026-05-21,completed
3048,192,Customer 192,Brasília,DF,4,Mouse Wireless,Accessories,4,180.0,720.0,2026-02-06,completed
3049,56,Customer 56,Recife,PE,8,Tablet Pro,Tablets,3,2800.0,8400.0,2026-08-20,completed
3050,212,Customer 212,São Paulo,SP,4,Mouse Wireless,Accessories,2,180.0,360.0,2026-03-28,completed
3051,456,Customer 456,Niterói,RJ,7,Webcam Full HD,Accessories,5,300.0,1500.0,2026-04-21,completed
3052,483,Customer 483,Porto Alegre,RS,1,Notebook Pro,Computers,2,4500.0,9000.0,2026-04-09,completed
3053,342,Customer 342,Niterói,RJ,5,Headset Pro,Accessories,5,450.0,2250.0,2026-07-16,completed
3054,329,Customer 329,Curitiba,PR,10,Laptop Stand,Accessories,2,250.0,500.0,2026-02-08,completed
3055,163,Customer 163,Porto Alegre,RS,4,Mouse Wireless,Accessories,2,180.0,360.0,2026-07-15,completed
3056,162,Customer 162,Fortaleza,CE,10,Laptop Stand,Accessories,5,250.0,1250.0,2026-07-08,cancelled
3057,449,Customer 449,São Paulo,SP,2,Keyboard Mechanical,Accessories,1,350.0,350.0,2026-01-22,completed
3058,5,Customer 5,São Paulo,SP,6,SSD 1TB,Storage,1,700.0,700.0,2026-03-22,completed
3059,104,Customer 104,Niterói,RJ,4,Mouse Wireless,Accessories,3,180.0,540.0,2026-08-04,completed
3060,186,Customer 186,Fortaleza,CE,6,SSD 1TB,Storage,5,700.0,3500.0,2026-08-20,completed
3061,244,Customer 244,Salvador,BA,3,Monitor 27,Monitors,3,1200.0,3600.0,2026-03-19,completed
3062,411,Customer 411,Recife,PE,3,Monitor 27,Monitors,2,1200.0,2400.0,2026-02-11,completed
3063,61,Customer 61,Recife,PE,10,Laptop Stand,Accessories,4,250.0,1000.0,2026-02-10,completed
3064,283,Customer 283,Porto Alegre,RS,5,Headset Pro,Accessories,2,450.0,900.0,2026-01-30,cancelled
3065,485,Customer 485,Niterói,RJ,8,Tablet Pro,Tablets,1,2800.0,2800.0,2026-07-13,completed
3066,70,Customer 70,Curitiba,PR,8,Tablet Pro,Tablets,4,2800.0,11200.0,2026-05-03,completed
3067,393,Customer 393,São Paulo,SP,10,Laptop Stand,Accessories,3,250.0,750.0,2026-08-27,completed
3068,300,Customer 300,Fortaleza,CE,3,Monitor 27,Monitors,4,1200.0,4800.0,2026-08-17,completed
3069,497,Customer 497,Porto Alegre,RS,10,Laptop Stand,Accessories,3,250.0,750.0,2026-08-15,completed
3070,44,Customer 44,Salvador,BA,2,Keyboard Mechanical,Accessories,2,350.0,700.0,2026-02-04,completed
3071,154,Customer 154,Curitiba,PR,3,Monitor 27,Monitors,1,1200.0,1200.0,2026-08-28,cancelled
3072,101,Customer 101,Salvador,BA,5,Headset Pro,Accessories,1,450.0,450.0,2026-04-01,completed
3073,410,Customer 410,Porto Alegre,RS,1,Notebook Pro,Computers,5,4500.0,22500.0,2026-08-17,completed
3074,214,Customer 214,Niterói,RJ,6,SSD 1TB,Storage,3,700.0,2100.0,2026-02-19,completed
3075,144,Customer 144,Recife,PE,1,Notebook Pro,Computers,4,4500.0,18000.0,2026-03-23,completed
3076,27,Customer 27,Belo Horizonte,MG,5,Headset Pro,Accessories,3,450.0,1350.0,2026-04-25,completed
3077,173,Customer 173,São Paulo,SP,5,Headset Pro,Accessories,4,450.0,1800.0,2026-06-18,completed
3078,171,Customer 171,Recife,PE,1,Notebook Pro,Computers,2,4500.0,9000.0,2026-08-12,completed
3079,6,Customer 6,Fortaleza,CE,1,Notebook Pro,Computers,3,4500.0,13500.0,2026-04-08,completed
3080,464,Customer 464,Porto Alegre,RS,7,Webcam Full HD,Accessories,4,300.0,1200.0,2026-01-10,cancelled
3081,345,Customer 345,Brasília,DF,7,Webcam Full HD,Accessories,3,300.0,900.0,2026-04-04,completed
3082,438,Customer 438,Curitiba,PR,7,Webcam Full HD,Accessories,3,300.0,900.0,2026-02-03,completed
3083,369,Customer 369,Brasília,DF,9,External HD 2TB,Storage,2,500.0,1000.0,2026-05-06,completed
3084,137,Customer 137,Rio de Janeiro,RJ,8,Tablet Pro,Tablets,1,2800.0,2800.0,2026-07-26,cancelled
3085,468,Customer 468,Salvador,BA,9,External HD 2TB,Storage,1,500.0,500.0,2026-01-06,completed
3086,413,Customer 413,Rio de Janeiro,RJ,4,Mouse Wireless,Accessories,1,180.0,180.0,2026-02-15,completed
3087,34,Customer 34,Niterói,RJ,10,Laptop Stand,Accessories,2,250.0,500.0,2026-07-19,completed
3088,443,Customer 443,Rio de Janeiro,RJ,1,Notebook Pro,Computers,1,4500.0,4500.0,2026-07-08,completed
3089,446,Customer 446,Fortaleza,CE,2,Keyboard Mechanical,Accessories,2,350.0,700.0,2026-05-30,cancelled
3090,495,Customer 495,Porto Alegre,RS,6,SSD 1TB,Storage,1,700.0,700.0,2026-06-06,completed
3091,29,Customer 29,Niterói,RJ,4,Mouse Wireless,Accessories,1,180.0,180.0,2026-02-17,completed
3092,368,Customer 368,Rio de Janeiro,RJ,1,Notebook Pro,Computers,4,4500.0,18000.0,2026-07-22,cancelled
3093,120,Customer 120,Belo Horizonte,MG,1,Notebook Pro,Computers,1,4500.0,4500.0,2026-04-10,completed
3094,321,Customer 321,Recife,PE,4,Mouse Wireless,Accessories,4,180.0,720.0,2026-07-29,completed
3095,363,Customer 363,Porto Alegre,RS,10,Laptop Stand,Accessories,2,250.0,500.0,2026-05-01,completed
3096,375,Customer 375,Fortaleza,CE,1,Notebook Pro,Computers,4,4500.0,18000.0,2026-02-17,completed
3097,4,Customer 4,Rio de Janeiro,RJ,3,Monitor 27,Monitors,2,1200.0,2400.0,2026-03-09,completed
3098,450,Customer 450,Recife,PE,10,Laptop Stand,Accessories,2,250.0,500.0,2026-06-29,completed
3099,360,Customer 360,Rio de Janeiro,RJ,4,Mouse Wireless,Accessories,2,180.0,360.0,2026-08-06,completed
3100,388,Customer 388,Belo Horizonte,MG,3,Monitor 27,Monitors,4,1200.0,4800.0,2026-06-12,completed
3101,152,Customer 152,Fortaleza,CE,7,Webcam Full HD,Accessories,5,300.0,1500.0,2026-06-13,completed
3102,112,Customer 112,Curitiba,PR,5,Headset Pro,Accessories,3,450.0,1350.0,2026-07-08,completed
3103,272,Customer 272,São Paulo,SP,5,Headset Pro,Accessories,3,450.0,1350.0,2026-07-13,completed
3104,34,Customer 34,São Paulo,SP,2,Keyboard Mechanical,Accessories,4,350.0,1400.0,2026-03-30,cancelled
3105,31,Customer 31,Fortaleza,CE,7,Webcam Full HD,Accessories,1,300.0,300.0,2026-06-22,cancelled
3106,229,Customer 229,São Paulo,SP,2,Keyboard Mechanical,Accessories,3,350.0,1050.0,2026-05-31,completed
3107,358,Customer 358,Fortaleza,CE,2,Keyboard Mechanical,Accessories,5,350.0,1750.0,2026-03-09,cancelled
3108,430,Customer 430,Salvador,BA,8,Tablet Pro,Tablets,3,2800.0,8400.0,2026-07-10,completed
3109,190,Customer 190,Porto Alegre,RS,5,Headset Pro,Accessories,4,450.0,1800.0,2026-03-22,completed
3110,382,Customer 382,Belo Horizonte,MG,4,Mouse Wireless,Accessories,5,180.0,900.0,2026-02-13,completed
3111,354,Customer 354,Salvador,BA,7,Webcam Full HD,Accessories,4,300.0,1200.0,2026-08-14,completed
3112,167,Customer 167,Curitiba,PR,8,Tablet Pro,Tablets,4,2800.0,11200.0,2026-04-26,completed
3113,73,Customer 73,Curitiba,PR,7,Webcam Full HD,Accessories,1,300.0,300.0,2026-08-12,completed
3114,404,Customer 404,Salvador,BA,7,Webcam Full HD,Accessories,2,300.0,600.0,2026-04-13,completed
3115,8,Customer 8,Curitiba,PR,3,Monitor 27,Monitors,2,1200.0,2400.0,2026-06-01,completed
3116,112,Customer 112,Rio de Janeiro,RJ,1,Notebook Pro,Computers,4,4500.0,18000.0,2026-05-01,completed
3117,139,Customer 139,Salvador,BA,4,Mouse Wireless,Accessories,1,180.0,180.0,2026-05-08,completed
3118,82,Customer 82,Brasília,DF,9,External HD 2TB,Storage,3,500.0,1500.0,2026-02-28,completed
3119,250,Customer 250,Fortaleza,CE,8,Tablet Pro,Tablets,4,2800.0,11200.0,2026-04-22,completed
3120,250,Customer 250,São Paulo,SP,6,SSD 1TB,Storage,1,700.0,700.0,2026-01-18,completed
3121,362,Customer 362,Porto Alegre,RS,10,Laptop Stand,Accessories,3,250.0,750.0,2026-02-06,completed
3122,266,Customer 266,Porto Alegre,RS,4,Mouse Wireless,Accessories,4,180.0,720.0,2026-05-06,completed
3123,490,Customer 490,Brasília,DF,3,Monitor 27,Monitors,3,1200.0,3600.0,2026-06-11,completed
3124,351,Customer 351,Fortaleza,CE,7,Webcam Full HD,Accessories,5,300.0,1500.0,2026-02-01,completed
3125,67,Customer 67,Recife,PE,5,Headset Pro,Accessories,3,450.0,1350.0,2026-07-05,completed
3126,414,Customer 414,Niterói,RJ,6,SSD 1TB,Storage,5,700.0,3500.0,2026-05-02,completed
3127,10,Customer 10,Porto Alegre,RS,6,SSD 1TB,Storage,4,700.0,2800.0,2026-03-05,completed
3128,484,Customer 484,Salvador,BA,4,Mouse Wireless,Accessories,3,180.0,540.0,2026-06-12,completed
3129,403,Customer 403,Brasília,DF,9,External HD 2TB,Storage,3,500.0,1500.0,2026-05-28,completed
3130,358,Customer 358,Belo Horizonte,MG,3,Monitor 27,Monitors,3,1200.0,3600.0,2026-07-20,cancelled
3131,294,Customer 294,Belo Horizonte,MG,10,Laptop Stand,Accessories,5,250.0,1250.0,2026-03-02,completed
3132,251,Customer 251,Fortaleza,CE,8,Tablet Pro,Tablets,1,2800.0,2800.0,2026-03-22,completed
3133,451,Customer 451,Rio de Janeiro,RJ,7,Webcam Full HD,Accessories,2,300.0,600.0,2026-06-09,completed
3134,42,Customer 42,Recife,PE,8,Tablet Pro,Tablets,4,2800.0,11200.0,2026-06-04,cancelled
3135,137,Customer 137,Rio de Janeiro,RJ,8,Tablet Pro,Tablets,4,2800.0,11200.0,2026-07-19,completed
3136,406,Customer 406,Brasília,DF,3,Monitor 27,Monitors,3,1200.0,3600.0,2026-08-06,completed
3137,243,Customer 243,Belo Horizonte,MG,4,Mouse Wireless,Accessories,1,180.0,180.0,2026-03-25,completed
3138,423,Customer 423,Fortaleza,CE,8,Tablet Pro,Tablets,5,2800.0,14000.0,2026-02-07,completed
3139,490,Customer 490,Salvador,BA,8,Tablet Pro,Tablets,3,2800.0,8400.0,2026-06-04,completed
3140,103,Customer 103,Belo Horizonte,MG,10,Laptop Stand,Accessories,5,250.0,1250.0,2026-01-31,completed
3141,376,Customer 376,São Paulo,SP,4,Mouse Wireless,Accessories,5,180.0,900.0,2026-07-24,completed
3142,145,Customer 145,Belo Horizonte,MG,7,Webcam Full HD,Accessories,4,300.0,1200.0,2026-06-29,completed
3143,153,Customer 153,Brasília,DF,4,Mouse Wireless,Accessories,2,180.0,360.0,2026-03-17,completed
3144,15,Customer 15,Curitiba,PR,2,Keyboard Mechanical,Accessories,3,350.0,1050.0,2026-04-30,completed
3145,229,Customer 229,Curitiba,PR,9,External HD 2TB,Storage,2,500.0,1000.0,2026-06-02,completed
3146,389,Customer 389,Salvador,BA,2,Keyboard Mechanical,Accessories,3,350.0,1050.0,2026-04-27,completed
3147,102,Customer 102,Fortaleza,CE,8,Tablet Pro,Tablets,3,2800.0,8400.0,2026-02-11,completed
3148,66,Customer 66,Salvador,BA,1,Notebook Pro,Computers,1,4500.0,4500.0,2026-01-14,completed
3149,283,Customer 283,Porto Alegre,RS,6,SSD 1TB,Storage,2,700.0,1400.0,2026-03-22,cancelled
3150,193,Customer 193,Recife,PE,1,Notebook Pro,Computers,4,4500.0,18000.0,2026-06-15,completed
3151,203,Customer 203,Niterói,RJ,6,SSD 1TB,Storage,5,700.0,3500.0,2026-08-03,completed
3152,330,Customer 330,Brasília,DF,6,SSD 1TB,Storage,5,700.0,3500.0,2026-07-13,completed
3153,21,Customer 21,Recife,PE,1,Notebook Pro,Computers,2,4500.0,9000.0,2026-05-08,completed
3154,475,Customer 475,Rio de Janeiro,RJ,3,Monitor 27,Monitors,2,1200.0,2400.0,2026-01-27,completed
3155,84,Customer 84,Belo Horizonte,MG,2,Keyboard Mechanical,Accessories,3,350.0,1050.0,2026-04-02,completed
3156,42,Customer 42,Curitiba,PR,6,SSD 1TB,Storage,1,700.0,700.0,2026-05-07,completed
3157,280,Customer 280,São Paulo,SP,9,External HD 2TB,Storage,4,500.0,2000.0,2026-06-14,completed
3158,356,Customer 356,Niterói,RJ,9,External HD 2TB,Storage,1,500.0,500.0,2026-07-28,completed
3159,230,Customer 230,Niterói,RJ,2,Keyboard Mechanical,Accessories,3,350.0,1050.0,2026-02-28,completed
3160,29,Customer 29,Recife,PE,1,Notebook Pro,Computers,1,4500.0,4500.0,2026-06-14,cancelled
3161,116,Customer 116,Porto Alegre,RS,1,Notebook Pro,Computers,1,4500.0,4500.0,2026-02-26,completed
3162,487,Customer 487,Niterói,RJ,3,Monitor 27,Monitors,5,1200.0,6000.0,2026-03-23,completed
3163,199,Customer 199,Curitiba,PR,1,Notebook Pro,Computers,5,4500.0,22500.0,2026-07-15,completed
3164,253,Customer 253,São Paulo,SP,7,Webcam Full HD,Accessories,5,300.0,1500.0,2026-01-18,completed
3165,103,Customer 103,Fortaleza,CE,1,Notebook Pro,Computers,2,4500.0,9000.0,2026-02-28,completed
3166,252,Customer 252,São Paulo,SP,6,SSD 1TB,Storage,1,700.0,700.0,2026-05-29,completed
3167,261,Customer 261,Niterói,RJ,7,Webcam Full HD,Accessories,2,300.0,600.0,2026-02-08,completed
3168,4,Customer 4,Fortaleza,CE,5,Headset Pro,Accessories,3,450.0,1350.0,2026-05-23,completed
3169,262,Customer 262,Curitiba,PR,3,Monitor 27,Monitors,2,1200.0,2400.0,2026-07-13,completed
3170,132,Customer 132,Salvador,BA,4,Mouse Wireless,Accessories,3,180.0,540.0,2026-08-18,completed
3171,202,Customer 202,Rio de Janeiro,RJ,5,Headset Pro,Accessories,4,450.0,1800.0,2026-01-08,completed
3172,309,Customer 309,Recife,PE,7,Webcam Full HD,Accessories,2,300.0,600.0,2026-02-17,completed
3173,22,Customer 22,Curitiba,PR,2,Keyboard Mechanical,Accessories,2,350.0,700.0,2026-02-21,completed
3174,377,Customer 377,Brasília,DF,4,Mouse Wireless,Accessories,5,180.0,900.0,2026-07-29,completed
3175,185,Customer 185,Porto Alegre,RS,1,Notebook Pro,Computers,2,4500.0,9000.0,2026-05-26,completed
3176,112,Customer 112,Recife,PE,1,Notebook Pro,Computers,3,4500.0,13500.0,2026-01-04,completed
3177,425,Customer 425,Niterói,RJ,6,SSD 1TB,Storage,2,700.0,1400.0,2026-05-08,cancelled
3178,199,Customer 199,Salvador,BA,8,Tablet Pro,Tablets,4,2800.0,11200.0,2026-06-04,completed
3179,472,Customer 472,Porto Alegre,RS,8,Tablet Pro,Tablets,5,2800.0,14000.0,2026-06-02,completed
3180,408,Customer 408,Belo Horizonte,MG,2,Keyboard Mechanical,Accessories,5,350.0,1750.0,2026-01-28,completed
3181,437,Customer 437,São Paulo,SP,10,Laptop Stand,Accessories,1,250.0,250.0,2026-08-08,completed
3182,485,Customer 485,Brasília,DF,1,Notebook Pro,Computers,3,4500.0,13500.0,2026-04-24,completed
3183,374,Customer 374,Fortaleza,CE,3,Monitor 27,Monitors,1,1200.0,1200.0,2026-01-14,completed
3184,111,Customer 111,Belo Horizonte,MG,7,Webcam Full HD,Accessories,3,300.0,900.0,2026-01-20,completed
3185,214,Customer 214,São Paulo,SP,5,Headset Pro,Accessories,1,450.0,450.0,2026-08-19,completed
3186,155,Customer 155,Niterói,RJ,5,Headset Pro,Accessories,4,450.0,1800.0,2026-08-27,completed
3187,62,Customer 62,São Paulo,SP,8,Tablet Pro,Tablets,2,2800.0,5600.0,2026-01-04,completed
3188,45,Customer 45,Belo Horizonte,MG,8,Tablet Pro,Tablets,5,2800.0,14000.0,2026-06-27,completed
3189,140,Customer 140,Brasília,DF,1,Notebook Pro,Computers,5,4500.0,22500.0,2026-05-03,completed
3190,375,Customer 375,Niterói,RJ,4,Mouse Wireless,Accessories,1,180.0,180.0,2026-04-12,cancelled
3191,194,Customer 194,São Paulo,SP,1,Notebook Pro,Computers,4,4500.0,18000.0,2026-04-21,completed
3192,212,Customer 212,Niterói,RJ,1,Notebook Pro,Computers,5,4500.0,22500.0,2026-08-18,completed
3193,337,Customer 337,Rio de Janeiro,RJ,5,Headset Pro,Accessories,3,450.0,1350.0,2026-07-04,completed
3194,104,Customer 104,Brasília,DF,1,Notebook Pro,Computers,3,4500.0,13500.0,2026-08-12,completed
3195,121,Customer 121,Porto Alegre,RS,1,Notebook Pro,Computers,1,4500.0,4500.0,2026-08-12,completed
3196,428,Customer 428,Curitiba,PR,9,External HD 2TB,Storage,4,500.0,2000.0,2026-07-22,completed
3197,367,Customer 367,São Paulo,SP,5,Headset Pro,Accessories,3,450.0,1350.0,2026-01-23,completed
3198,189,Customer 189,Porto Alegre,RS,8,Tablet Pro,Tablets,5,2800.0,14000.0,2026-02-11,completed
3199,338,Customer 338,Salvador,BA,9,External HD 2TB,Storage,5,500.0,2500.0,2026-02-07,completed
3200,377,Customer 377,Salvador,BA,7,Webcam Full HD,Accessories,2,300.0,600.0,2026-05-29,completed
3201,191,Customer 191,Porto Alegre,RS,6,SSD 1TB,Storage,3,700.0,2100.0,2026-02-07,cancelled
3202,385,Customer 385,Porto Alegre,RS,9,External HD 2TB,Storage,4,500.0,2000.0,2026-04-03,completed
3203,45,Customer 45,Fortaleza,CE,5,Headset Pro,Accessories,2,450.0,900.0,2026-03-27,completed
3204,331,Customer 331,Porto Alegre,RS,8,Tablet Pro,Tablets,5,2800.0,14000.0,2026-08-09,cancelled
3205,85,Customer 85,São Paulo,SP,6,SSD 1TB,Storage,5,700.0,3500.0,2026-08-24,cancelled
3206,75,Customer 75,Fortaleza,CE,6,SSD 1TB,Storage,5,700.0,3500.0,2026-06-11,cancelled
3207,82,Customer 82,Fortaleza,CE,3,Monitor 27,Monitors,2,1200.0,2400.0,2026-07-31,cancelled
3208,203,Customer 203,Rio de Janeiro,RJ,7,Webcam Full HD,Accessories,1,300.0,300.0,2026-05-09,completed
3209,22,Customer 22,Recife,PE,2,Keyboard Mechanical,Accessories,5,350.0,1750.0,2026-01-02,completed
3210,479,Customer 479,Recife,PE,3,Monitor 27,Monitors,2,1200.0,2400.0,2026-06-25,cancelled
3211,404,Customer 404,Salvador,BA,8,Tablet Pro,Tablets,1,2800.0,2800.0,2026-03-25,cancelled
3212,429,Customer 429,Salvador,BA,9,External HD 2TB,Storage,4,500.0,2000.0,2026-05-14,cancelled
3213,420,Customer 420,Curitiba,PR,4,Mouse Wireless,Accessories,5,180.0,900.0,2026-03-31,cancelled
3214,209,Customer 209,Rio de Janeiro,RJ,4,Mouse Wireless,Accessories,4,180.0,720.0,2026-02-09,cancelled
3215,459,Customer 459,Belo Horizonte,MG,1,Notebook Pro,Computers,5,4500.0,22500.0,2026-07-24,completed
3216,254,Customer 254,Niterói,RJ,2,Keyboard Mechanical,Accessories,3,350.0,1050.0,2026-03-03,completed
3217,156,Customer 156,Belo Horizonte,MG,9,External HD 2TB,Storage,1,500.0,500.0,2026-07-28,completed
3218,13,Customer 13,São Paulo,SP,1,Notebook Pro,Computers,3,4500.0,13500.0,2026-01-31,completed
3219,96,Customer 96,Rio de Janeiro,RJ,2,Keyboard Mechanical,Accessories,3,350.0,1050.0,2026-04-26,completed
3220,217,Customer 217,Salvador,BA,7,Webcam Full HD,Accessories,1,300.0,300.0,2026-06-28,completed
3221,154,Customer 154,Salvador,BA,7,Webcam Full HD,Accessories,3,300.0,900.0,2026-02-23,completed
3222,220,Customer 220,Fortaleza,CE,10,Laptop Stand,Accessories,4,250.0,1000.0,2026-06-12,completed
3223,304,Customer 304,São Paulo,SP,8,Tablet Pro,Tablets,1,2800.0,2800.0,2026-05-08,completed
3224,180,Customer 180,São Paulo,SP,5,Headset Pro,Accessories,4,450.0,1800.0,2026-08-09,completed
3225,386,Customer 386,Recife,PE,2,Keyboard Mechanical,Accessories,4,350.0,1400.0,2026-06-26,completed
3226,318,Customer 318,Salvador,BA,8,Tablet Pro,Tablets,1,2800.0,2800.0,2026-04-08,completed
3227,493,Customer 493,Porto Alegre,RS,2,Keyboard Mechanical,Accessories,4,350.0,1400.0,2026-03-06,completed
3228,48,Customer 48,Rio de Janeiro,RJ,4,Mouse Wireless,Accessories,1,180.0,180.0,2026-04-27,completed
3229,384,Customer 384,Salvador,BA,4,Mouse Wireless,Accessories,5,180.0,900.0,2026-05-01,completed
3230,166,Customer 166,Brasília,DF,9,External HD 2TB,Storage,4,500.0,2000.0,2026-02-25,completed
3231,211,Customer 211,Rio de Janeiro,RJ,1,Notebook Pro,Computers,2,4500.0,9000.0,2026-06-01,cancelled
3232,400,Customer 400,São Paulo,SP,9,External HD 2TB,Storage,4,500.0,2000.0,2026-01-18,completed
3233,93,Customer 93,Porto Alegre,RS,5,Headset Pro,Accessories,5,450.0,2250.0,2026-04-10,completed
3234,335,Customer 335,São Paulo,SP,5,Headset Pro,Accessories,5,450.0,2250.0,2026-01-31,cancelled
3235,265,Customer 265,Porto Alegre,RS,3,Monitor 27,Monitors,4,1200.0,4800.0,2026-03-17,completed
3236,21,Customer 21,Brasília,DF,10,Laptop Stand,Accessories,3,250.0,750.0,2026-04-20,completed
3237,352,Customer 352,Niterói,RJ,2,Keyboard Mechanical,Accessories,2,350.0,700.0,2026-05-04,completed
3238,128,Customer 128,São Paulo,SP,7,Webcam Full HD,Accessories,2,300.0,600.0,2026-07-17,completed
3239,23,Customer 23,Brasília,DF,3,Monitor 27,Monitors,2,1200.0,2400.0,2026-03-29,cancelled
3240,299,Customer 299,Porto Alegre,RS,4,Mouse Wireless,Accessories,4,180.0,720.0,2026-07-26,cancelled
3241,486,Customer 486,Rio de Janeiro,RJ,2,Keyboard Mechanical,Accessories,2,350.0,700.0,2026-02-05,completed
3242,380,Customer 380,Fortaleza,CE,10,Laptop Stand,Accessories,1,250.0,250.0,2026-04-23,completed
3243,188,Customer 188,Curitiba,PR,1,Notebook Pro,Computers,5,4500.0,22500.0,2026-08-18,cancelled
3244,189,Customer 189,Recife,PE,2,Keyboard Mechanical,Accessories,4,350.0,1400.0,2026-05-02,completed
3245,143,Customer 143,Curitiba,PR,9,External HD 2TB,Storage,4,500.0,2000.0,2026-01-18,completed
3246,45,Customer 45,Brasília,DF,6,SSD 1TB,Storage,4,700.0,2800.0,2026-04-13,completed
3247,471,Customer 471,Belo Horizonte,MG,3,Monitor 27,Monitors,1,1200.0,1200.0,2026-01-07,completed
3248,45,Customer 45,Fortaleza,CE,3,Monitor 27,Monitors,2,1200.0,2400.0,2026-04-25,cancelled
3249,280,Customer 280,Salvador,BA,9,External HD 2TB,Storage,3,500.0,1500.0,2026-05-03,completed
3250,498,Customer 498,Niterói,RJ,10,Laptop Stand,Accessories,4,250.0,1000.0,2026-01-30,completed
3251,21,Customer 21,Belo Horizonte,MG,4,Mouse Wireless,Accessories,2,180.0,360.0,2026-03-18,completed
3252,383,Customer 383,Curitiba,PR,1,Notebook Pro,Computers,3,4500.0,13500.0,2026-01-16,completed
3253,404,Customer 404,São Paulo,SP,2,Keyboard Mechanical,Accessories,5,350.0,1750.0,2026-06-20,completed
3254,300,Customer 300,Recife,PE,1,Notebook Pro,Computers,3,4500.0,13500.0,2026-08-14,completed
3255,164,Customer 164,Belo Horizonte,MG,8,Tablet Pro,Tablets,2,2800.0,5600.0,2026-02-18,cancelled
3256,244,Customer 244,Porto Alegre,RS,8,Tablet Pro,Tablets,2,2800.0,5600.0,2026-01-26,completed
3257,199,Customer 199,Recife,PE,9,External HD 2TB,Storage,1,500.0,500.0,2026-02-07,cancelled
3258,66,Customer 66,Recife,PE,3,Monitor 27,Monitors,1,1200.0,1200.0,2026-05-03,completed
3259,38,Customer 38,Fortaleza,CE,3,Monitor 27,Monitors,2,1200.0,2400.0,2026-06-10,completed
3260,430,Customer 430,Salvador,BA,4,Mouse Wireless,Accessories,3,180.0,540.0,2026-04-15,completed
3261,386,Customer 386,Curitiba,PR,1,Notebook Pro,Computers,3,4500.0,13500.0,2026-07-19,completed
3262,15,Customer 15,Belo Horizonte,MG,6,SSD 1TB,Storage,4,700.0,2800.0,2026-04-26,completed
3263,429,Customer 429,Belo Horizonte,MG,3,Monitor 27,Monitors,4,1200.0,4800.0,2026-06-07,completed
3264,456,Customer 456,Curitiba,PR,3,Monitor 27,Monitors,2,1200.0,2400.0,2026-06-03,completed
3265,148,Customer 148,Porto Alegre,RS,2,Keyboard Mechanical,Accessories,4,350.0,1400.0,2026-06-03,completed
3266,214,Customer 214,Rio de Janeiro,RJ,9,External HD 2TB,Storage,1,500.0,500.0,2026-06-30,completed
3267,396,Customer 396,São Paulo,SP,6,SSD 1TB,Storage,3,700.0,2100.0,2026-04-11,completed
3268,238,Customer 238,Salvador,BA,5,Headset Pro,Accessories,5,450.0,2250.0,2026-06-04,completed
3269,471,Customer 471,Brasília,DF,8,Tablet Pro,Tablets,5,2800.0,14000.0,2026-05-05,completed
3270,388,Customer 388,Fortaleza,CE,9,External HD 2TB,Storage,5,500.0,2500.0,2026-06-03,cancelled
3271,403,Customer 403,Fortaleza,CE,3,Monitor 27,Monitors,4,1200.0,4800.0,2026-03-28,completed
3272,355,Customer 355,Porto Alegre,RS,6,SSD 1TB,Storage,5,700.0,3500.0,2026-05-13,completed
3273,324,Customer 324,Rio de Janeiro,RJ,5,Headset Pro,Accessories,3,450.0,1350.0,2026-08-28,completed
3274,448,Customer 448,Brasília,DF,10,Laptop Stand,Accessories,5,250.0,1250.0,2026-02-28,completed
3275,475,Customer 475,Salvador,BA,4,Mouse Wireless,Accessories,5,180.0,900.0,2026-02-18,completed
3276,498,Customer 498,Brasília,DF,4,Mouse Wireless,Accessories,3,180.0,540.0,2026-05-13,cancelled
3277,211,Customer 211,Brasília,DF,5,Headset Pro,Accessories,5,450.0,2250.0,2026-04-19,cancelled
3278,338,Customer 338,Belo Horizonte,MG,10,Laptop Stand,Accessories,2,250.0,500.0,2026-07-25,cancelled
3279,152,Customer 152,Belo Horizonte,MG,6,SSD 1TB,Storage,5,700.0,3500.0,2026-05-22,completed
3280,105,Customer 105,Porto Alegre,RS,10,Laptop Stand,Accessories,5,250.0,1250.0,2026-02-14,completed
3281,371,Customer 371,Brasília,DF,4,Mouse Wireless,Accessories,2,180.0,360.0,2026-06-03,cancelled
3282,426,Customer 426,Salvador,BA,3,Monitor 27,Monitors,4,1200.0,4800.0,2026-04-06,completed
3283,201,Customer 201,Porto Alegre,RS,5,Headset Pro,Accessories,5,450.0,2250.0,2026-04-28,completed
3284,175,Customer 175,Niterói,RJ,5,Headset Pro,Accessories,5,450.0,2250.0,2026-01-19,completed
3285,64,Customer 64,Curitiba,PR,9,External HD 2TB,Storage,4,500.0,2000.0,2026-01-01,completed
3286,97,Customer 97,Brasília,DF,8,Tablet Pro,Tablets,4,2800.0,11200.0,2026-08-28,completed
3287,299,Customer 299,Brasília,DF,9,External HD 2TB,Storage,5,500.0,2500.0,2026-04-18,completed
3288,137,Customer 137,São Paulo,SP,7,Webcam Full HD,Accessories,4,300.0,1200.0,2026-06-02,completed
3289,244,Customer 244,Curitiba,PR,7,Webcam Full HD,Accessories,3,300.0,900.0,2026-01-31,completed
3290,93,Customer 93,Rio de Janeiro,RJ,6,SSD 1TB,Storage,1,700.0,700.0,2026-01-11,completed
3291,143,Customer 143,Rio de Janeiro,RJ,9,External HD 2TB,Storage,5,500.0,2500.0,2026-03-10,completed
3292,402,Customer 402,Rio de Janeiro,RJ,7,Webcam Full HD,Accessories,2,300.0,600.0,2026-01-11,cancelled
3293,291,Customer 291,São Paulo,SP,1,Notebook Pro,Computers,1,4500.0,4500.0,2026-03-28,completed
3294,369,Customer 369,Brasília,DF,5,Headset Pro,Accessories,4,450.0,1800.0,2026-03-03,completed
3295,113,Customer 113,Fortaleza,CE,10,Laptop Stand,Accessories,5,250.0,1250.0,2026-07-12,completed
3296,476,Customer 476,Recife,PE,6,SSD 1TB,Storage,2,700.0,1400.0,2026-02-08,completed
3297,284,Customer 284,Fortaleza,CE,6,SSD 1TB,Storage,2,700.0,1400.0,2026-02-13,completed
3298,105,Customer 105,Recife,PE,10,Laptop Stand,Accessories,1,250.0,250.0,2026-02-11,completed
3299,293,Customer 293,Fortaleza,CE,5,Headset Pro,Accessories,4,450.0,1800.0,2026-02-01,completed
3300,127,Customer 127,Curitiba,PR,4,Mouse Wireless,Accessories,2,180.0,360.0,2026-04-28,completed
3301,85,Customer 85,Niterói,RJ,4,Mouse Wireless,Accessories,3,180.0,540.0,2026-01-28,completed
3302,123,Customer 123,Brasília,DF,7,Webcam Full HD,Accessories,5,300.0,1500.0,2026-08-09,completed
3303,435,Customer 435,Curitiba,PR,8,Tablet Pro,Tablets,2,2800.0,5600.0,2026-03-01,completed
3304,434,Customer 434,Rio de Janeiro,RJ,7,Webcam Full HD,Accessories,4,300.0,1200.0,2026-04-24,completed
3305,379,Customer 379,Curitiba,PR,10,Laptop Stand,Accessories,4,250.0,1000.0,2026-01-06,completed
3306,392,Customer 392,Brasília,DF,4,Mouse Wireless,Accessories,4,180.0,720.0,2026-04-22,completed
3307,176,Customer 176,Salvador,BA,1,Notebook Pro,Computers,4,4500.0,18000.0,2026-05-10,completed
3308,199,Customer 199,Porto Alegre,RS,10,Laptop Stand,Accessories,2,250.0,500.0,2026-04-06,completed
3309,361,Customer 361,Rio de Janeiro,RJ,10,Laptop Stand,Accessories,4,250.0,1000.0,2026-02-13,completed
3310,107,Customer 107,Belo Horizonte,MG,6,SSD 1TB,Storage,3,700.0,2100.0,2026-04-14,completed
3311,128,Customer 128,Brasília,DF,4,Mouse Wireless,Accessories,4,180.0,720.0,2026-06-03,completed
3312,492,Customer 492,São Paulo,SP,10,Laptop Stand,Accessories,2,250.0,500.0,2026-06-15,cancelled
3313,34,Customer 34,Porto Alegre,RS,1,Notebook Pro,Computers,4,4500.0,18000.0,2026-05-27,completed
3314,185,Customer 185,Curitiba,PR,1,Notebook Pro,Computers,4,4500.0,18000.0,2026-04-22,cancelled
3315,229,Customer 229,Curitiba,PR,2,Keyboard Mechanical,Accessories,4,350.0,1400.0,2026-03-07,completed
3316,118,Customer 118,Brasília,DF,6,SSD 1TB,Storage,3,700.0,2100.0,2026-05-03,completed
3317,87,Customer 87,Belo Horizonte,MG,10,Laptop Stand,Accessories,5,250.0,1250.0,2026-06-03,completed
3318,415,Customer 415,Belo Horizonte,MG,1,Notebook Pro,Computers,4,4500.0,18000.0,2026-04-04,completed
3319,390,Customer 390,Belo Horizonte,MG,2,Keyboard Mechanical,Accessories,2,350.0,700.0,2026-01-24,completed
3320,357,Customer 357,Recife,PE,1,Notebook Pro,Computers,3,4500.0,13500.0,2026-01-21,completed
3321,478,Customer 478,Brasília,DF,8,Tablet Pro,Tablets,2,2800.0,5600.0,2026-03-17,completed
3322,440,Customer 440,Curitiba,PR,5,Headset Pro,Accessories,2,450.0,900.0,2026-02-28,completed
3323,160,Customer 160,Niterói,RJ,9,External HD 2TB,Storage,1,500.0,500.0,2026-03-01,completed
3324,318,Customer 318,São Paulo,SP,10,Laptop Stand,Accessories,2,250.0,500.0,2026-03-15,completed
3325,241,Customer 241,Curitiba,PR,3,Monitor 27,Monitors,2,1200.0,2400.0,2026-01-05,completed
3326,309,Customer 309,Rio de Janeiro,RJ,2,Keyboard Mechanical,Accessories,1,350.0,350.0,2026-03-10,completed
3327,274,Customer 274,Rio de Janeiro,RJ,8,Tablet Pro,Tablets,5,2800.0,14000.0,2026-07-14,completed
3328,371,Customer 371,Niterói,RJ,3,Monitor 27,Monitors,5,1200.0,6000.0,2026-08-27,completed
3329,126,Customer 126,São Paulo,SP,6,SSD 1TB,Storage,2,700.0,1400.0,2026-07-16,completed
3330,263,Customer 263,São Paulo,SP,9,External HD 2TB,Storage,5,500.0,2500.0,2026-08-18,completed
3331,202,Customer 202,Niterói,RJ,3,Monitor 27,Monitors,1,1200.0,1200.0,2026-05-01,completed
3332,434,Customer 434,Niterói,RJ,4,Mouse Wireless,Accessories,5,180.0,900.0,2026-08-02,completed
3333,294,Customer 294,Brasília,DF,8,Tablet Pro,Tablets,2,2800.0,5600.0,2026-04-27,completed
3334,364,Customer 364,Rio de Janeiro,RJ,4,Mouse Wireless,Accessories,2,180.0,360.0,2026-06-13,completed
3335,387,Customer 387,São Paulo,SP,2,Keyboard Mechanical,Accessories,4,350.0,1400.0,2026-02-04,completed
3336,148,Customer 148,Porto Alegre,RS,9,External HD 2TB,Storage,4,500.0,2000.0,2026-06-23,completed
3337,282,Customer 282,Recife,PE,7,Webcam Full HD,Accessories,5,300.0,1500.0,2026-04-30,cancelled
3338,483,Customer 483,Recife,PE,6,SSD 1TB,Storage,5,700.0,3500.0,2026-05-28,cancelled
3339,429,Customer 429,Curitiba,PR,5,Headset Pro,Accessories,5,450.0,2250.0,2026-08-28,completed
3340,86,Customer 86,Recife,PE,8,Tablet Pro,Tablets,2,2800.0,5600.0,2026-07-26,completed
3341,106,Customer 106,Rio de Janeiro,RJ,10,Laptop Stand,Accessories,3,250.0,750.0,2026-08-04,completed
3342,60,Customer 60,Fortaleza,CE,7,Webcam Full HD,Accessories,4,300.0,1200.0,2026-04-07,completed
3343,192,Customer 192,São Paulo,SP,6,SSD 1TB,Storage,4,700.0,2800.0,2026-02-20,completed
3344,111,Customer 111,Curitiba,PR,3,Monitor 27,Monitors,4,1200.0,4800.0,2026-08-10,completed
3345,405,Customer 405,Niterói,RJ,5,Headset Pro,Accessories,4,450.0,1800.0,2026-03-04,completed
3346,9,Customer 9,Belo Horizonte,MG,8,Tablet Pro,Tablets,3,2800.0,8400.0,2026-05-05,completed
3347,239,Customer 239,Porto Alegre,RS,6,SSD 1TB,Storage,2,700.0,1400.0,2026-04-29,completed
3348,213,Customer 213,São Paulo,SP,4,Mouse Wireless,Accessories,2,180.0,360.0,2026-08-18,cancelled
3349,473,Customer 473,Rio de Janeiro,RJ,5,Headset Pro,Accessories,3,450.0,1350.0,2026-01-14,completed
3350,239,Customer 239,Curitiba,PR,7,Webcam Full HD,Accessories,1,300.0,300.0,2026-06-03,completed
3351,182,Customer 182,Recife,PE,9,External HD 2TB,Storage,4,500.0,2000.0,2026-01-11,completed
3352,35,Customer 35,Salvador,BA,6,SSD 1TB,Storage,2,700.0,1400.0,2026-03-21,completed
3353,85,Customer 85,São Paulo,SP,2,Keyboard Mechanical,Accessories,2,350.0,700.0,2026-07-10,cancelled
3354,288,Customer 288,Brasília,DF,1,Notebook Pro,Computers,1,4500.0,4500.0,2026-05-11,completed
3355,323,Customer 323,Recife,PE,6,SSD 1TB,Storage,1,700.0,700.0,2026-04-25,completed
3356,172,Customer 172,Fortaleza,CE,8,Tablet Pro,Tablets,3,2800.0,8400.0,2026-06-09,completed
3357,146,Customer 146,Salvador,BA,1,Notebook Pro,Computers,5,4500.0,22500.0,2026-05-30,completed
3358,453,Customer 453,Porto Alegre,RS,8,Tablet Pro,Tablets,4,2800.0,11200.0,2026-07-15,completed
3359,19,Customer 19,Recife,PE,10,Laptop Stand,Accessories,5,250.0,1250.0,2026-01-18,completed
3360,478,Customer 478,Curitiba,PR,6,SSD 1TB,Storage,4,700.0,2800.0,2026-07-07,cancelled
3361,326,Customer 326,Brasília,DF,3,Monitor 27,Monitors,2,1200.0,2400.0,2026-07-15,completed
3362,48,Customer 48,Fortaleza,CE,7,Webcam Full HD,Accessories,3,300.0,900.0,2026-04-11,completed
3363,22,Customer 22,São Paulo,SP,5,Headset Pro,Accessories,1,450.0,450.0,2026-02-04,completed
3364,215,Customer 215,Fortaleza,CE,4,Mouse Wireless,Accessories,4,180.0,720.0,2026-07-24,completed
3365,219,Customer 219,Recife,PE,10,Laptop Stand,Accessories,3,250.0,750.0,2026-08-23,completed
3366,1,Customer 1,Rio de Janeiro,RJ,3,Monitor 27,Monitors,1,1200.0,1200.0,2026-03-09,cancelled
3367,248,Customer 248,Rio de Janeiro,RJ,4,Mouse Wireless,Accessories,4,180.0,720.0,2026-08-23,completed
3368,474,Customer 474,Porto Alegre,RS,2,Keyboard Mechanical,Accessories,1,350.0,350.0,2026-06-21,completed
3369,416,Customer 416,Salvador,BA,10,Laptop Stand,Accessories,3,250.0,750.0,2026-08-06,completed
3370,490,Customer 490,Brasília,DF,10,Laptop Stand,Accessories,5,250.0,1250.0,2026-05-21,cancelled
3371,170,Customer 170,Salvador,BA,9,External HD 2TB,Storage,2,500.0,1000.0,2026-06-20,cancelled
3372,428,Customer 428,Fortaleza,CE,9,External HD 2TB,Storage,3,500.0,1500.0,2026-07-26,completed
3373,399,Customer 399,Belo Horizonte,MG,4,Mouse Wireless,Accessories,1,180.0,180.0,2026-04-22,completed
3374,140,Customer 140,Salvador,BA,9,External HD 2TB,Storage,3,500.0,1500.0,2026-05-08,cancelled
3375,208,Customer 208,São Paulo,SP,10,Laptop Stand,Accessories,3,250.0,750.0,2026-07-25,completed
3376,55,Customer 55,Niterói,RJ,9,External HD 2TB,Storage,2,500.0,1000.0,2026-08-05,completed
3377,451,Customer 451,Belo Horizonte,MG,8,Tablet Pro,Tablets,2,2800.0,5600.0,2026-08-26,completed
3378,358,Customer 358,Recife,PE,9,External HD 2TB,Storage,3,500.0,1500.0,2026-04-16,cancelled
3379,205,Customer 205,Curitiba,PR,10,Laptop Stand,Accessories,3,250.0,750.0,2026-03-18,completed
3380,125,Customer 125,Niterói,RJ,10,Laptop Stand,Accessories,4,250.0,1000.0,2026-08-26,cancelled
3381,34,Customer 34,Salvador,BA,1,Notebook Pro,Computers,4,4500.0,18000.0,2026-04-14,completed
3382,79,Customer 79,Curitiba,PR,8,Tablet Pro,Tablets,1,2800.0,2800.0,2026-03-27,completed
3383,61,Customer 61,Brasília,DF,4,Mouse Wireless,Accessories,4,180.0,720.0,2026-08-14,completed
3384,476,Customer 476,Curitiba,PR,10,Laptop Stand,Accessories,2,250.0,500.0,2026-04-14,completed
3385,435,Customer 435,Belo Horizonte,MG,5,Headset Pro,Accessories,2,450.0,900.0,2026-06-06,completed
3386,173,Customer 173,Niterói,RJ,10,Laptop Stand,Accessories,3,250.0,750.0,2026-06-01,completed
3387,437,Customer 437,Rio de Janeiro,RJ,2,Keyboard Mechanical,Accessories,1,350.0,350.0,2026-01-22,cancelled
3388,5,Customer 5,Niterói,RJ,9,External HD 2TB,Storage,4,500.0,2000.0,2026-05-07,completed
3389,479,Customer 479,Niterói,RJ,1,Notebook Pro,Computers,1,4500.0,4500.0,2026-05-01,completed
3390,17,Customer 17,Niterói,RJ,5,Headset Pro,Accessories,3,450.0,1350.0,2026-06-23,cancelled
3391,471,Customer 471,Salvador,BA,10,Laptop Stand,Accessories,1,250.0,250.0,2026-01-11,completed
3392,458,Customer 458,Brasília,DF,6,SSD 1TB,Storage,1,700.0,700.0,2026-01-10,completed
3393,43,Customer 43,São Paulo,SP,10,Laptop Stand,Accessories,1,250.0,250.0,2026-07-30,completed
3394,405,Customer 405,Niterói,RJ,7,Webcam Full HD,Accessories,4,300.0,1200.0,2026-01-28,completed
3395,304,Customer 304,Brasília,DF,10,Laptop Stand,Accessories,5,250.0,1250.0,2026-01-19,completed
3396,146,Customer 146,Niterói,RJ,2,Keyboard Mechanical,Accessories,4,350.0,1400.0,2026-06-05,completed
3397,81,Customer 81,Recife,PE,2,Keyboard Mechanical,Accessories,4,350.0,1400.0,2026-06-05,completed
3398,353,Customer 353,Brasília,DF,1,Notebook Pro,Computers,4,4500.0,18000.0,2026-08-07,completed
3399,341,Customer 341,Niterói,RJ,8,Tablet Pro,Tablets,4,2800.0,11200.0,2026-04-02,completed
3400,157,Customer 157,Brasília,DF,7,Webcam Full HD,Accessories,4,300.0,1200.0,2026-07-26,completed
3401,407,Customer 407,Brasília,DF,6,SSD 1TB,Storage,2,700.0,1400.0,2026-03-03,completed
3402,77,Customer 77,Niterói,RJ,1,Notebook Pro,Computers,1,4500.0,4500.0,2026-01-16,completed
3403,449,Customer 449,Rio de Janeiro,RJ,3,Monitor 27,Monitors,1,1200.0,1200.0,2026-04-25,completed
3404,77,Customer 77,Rio de Janeiro,RJ,5,Headset Pro,Accessories,3,450.0,1350.0,2026-06-26,completed
3405,297,Customer 297,Belo Horizonte,MG,8,Tablet Pro,Tablets,4,2800.0,11200.0,2026-04-15,completed
3406,477,Customer 477,Recife,PE,10,Laptop Stand,Accessories,3,250.0,750.0,2026-08-28,cancelled
3407,108,Customer 108,Porto Alegre,RS,1,Notebook Pro,Computers,3,4500.0,13500.0,2026-02-10,completed
3408,99,Customer 99,Salvador,BA,2,Keyboard Mechanical,Accessories,1,350.0,350.0,2026-01-09,completed
3409,200,Customer 200,Niterói,RJ,8,Tablet Pro,Tablets,4,2800.0,11200.0,2026-06-18,completed
3410,402,Customer 402,Salvador,BA,8,Tablet Pro,Tablets,2,2800.0,5600.0,2026-07-28,completed
3411,382,Customer 382,Curitiba,PR,6,SSD 1TB,Storage,5,700.0,3500.0,2026-08-11,cancelled
3412,95,Customer 95,São Paulo,SP,3,Monitor 27,Monitors,3,1200.0,3600.0,2026-04-17,completed
3413,250,Customer 250,Salvador,BA,3,Monitor 27,Monitors,1,1200.0,1200.0,2026-08-15,completed
3414,123,Customer 123,Recife,PE,10,Laptop Stand,Accessories,4,250.0,1000.0,2026-03-13,completed
3415,370,Customer 370,Niterói,RJ,7,Webcam Full HD,Accessories,1,300.0,300.0,2026-07-17,completed
3416,324,Customer 324,Salvador,BA,6,SSD 1TB,Storage,5,700.0,3500.0,2026-04-06,completed
3417,2,Customer 2,Rio de Janeiro,RJ,8,Tablet Pro,Tablets,5,2800.0,14000.0,2026-02-21,completed
3418,76,Customer 76,Salvador,BA,9,External HD 2TB,Storage,3,500.0,1500.0,2026-05-16,completed
3419,456,Customer 456,Recife,PE,10,Laptop Stand,Accessories,5,250.0,1250.0,2026-08-26,completed
3420,101,Customer 101,Curitiba,PR,1,Notebook Pro,Computers,4,4500.0,18000.0,2026-07-04,completed
3421,281,Customer 281,Brasília,DF,9,External HD 2TB,Storage,4,500.0,2000.0,2026-01-12,completed
3422,171,Customer 171,São Paulo,SP,7,Webcam Full HD,Accessories,5,300.0,1500.0,2026-06-10,completed
3423,243,Customer 243,Curitiba,PR,8,Tablet Pro,Tablets,5,2800.0,14000.0,2026-05-27,completed
3424,473,Customer 473,Salvador,BA,10,Laptop Stand,Accessories,2,250.0,500.0,2026-04-26,completed
3425,154,Customer 154,São Paulo,SP,4,Mouse Wireless,Accessories,5,180.0,900.0,2026-03-07,completed
3426,136,Customer 136,São Paulo,SP,9,External HD 2TB,Storage,2,500.0,1000.0,2026-01-11,completed
3427,488,Customer 488,Porto Alegre,RS,4,Mouse Wireless,Accessories,4,180.0,720.0,2026-01-01,completed
3428,25,Customer 25,Rio de Janeiro,RJ,5,Headset Pro,Accessories,5,450.0,2250.0,2026-07-28,completed
3429,482,Customer 482,Curitiba,PR,1,Notebook Pro,Computers,5,4500.0,22500.0,2026-08-11,cancelled
3430,407,Customer 407,Brasília,DF,10,Laptop Stand,Accessories,1,250.0,250.0,2026-05-08,completed
3431,110,Customer 110,Recife,PE,9,External HD 2TB,Storage,3,500.0,1500.0,2026-07-19,completed
3432,438,Customer 438,Belo Horizonte,MG,7,Webcam Full HD,Accessories,5,300.0,1500.0,2026-07-05,completed
3433,91,Customer 91,Recife,PE,4,Mouse Wireless,Accessories,1,180.0,180.0,2026-06-25,completed
3434,41,Customer 41,Salvador,BA,4,Mouse Wireless,Accessories,4,180.0,720.0,2026-01-06,completed
3435,67,Customer 67,Brasília,DF,3,Monitor 27,Monitors,3,1200.0,3600.0,2026-06-21,completed
3436,213,Customer 213,Niterói,RJ,7,Webcam Full HD,Accessories,2,300.0,600.0,2026-07-06,completed
3437,186,Customer 186,Rio de Janeiro,RJ,5,Headset Pro,Accessories,3,450.0,1350.0,2026-05-19,cancelled
3438,281,Customer 281,Rio de Janeiro,RJ,2,Keyboard Mechanical,Accessories,2,350.0,700.0,2026-08-12,completed
3439,437,Customer 437,São Paulo,SP,4,Mouse Wireless,Accessories,1,180.0,180.0,2026-07-19,completed
3440,495,Customer 495,Niterói,RJ,2,Keyboard Mechanical,Accessories,4,350.0,1400.0,2026-03-28,completed
3441,257,Customer 257,Recife,PE,8,Tablet Pro,Tablets,5,2800.0,14000.0,2026-02-01,completed
3442,343,Customer 343,Fortaleza,CE,5,Headset Pro,Accessories,1,450.0,450.0,2026-04-02,completed
3443,181,Customer 181,Niterói,RJ,7,Webcam Full HD,Accessories,2,300.0,600.0,2026-05-20,completed
3444,372,Customer 372,São Paulo,SP,10,Laptop Stand,Accessories,1,250.0,250.0,2026-01-17,completed
3445,75,Customer 75,Salvador,BA,3,Monitor 27,Monitors,5,1200.0,6000.0,2026-07-28,cancelled
3446,274,Customer 274,Belo Horizonte,MG,8,Tablet Pro,Tablets,3,2800.0,8400.0,2026-01-08,completed
3447,437,Customer 437,Curitiba,PR,7,Webcam Full HD,Accessories,1,300.0,300.0,2026-07-26,completed
3448,398,Customer 398,Curitiba,PR,4,Mouse Wireless,Accessories,2,180.0,360.0,2026-02-18,completed
3449,327,Customer 327,Porto Alegre,RS,10,Laptop Stand,Accessories,1,250.0,250.0,2026-07-10,completed
3450,428,Customer 428,Porto Alegre,RS,9,External HD 2TB,Storage,4,500.0,2000.0,2026-04-10,completed
3451,329,Customer 329,Salvador,BA,4,Mouse Wireless,Accessories,1,180.0,180.0,2026-01-10,completed
3452,97,Customer 97,São Paulo,SP,10,Laptop Stand,Accessories,3,250.0,750.0,2026-01-05,cancelled
3453,479,Customer 479,Salvador,BA,6,SSD 1TB,Storage,4,700.0,2800.0,2026-07-11,completed
3454,497,Customer 497,Salvador,BA,8,Tablet Pro,Tablets,1,2800.0,2800.0,2026-02-04,completed
3455,305,Customer 305,Recife,PE,9,External HD 2TB,Storage,1,500.0,500.0,2026-06-01,completed
3456,243,Customer 243,Porto Alegre,RS,9,External HD 2TB,Storage,5,500.0,2500.0,2026-07-05,completed
3457,62,Customer 62,Fortaleza,CE,1,Notebook Pro,Computers,3,4500.0,13500.0,2026-03-04,completed
3458,275,Customer 275,Curitiba,PR,5,Headset Pro,Accessories,1,450.0,450.0,2026-08-08,completed
3459,29,Customer 29,Brasília,DF,3,Monitor 27,Monitors,3,1200.0,3600.0,2026-07-28,completed
3460,79,Customer 79,Brasília,DF,6,SSD 1TB,Storage,4,700.0,2800.0,2026-01-20,completed
3461,187,Customer 187,Rio de Janeiro,RJ,8,Tablet Pro,Tablets,3,2800.0,8400.0,2026-07-09,completed
3462,209,Customer 209,São Paulo,SP,1,Notebook Pro,Computers,3,4500.0,13500.0,2026-03-25,completed
3463,365,Customer 365,Rio de Janeiro,RJ,3,Monitor 27,Monitors,5,1200.0,6000.0,2026-06-04,completed
3464,437,Customer 437,Rio de Janeiro,RJ,6,SSD 1TB,Storage,1,700.0,700.0,2026-01-25,completed
3465,394,Customer 394,Salvador,BA,6,SSD 1TB,Storage,1,700.0,700.0,2026-02-16,completed
3466,109,Customer 109,Fortaleza,CE,2,Keyboard Mechanical,Accessories,2,350.0,700.0,2026-01-13,completed
3467,160,Customer 160,Recife,PE,9,External HD 2TB,Storage,1,500.0,500.0,2026-07-27,cancelled
3468,282,Customer 282,Fortaleza,CE,9,External HD 2TB,Storage,3,500.0,1500.0,2026-08-21,completed
3469,337,Customer 337,Brasília,DF,2,Keyboard Mechanical,Accessories,4,350.0,1400.0,2026-07-12,completed
3470,160,Customer 160,Curitiba,PR,2,Keyboard Mechanical,Accessories,3,350.0,1050.0,2026-03-10,cancelled
3471,27,Customer 27,Niterói,RJ,2,Keyboard Mechanical,Accessories,1,350.0,350.0,2026-05-31,completed
3472,55,Customer 55,Porto Alegre,RS,1,Notebook Pro,Computers,4,4500.0,18000.0,2026-07-27,completed
3473,208,Customer 208,Recife,PE,2,Keyboard Mechanical,Accessories,3,350.0,1050.0,2026-02-10,completed
3474,482,Customer 482,Recife,PE,4,Mouse Wireless,Accessories,1,180.0,180.0,2026-03-27,completed
3475,95,Customer 95,Fortaleza,CE,2,Keyboard Mechanical,Accessories,1,350.0,350.0,2026-05-01,completed
3476,374,Customer 374,Niterói,RJ,3,Monitor 27,Monitors,5,1200.0,6000.0,2026-03-03,completed
3477,3,Customer 3,Recife,PE,5,Headset Pro,Accessories,5,450.0,2250.0,2026-07-23,cancelled
3478,398,Customer 398,Belo Horizonte,MG,8,Tablet Pro,Tablets,5,2800.0,14000.0,2026-03-02,completed
3479,221,Customer 221,Belo Horizonte,MG,10,Laptop Stand,Accessories,4,250.0,1000.0,2026-02-19,completed
3480,150,Customer 150,Salvador,BA,3,Monitor 27,Monitors,4,1200.0,4800.0,2026-06-01,completed
3481,467,Customer 467,Fortaleza,CE,5,Headset Pro,Accessories,3,450.0,1350.0,2026-03-05,completed
3482,439,Customer 439,Rio de Janeiro,RJ,7,Webcam Full HD,Accessories,3,300.0,900.0,2026-06-15,completed
3483,255,Customer 255,São Paulo,SP,2,Keyboard Mechanical,Accessories,4,350.0,1400.0,2026-06-01,completed
3484,383,Customer 383,Brasília,DF,3,Monitor 27,Monitors,5,1200.0,6000.0,2026-02-17,cancelled
3485,298,Customer 298,Rio de Janeiro,RJ,4,Mouse Wireless,Accessories,2,180.0,360.0,2026-07-02,completed
3486,119,Customer 119,Belo Horizonte,MG,1,Notebook Pro,Computers,1,4500.0,4500.0,2026-06-25,completed
3487,69,Customer 69,Belo Horizonte,MG,5,Headset Pro,Accessories,1,450.0,450.0,2026-05-28,completed
3488,334,Customer 334,Belo Horizonte,MG,2,Keyboard Mechanical,Accessories,1,350.0,350.0,2026-04-16,completed
3489,175,Customer 175,Belo Horizonte,MG,8,Tablet Pro,Tablets,2,2800.0,5600.0,2026-02-07,cancelled
3490,332,Customer 332,Rio de Janeiro,RJ,6,SSD 1TB,Storage,3,700.0,2100.0,2026-04-16,completed
3491,338,Customer 338,Recife,PE,5,Headset Pro,Accessories,4,450.0,1800.0,2026-06-19,completed
3492,440,Customer 440,Niterói,RJ,4,Mouse Wireless,Accessories,4,180.0,720.0,2026-04-01,completed
3493,446,Customer 446,Belo Horizonte,MG,8,Tablet Pro,Tablets,4,2800.0,11200.0,2026-03-12,completed
3494,26,Customer 26,Brasília,DF,1,Notebook Pro,Computers,4,4500.0,18000.0,2026-04-29,completed
3495,32,Customer 32,São Paulo,SP,8,Tablet Pro,Tablets,5,2800.0,14000.0,2026-03-16,completed
3496,212,Customer 212,Rio de Janeiro,RJ,5,Headset Pro,Accessories,2,450.0,900.0,2026-03-14,completed
3497,91,Customer 91,Curitiba,PR,1,Notebook Pro,Computers,4,4500.0,18000.0,2026-07-21,completed
3498,34,Customer 34,Fortaleza,CE,8,Tablet Pro,Tablets,3,2800.0,8400.0,2026-03-19,cancelled
3499,115,Customer 115,Porto Alegre,RS,4,Mouse Wireless,Accessories,3,180.0,540.0,2026-08-03,completed
3500,494,Customer 494,Curitiba,PR,5,Headset Pro,Accessories,2,450.0,900.0,2026-05-03,completed
3501,225,Customer 225,Niterói,RJ,1,Notebook Pro,Computers,2,4500.0,9000.0,2026-06-15,completed
3502,197,Customer 197,Belo Horizonte,MG,9,External HD 2TB,Storage,5,500.0,2500.0,2026-06-14,completed
3503,57,Customer 57,Brasília,DF,6,SSD 1TB,Storage,5,700.0,3500.0,2026-03-07,cancelled
3504,51,Customer 51,Brasília,DF,9,External HD 2TB,Storage,3,500.0,1500.0,2026-07-11,completed
3505,11,Customer 11,Rio de Janeiro,RJ,10,Laptop Stand,Accessories,1,250.0,250.0,2026-03-03,completed
3506,130,Customer 130,Belo Horizonte,MG,9,External HD 2TB,Storage,5,500.0,2500.0,2026-05-28,completed
3507,472,Customer 472,Niterói,RJ,8,Tablet Pro,Tablets,5,2800.0,14000.0,2026-01-01,completed
3508,491,Customer 491,São Paulo,SP,6,SSD 1TB,Storage,5,700.0,3500.0,2026-04-18,completed
3509,175,Customer 175,São Paulo,SP,8,Tablet Pro,Tablets,2,2800.0,5600.0,2026-02-17,completed
3510,376,Customer 376,Brasília,DF,7,Webcam Full HD,Accessories,3,300.0,900.0,2026-06-28,completed
3511,301,Customer 301,Belo Horizonte,MG,7,Webcam Full HD,Accessories,5,300.0,1500.0,2026-05-25,completed
3512,183,Customer 183,Rio de Janeiro,RJ,7,Webcam Full HD,Accessories,4,300.0,1200.0,2026-06-09,completed
3513,456,Customer 456,Belo Horizonte,MG,6,SSD 1TB,Storage,1,700.0,700.0,2026-08-08,completed
3514,183,Customer 183,Porto Alegre,RS,4,Mouse Wireless,Accessories,5,180.0,900.0,2026-03-27,completed
3515,117,Customer 117,Curitiba,PR,9,External HD 2TB,Storage,1,500.0,500.0,2026-06-26,completed
3516,53,Customer 53,Fortaleza,CE,3,Monitor 27,Monitors,2,1200.0,2400.0,2026-04-16,completed
3517,105,Customer 105,Porto Alegre,RS,7,Webcam Full HD,Accessories,5,300.0,1500.0,2026-07-09,completed
3518,53,Customer 53,Recife,PE,8,Tablet Pro,Tablets,2,2800.0,5600.0,2026-02-26,cancelled
3519,110,Customer 110,Belo Horizonte,MG,6,SSD 1TB,Storage,1,700.0,700.0,2026-01-10,completed
3520,6,Customer 6,Fortaleza,CE,7,Webcam Full HD,Accessories,1,300.0,300.0,2026-03-13,cancelled
3521,302,Customer 302,Porto Alegre,RS,4,Mouse Wireless,Accessories,1,180.0,180.0,2026-03-29,completed
3522,314,Customer 314,Rio de Janeiro,RJ,2,Keyboard Mechanical,Accessories,3,350.0,1050.0,2026-07-22,completed
3523,275,Customer 275,Belo Horizonte,MG,1,Notebook Pro,Computers,4,4500.0,18000.0,2026-06-26,completed
3524,278,Customer 278,Niterói,RJ,1,Notebook Pro,Computers,4,4500.0,18000.0,2026-07-29,completed
3525,408,Customer 408,Curitiba,PR,6,SSD 1TB,Storage,1,700.0,700.0,2026-01-23,completed
3526,299,Customer 299,Belo Horizonte,MG,10,Laptop Stand,Accessories,3,250.0,750.0,2026-01-01,completed
3527,357,Customer 357,Salvador,BA,6,SSD 1TB,Storage,4,700.0,2800.0,2026-05-23,cancelled
3528,85,Customer 85,São Paulo,SP,2,Keyboard Mechanical,Accessories,5,350.0,1750.0,2026-01-06,cancelled
3529,141,Customer 141,Belo Horizonte,MG,3,Monitor 27,Monitors,2,1200.0,2400.0,2026-03-01,cancelled
3530,24,Customer 24,Niterói,RJ,4,Mouse Wireless,Accessories,2,180.0,360.0,2026-02-20,completed
3531,152,Customer 152,Porto Alegre,RS,1,Notebook Pro,Computers,4,4500.0,18000.0,2026-02-27,completed
3532,69,Customer 69,São Paulo,SP,2,Keyboard Mechanical,Accessories,2,350.0,700.0,2026-04-04,cancelled
3533,388,Customer 388,Brasília,DF,7,Webcam Full HD,Accessories,2,300.0,600.0,2026-06-26,completed
3534,427,Customer 427,Niterói,RJ,8,Tablet Pro,Tablets,4,2800.0,11200.0,2026-01-02,completed
3535,192,Customer 192,São Paulo,SP,9,External HD 2TB,Storage,2,500.0,1000.0,2026-06-25,completed
3536,56,Customer 56,Rio de Janeiro,RJ,3,Monitor 27,Monitors,2,1200.0,2400.0,2026-01-19,completed
3537,213,Customer 213,Rio de Janeiro,RJ,7,Webcam Full HD,Accessories,2,300.0,600.0,2026-06-29,completed
3538,137,Customer 137,Recife,PE,9,External HD 2TB,Storage,5,500.0,2500.0,2026-08-19,completed
3539,461,Customer 461,Fortaleza,CE,6,SSD 1TB,Storage,4,700.0,2800.0,2026-02-10,completed
3540,273,Customer 273,Fortaleza,CE,4,Mouse Wireless,Accessories,4,180.0,720.0,2026-04-19,completed
3541,313,Customer 313,Porto Alegre,RS,5,Headset Pro,Accessories,3,450.0,1350.0,2026-03-08,completed
3542,110,Customer 110,São Paulo,SP,4,Mouse Wireless,Accessories,4,180.0,720.0,2026-03-17,completed
3543,396,Customer 396,Recife,PE,8,Tablet Pro,Tablets,1,2800.0,2800.0,2026-08-12,completed
3544,60,Customer 60,Niterói,RJ,1,Notebook Pro,Computers,2,4500.0,9000.0,2026-07-08,cancelled
3545,274,Customer 274,Rio de Janeiro,RJ,9,External HD 2TB,Storage,4,500.0,2000.0,2026-04-12,cancelled
3546,298,Customer 298,Niterói,RJ,1,Notebook Pro,Computers,5,4500.0,22500.0,2026-02-16,completed
3547,449,Customer 449,Belo Horizonte,MG,3,Monitor 27,Monitors,2,1200.0,2400.0,2026-08-21,completed
3548,261,Customer 261,Fortaleza,CE,9,External HD 2TB,Storage,1,500.0,500.0,2026-03-03,completed
3549,283,Customer 283,Rio de Janeiro,RJ,6,SSD 1TB,Storage,5,700.0,3500.0,2026-05-18,completed
3550,133,Customer 133,Brasília,DF,6,SSD 1TB,Storage,5,700.0,3500.0,2026-02-04,completed
3551,23,Customer 23,Curitiba,PR,8,Tablet Pro,Tablets,2,2800.0,5600.0,2026-02-05,completed
3552,358,Customer 358,Rio de Janeiro,RJ,9,External HD 2TB,Storage,2,500.0,1000.0,2026-06-09,completed
3553,37,Customer 37,Curitiba,PR,9,External HD 2TB,Storage,1,500.0,500.0,2026-07-08,completed
3554,236,Customer 236,Niterói,RJ,5,Headset Pro,Accessories,3,450.0,1350.0,2026-01-08,completed
3555,392,Customer 392,São Paulo,SP,1,Notebook Pro,Computers,1,4500.0,4500.0,2026-08-09,cancelled
3556,16,Customer 16,Rio de Janeiro,RJ,6,SSD 1TB,Storage,2,700.0,1400.0,2026-07-13,cancelled
3557,414,Customer 414,Fortaleza,CE,2,Keyboard Mechanical,Accessories,1,350.0,350.0,2026-06-26,completed
3558,247,Customer 247,Rio de Janeiro,RJ,8,Tablet Pro,Tablets,5,2800.0,14000.0,2026-06-15,completed
3559,30,Customer 30,Fortaleza,CE,1,Notebook Pro,Computers,2,4500.0,9000.0,2026-04-01,completed
3560,195,Customer 195,Rio de Janeiro,RJ,9,External HD 2TB,Storage,3,500.0,1500.0,2026-07-12,completed
3561,134,Customer 134,Niterói,RJ,2,Keyboard Mechanical,Accessories,5,350.0,1750.0,2026-07-28,completed
3562,308,Customer 308,Fortaleza,CE,9,External HD 2TB,Storage,4,500.0,2000.0,2026-03-15,completed
3563,268,Customer 268,Rio de Janeiro,RJ,3,Monitor 27,Monitors,2,1200.0,2400.0,2026-07-31,completed
3564,257,Customer 257,Fortaleza,CE,1,Notebook Pro,Computers,3,4500.0,13500.0,2026-04-08,completed
3565,21,Customer 21,Recife,PE,7,Webcam Full HD,Accessories,4,300.0,1200.0,2026-01-07,completed
3566,307,Customer 307,São Paulo,SP,1,Notebook Pro,Computers,3,4500.0,13500.0,2026-08-15,completed
3567,194,Customer 194,Salvador,BA,6,SSD 1TB,Storage,1,700.0,700.0,2026-04-03,cancelled
3568,265,Customer 265,Brasília,DF,9,External HD 2TB,Storage,2,500.0,1000.0,2026-04-14,completed
3569,289,Customer 289,Rio de Janeiro,RJ,4,Mouse Wireless,Accessories,4,180.0,720.0,2026-02-08,completed
3570,262,Customer 262,Belo Horizonte,MG,6,SSD 1TB,Storage,3,700.0,2100.0,2026-06-19,completed
3571,188,Customer 188,Brasília,DF,3,Monitor 27,Monitors,5,1200.0,6000.0,2026-04-07,cancelled
3572,22,Customer 22,Recife,PE,1,Notebook Pro,Computers,4,4500.0,18000.0,2026-01-14,completed
3573,107,Customer 107,Belo Horizonte,MG,7,Webcam Full HD,Accessories,5,300.0,1500.0,2026-08-08,completed
3574,286,Customer 286,Porto Alegre,RS,10,Laptop Stand,Accessories,3,250.0,750.0,2026-07-21,completed
3575,396,Customer 396,Fortaleza,CE,9,External HD 2TB,Storage,2,500.0,1000.0,2026-02-02,completed
3576,32,Customer 32,Brasília,DF,1,Notebook Pro,Computers,1,4500.0,4500.0,2026-08-10,completed
3577,130,Customer 130,Recife,PE,2,Keyboard Mechanical,Accessories,5,350.0,1750.0,2026-08-23,completed
3578,379,Customer 379,São Paulo,SP,5,Headset Pro,Accessories,3,450.0,1350.0,2026-08-08,cancelled
3579,91,Customer 91,Recife,PE,8,Tablet Pro,Tablets,4,2800.0,11200.0,2026-08-14,completed
3580,265,Customer 265,Belo Horizonte,MG,7,Webcam Full HD,Accessories,2,300.0,600.0,2026-05-16,cancelled
3581,33,Customer 33,Curitiba,PR,5,Headset Pro,Accessories,2,450.0,900.0,2026-02-09,cancelled
3582,34,Customer 34,Niterói,RJ,7,Webcam Full HD,Accessories,5,300.0,1500.0,2026-06-23,completed
3583,372,Customer 372,Niterói,RJ,9,External HD 2TB,Storage,5,500.0,2500.0,2026-06-15,cancelled
3584,342,Customer 342,Brasília,DF,7,Webcam Full HD,Accessories,3,300.0,900.0,2026-02-10,completed
3585,125,Customer 125,Curitiba,PR,3,Monitor 27,Monitors,3,1200.0,3600.0,2026-07-04,cancelled
3586,433,Customer 433,Recife,PE,7,Webcam Full HD,Accessories,2,300.0,600.0,2026-01-27,completed
3587,492,Customer 492,Brasília,DF,2,Keyboard Mechanical,Accessories,4,350.0,1400.0,2026-08-12,completed
3588,421,Customer 421,Curitiba,PR,5,Headset Pro,Accessories,4,450.0,1800.0,2026-02-10,completed
3589,485,Customer 485,Salvador,BA,5,Headset Pro,Accessories,1,450.0,450.0,2026-02-17,completed
3590,404,Customer 404,Belo Horizonte,MG,6,SSD 1TB,Storage,3,700.0,2100.0,2026-05-20,cancelled
3591,96,Customer 96,Brasília,DF,4,Mouse Wireless,Accessories,1,180.0,180.0,2026-06-21,completed
3592,241,Customer 241,Curitiba,PR,5,Headset Pro,Accessories,4,450.0,1800.0,2026-07-22,completed
3593,442,Customer 442,Brasília,DF,9,External HD 2TB,Storage,5,500.0,2500.0,2026-07-28,completed
3594,259,Customer 259,São Paulo,SP,4,Mouse Wireless,Accessories,1,180.0,180.0,2026-04-05,completed
3595,285,Customer 285,Recife,PE,9,External HD 2TB,Storage,2,500.0,1000.0,2026-08-01,completed
3596,170,Customer 170,Niterói,RJ,8,Tablet Pro,Tablets,5,2800.0,14000.0,2026-08-01,cancelled
3597,32,Customer 32,Salvador,BA,1,Notebook Pro,Computers,3,4500.0,13500.0,2026-06-25,cancelled
3598,30,Customer 30,Brasília,DF,4,Mouse Wireless,Accessories,2,180.0,360.0,2026-08-23,completed
3599,107,Customer 107,Salvador,BA,4,Mouse Wireless,Accessories,5,180.0,900.0,2026-03-07,completed
3600,162,Customer 162,Rio de Janeiro,RJ,7,Webcam Full HD,Accessories,2,300.0,600.0,2026-07-26,completed
3601,413,Customer 413,Rio de Janeiro,RJ,2,Keyboard Mechanical,Accessories,1,350.0,350.0,2026-07-02,completed
3602,233,Customer 233,Recife,PE,8,Tablet Pro,Tablets,1,2800.0,2800.0,2026-05-20,completed
3603,311,Customer 311,Belo Horizonte,MG,4,Mouse Wireless,Accessories,5,180.0,900.0,2026-01-24,cancelled
3604,348,Customer 348,Belo Horizonte,MG,8,Tablet Pro,Tablets,2,2800.0,5600.0,2026-02-04,completed
3605,330,Customer 330,Salvador,BA,4,Mouse Wireless,Accessories,1,180.0,180.0,2026-08-14,completed
3606,438,Customer 438,São Paulo,SP,2,Keyboard Mechanical,Accessories,1,350.0,350.0,2026-08-24,completed
3607,390,Customer 390,Recife,PE,8,Tablet Pro,Tablets,3,2800.0,8400.0,2026-04-10,completed
3608,237,Customer 237,Recife,PE,7,Webcam Full HD,Accessories,5,300.0,1500.0,2026-07-04,completed
3609,457,Customer 457,São Paulo,SP,1,Notebook Pro,Computers,2,4500.0,9000.0,2026-02-23,completed
3610,416,Customer 416,São Paulo,SP,10,Laptop Stand,Accessories,1,250.0,250.0,2026-03-27,completed
3611,58,Customer 58,Recife,PE,3,Monitor 27,Monitors,5,1200.0,6000.0,2026-05-15,completed
3612,126,Customer 126,Curitiba,PR,6,SSD 1TB,Storage,4,700.0,2800.0,2026-06-13,cancelled
3613,255,Customer 255,Brasília,DF,5,Headset Pro,Accessories,5,450.0,2250.0,2026-01-31,cancelled
3614,465,Customer 465,Curitiba,PR,1,Notebook Pro,Computers,5,4500.0,22500.0,2026-06-24,completed
3615,201,Customer 201,Salvador,BA,10,Laptop Stand,Accessories,3,250.0,750.0,2026-02-04,completed
3616,40,Customer 40,Brasília,DF,10,Laptop Stand,Accessories,1,250.0,250.0,2026-07-26,completed
3617,446,Customer 446,Recife,PE,10,Laptop Stand,Accessories,3,250.0,750.0,2026-01-28,completed
3618,150,Customer 150,Belo Horizonte,MG,4,Mouse Wireless,Accessories,4,180.0,720.0,2026-05-16,completed
3619,176,Customer 176,São Paulo,SP,10,Laptop Stand,Accessories,2,250.0,500.0,2026-07-13,completed
3620,100,Customer 100,Niterói,RJ,3,Monitor 27,Monitors,2,1200.0,2400.0,2026-06-05,completed
3621,259,Customer 259,Niterói,RJ,2,Keyboard Mechanical,Accessories,2,350.0,700.0,2026-04-26,completed
3622,172,Customer 172,Salvador,BA,7,Webcam Full HD,Accessories,1,300.0,300.0,2026-01-24,completed
3623,479,Customer 479,São Paulo,SP,5,Headset Pro,Accessories,2,450.0,900.0,2026-05-14,completed
3624,209,Customer 209,São Paulo,SP,6,SSD 1TB,Storage,1,700.0,700.0,2026-07-19,completed
3625,122,Customer 122,Porto Alegre,RS,7,Webcam Full HD,Accessories,4,300.0,1200.0,2026-04-22,cancelled
3626,24,Customer 24,Recife,PE,2,Keyboard Mechanical,Accessories,1,350.0,350.0,2026-07-11,completed
3627,219,Customer 219,São Paulo,SP,1,Notebook Pro,Computers,2,4500.0,9000.0,2026-08-12,completed
3628,267,Customer 267,Belo Horizonte,MG,6,SSD 1TB,Storage,4,700.0,2800.0,2026-04-12,completed
3629,46,Customer 46,São Paulo,SP,7,Webcam Full HD,Accessories,2,300.0,600.0,2026-06-25,completed
3630,38,Customer 38,Salvador,BA,4,Mouse Wireless,Accessories,1,180.0,180.0,2026-02-14,completed
3631,131,Customer 131,Salvador,BA,6,SSD 1TB,Storage,1,700.0,700.0,2026-07-29,completed
3632,261,Customer 261,Recife,PE,3,Monitor 27,Monitors,4,1200.0,4800.0,2026-05-27,completed
3633,249,Customer 249,Porto Alegre,RS,7,Webcam Full HD,Accessories,5,300.0,1500.0,2026-06-14,completed
3634,319,Customer 319,Belo Horizonte,MG,9,External HD 2TB,Storage,3,500.0,1500.0,2026-03-16,cancelled
3635,494,Customer 494,São Paulo,SP,2,Keyboard Mechanical,Accessories,2,350.0,700.0,2026-03-19,completed
3636,3,Customer 3,Recife,PE,8,Tablet Pro,Tablets,2,2800.0,5600.0,2026-03-29,completed
3637,122,Customer 122,Porto Alegre,RS,9,External HD 2TB,Storage,5,500.0,2500.0,2026-02-04,completed
3638,24,Customer 24,Belo Horizonte,MG,4,Mouse Wireless,Accessories,3,180.0,540.0,2026-06-07,cancelled
3639,64,Customer 64,São Paulo,SP,2,Keyboard Mechanical,Accessories,3,350.0,1050.0,2026-04-26,cancelled
3640,356,Customer 356,São Paulo,SP,10,Laptop Stand,Accessories,1,250.0,250.0,2026-05-10,completed
3641,290,Customer 290,Fortaleza,CE,2,Keyboard Mechanical,Accessories,3,350.0,1050.0,2026-03-15,completed
3642,94,Customer 94,São Paulo,SP,8,Tablet Pro,Tablets,3,2800.0,8400.0,2026-05-30,completed
3643,207,Customer 207,Fortaleza,CE,10,Laptop Stand,Accessories,5,250.0,1250.0,2026-06-10,completed
3644,393,Customer 393,Fortaleza,CE,10,Laptop Stand,Accessories,4,250.0,1000.0,2026-08-11,cancelled
3645,152,Customer 152,Recife,PE,10,Laptop Stand,Accessories,5,250.0,1250.0,2026-07-10,cancelled
3646,347,Customer 347,Porto Alegre,RS,2,Keyboard Mechanical,Accessories,5,350.0,1750.0,2026-03-17,completed
3647,275,Customer 275,Salvador,BA,10,Laptop Stand,Accessories,4,250.0,1000.0,2026-06-13,completed
3648,128,Customer 128,Niterói,RJ,6,SSD 1TB,Storage,5,700.0,3500.0,2026-01-27,completed
3649,11,Customer 11,Recife,PE,5,Headset Pro,Accessories,5,450.0,2250.0,2026-06-08,completed
3650,489,Customer 489,Niterói,RJ,4,Mouse Wireless,Accessories,1,180.0,180.0,2026-02-17,completed
3651,151,Customer 151,Niterói,RJ,7,Webcam Full HD,Accessories,4,300.0,1200.0,2026-05-25,completed
3652,492,Customer 492,São Paulo,SP,7,Webcam Full HD,Accessories,5,300.0,1500.0,2026-06-29,completed
3653,286,Customer 286,Porto Alegre,RS,3,Monitor 27,Monitors,4,1200.0,4800.0,2026-06-13,completed
3654,235,Customer 235,Curitiba,PR,1,Notebook Pro,Computers,4,4500.0,18000.0,2026-02-14,cancelled
3655,111,Customer 111,Brasília,DF,9,External HD 2TB,Storage,2,500.0,1000.0,2026-05-14,completed
3656,113,Customer 113,Salvador,BA,10,Laptop Stand,Accessories,3,250.0,750.0,2026-06-16,completed
3657,461,Customer 461,Recife,PE,3,Monitor 27,Monitors,5,1200.0,6000.0,2026-07-13,completed
3658,429,Customer 429,Brasília,DF,1,Notebook Pro,Computers,3,4500.0,13500.0,2026-04-15,cancelled
3659,61,Customer 61,Niterói,RJ,10,Laptop Stand,Accessories,5,250.0,1250.0,2026-04-22,completed
3660,16,Customer 16,Recife,PE,3,Monitor 27,Monitors,4,1200.0,4800.0,2026-06-01,completed
3661,279,Customer 279,Niterói,RJ,7,Webcam Full HD,Accessories,3,300.0,900.0,2026-01-24,completed
3662,196,Customer 196,Fortaleza,CE,7,Webcam Full HD,Accessories,3,300.0,900.0,2026-04-15,cancelled
3663,38,Customer 38,Belo Horizonte,MG,1,Notebook Pro,Computers,5,4500.0,22500.0,2026-05-04,completed
3664,51,Customer 51,Niterói,RJ,4,Mouse Wireless,Accessories,5,180.0,900.0,2026-03-22,completed
3665,173,Customer 173,Rio de Janeiro,RJ,5,Headset Pro,Accessories,2,450.0,900.0,2026-07-18,completed
3666,205,Customer 205,Recife,PE,3,Monitor 27,Monitors,2,1200.0,2400.0,2026-05-31,completed
3667,436,Customer 436,Recife,PE,5,Headset Pro,Accessories,1,450.0,450.0,2026-08-07,completed
3668,427,Customer 427,Niterói,RJ,8,Tablet Pro,Tablets,2,2800.0,5600.0,2026-01-01,completed
3669,342,Customer 342,Recife,PE,7,Webcam Full HD,Accessories,5,300.0,1500.0,2026-04-11,completed
3670,33,Customer 33,São Paulo,SP,2,Keyboard Mechanical,Accessories,4,350.0,1400.0,2026-05-09,completed
3671,39,Customer 39,Rio de Janeiro,RJ,4,Mouse Wireless,Accessories,5,180.0,900.0,2026-03-27,completed
3672,25,Customer 25,Rio de Janeiro,RJ,7,Webcam Full HD,Accessories,5,300.0,1500.0,2026-01-15,completed
3673,332,Customer 332,Brasília,DF,2,Keyboard Mechanical,Accessories,3,350.0,1050.0,2026-06-11,completed
3674,38,Customer 38,Salvador,BA,1,Notebook Pro,Computers,4,4500.0,18000.0,2026-04-15,completed
3675,442,Customer 442,Recife,PE,4,Mouse Wireless,Accessories,5,180.0,900.0,2026-04-24,cancelled
3676,211,Customer 211,Niterói,RJ,1,Notebook Pro,Computers,3,4500.0,13500.0,2026-02-26,cancelled
3677,144,Customer 144,Brasília,DF,1,Notebook Pro,Computers,4,4500.0,18000.0,2026-04-23,completed
3678,307,Customer 307,Brasília,DF,7,Webcam Full HD,Accessories,2,300.0,600.0,2026-01-15,cancelled
3679,483,Customer 483,Porto Alegre,RS,3,Monitor 27,Monitors,4,1200.0,4800.0,2026-07-15,completed
3680,344,Customer 344,Niterói,RJ,10,Laptop Stand,Accessories,2,250.0,500.0,2026-03-30,completed
3681,285,Customer 285,Rio de Janeiro,RJ,8,Tablet Pro,Tablets,4,2800.0,11200.0,2026-08-25,completed
3682,473,Customer 473,São Paulo,SP,3,Monitor 27,Monitors,5,1200.0,6000.0,2026-06-29,completed
3683,35,Customer 35,Brasília,DF,1,Notebook Pro,Computers,4,4500.0,18000.0,2026-08-28,completed
3684,346,Customer 346,Recife,PE,5,Headset Pro,Accessories,1,450.0,450.0,2026-02-19,completed
3685,104,Customer 104,Porto Alegre,RS,4,Mouse Wireless,Accessories,1,180.0,180.0,2026-08-28,completed
3686,489,Customer 489,Salvador,BA,6,SSD 1TB,Storage,2,700.0,1400.0,2026-02-21,completed
3687,469,Customer 469,Curitiba,PR,2,Keyboard Mechanical,Accessories,4,350.0,1400.0,2026-05-20,completed
3688,238,Customer 238,São Paulo,SP,4,Mouse Wireless,Accessories,2,180.0,360.0,2026-06-23,completed
3689,41,Customer 41,Fortaleza,CE,3,Monitor 27,Monitors,1,1200.0,1200.0,2026-04-08,completed
3690,113,Customer 113,Curitiba,PR,4,Mouse Wireless,Accessories,5,180.0,900.0,2026-06-21,completed
3691,68,Customer 68,Porto Alegre,RS,8,Tablet Pro,Tablets,5,2800.0,14000.0,2026-05-27,completed
3692,193,Customer 193,Rio de Janeiro,RJ,4,Mouse Wireless,Accessories,2,180.0,360.0,2026-04-25,completed
3693,457,Customer 457,Recife,PE,5,Headset Pro,Accessories,3,450.0,1350.0,2026-03-09,completed
3694,26,Customer 26,Niterói,RJ,10,Laptop Stand,Accessories,3,250.0,750.0,2026-01-13,completed
3695,443,Customer 443,Curitiba,PR,5,Headset Pro,Accessories,5,450.0,2250.0,2026-01-12,completed
3696,221,Customer 221,Brasília,DF,5,Headset Pro,Accessories,1,450.0,450.0,2026-03-02,completed
3697,105,Customer 105,Brasília,DF,2,Keyboard Mechanical,Accessories,4,350.0,1400.0,2026-05-01,completed
3698,56,Customer 56,Niterói,RJ,8,Tablet Pro,Tablets,4,2800.0,11200.0,2026-06-20,completed
3699,88,Customer 88,Niterói,RJ,2,Keyboard Mechanical,Accessories,1,350.0,350.0,2026-08-02,completed
3700,328,Customer 328,Rio de Janeiro,RJ,8,Tablet Pro,Tablets,5,2800.0,14000.0,2026-05-18,completed
3701,53,Customer 53,Belo Horizonte,MG,5,Headset Pro,Accessories,5,450.0,2250.0,2026-08-27,completed
3702,88,Customer 88,Fortaleza,CE,9,External HD 2TB,Storage,3,500.0,1500.0,2026-07-08,completed
3703,402,Customer 402,Fortaleza,CE,8,Tablet Pro,Tablets,2,2800.0,5600.0,2026-07-14,completed
3704,444,Customer 444,Belo Horizonte,MG,9,External HD 2TB,Storage,2,500.0,1000.0,2026-08-13,completed
3705,435,Customer 435,Recife,PE,3,Monitor 27,Monitors,5,1200.0,6000.0,2026-06-24,completed
3706,210,Customer 210,São Paulo,SP,6,SSD 1TB,Storage,2,700.0,1400.0,2026-05-27,completed
3707,492,Customer 492,São Paulo,SP,8,Tablet Pro,Tablets,5,2800.0,14000.0,2026-05-20,cancelled
3708,326,Customer 326,Curitiba,PR,7,Webcam Full HD,Accessories,1,300.0,300.0,2026-04-27,completed
3709,359,Customer 359,São Paulo,SP,7,Webcam Full HD,Accessories,4,300.0,1200.0,2026-03-02,completed
3710,266,Customer 266,Niterói,RJ,1,Notebook Pro,Computers,3,4500.0,13500.0,2026-07-15,completed
3711,193,Customer 193,Recife,PE,3,Monitor 27,Monitors,1,1200.0,1200.0,2026-06-18,completed
3712,93,Customer 93,Belo Horizonte,MG,6,SSD 1TB,Storage,3,700.0,2100.0,2026-06-22,completed
3713,45,Customer 45,Curitiba,PR,6,SSD 1TB,Storage,1,700.0,700.0,2026-07-18,completed
3714,277,Customer 277,Porto Alegre,RS,2,Keyboard Mechanical,Accessories,3,350.0,1050.0,2026-04-14,completed
3715,77,Customer 77,Rio de Janeiro,RJ,9,External HD 2TB,Storage,2,500.0,1000.0,2026-01-19,completed
3716,72,Customer 72,Salvador,BA,10,Laptop Stand,Accessories,4,250.0,1000.0,2026-04-27,completed
3717,489,Customer 489,São Paulo,SP,9,External HD 2TB,Storage,5,500.0,2500.0,2026-05-17,cancelled
3718,138,Customer 138,Belo Horizonte,MG,7,Webcam Full HD,Accessories,5,300.0,1500.0,2026-06-05,completed
3719,148,Customer 148,Recife,PE,1,Notebook Pro,Computers,2,4500.0,9000.0,2026-02-02,completed
3720,436,Customer 436,Salvador,BA,1,Notebook Pro,Computers,5,4500.0,22500.0,2026-06-27,cancelled
3721,118,Customer 118,Recife,PE,7,Webcam Full HD,Accessories,5,300.0,1500.0,2026-07-03,cancelled
3722,129,Customer 129,Recife,PE,5,Headset Pro,Accessories,2,450.0,900.0,2026-03-18,completed
3723,173,Customer 173,Fortaleza,CE,9,External HD 2TB,Storage,5,500.0,2500.0,2026-06-11,completed
3724,332,Customer 332,Rio de Janeiro,RJ,5,Headset Pro,Accessories,3,450.0,1350.0,2026-04-26,cancelled
3725,280,Customer 280,Recife,PE,8,Tablet Pro,Tablets,1,2800.0,2800.0,2026-06-27,cancelled
3726,226,Customer 226,Rio de Janeiro,RJ,6,SSD 1TB,Storage,2,700.0,1400.0,2026-03-02,completed
3727,206,Customer 206,Porto Alegre,RS,7,Webcam Full HD,Accessories,4,300.0,1200.0,2026-02-20,completed
3728,394,Customer 394,Niterói,RJ,1,Notebook Pro,Computers,5,4500.0,22500.0,2026-04-26,completed
3729,195,Customer 195,Rio de Janeiro,RJ,10,Laptop Stand,Accessories,1,250.0,250.0,2026-07-04,cancelled
3730,340,Customer 340,Porto Alegre,RS,8,Tablet Pro,Tablets,5,2800.0,14000.0,2026-05-17,completed
3731,197,Customer 197,Recife,PE,3,Monitor 27,Monitors,5,1200.0,6000.0,2026-05-28,completed
3732,259,Customer 259,Porto Alegre,RS,3,Monitor 27,Monitors,2,1200.0,2400.0,2026-03-23,completed
3733,296,Customer 296,Belo Horizonte,MG,8,Tablet Pro,Tablets,1,2800.0,2800.0,2026-07-22,cancelled
3734,273,Customer 273,Salvador,BA,9,External HD 2TB,Storage,1,500.0,500.0,2026-04-13,cancelled
3735,96,Customer 96,Belo Horizonte,MG,6,SSD 1TB,Storage,1,700.0,700.0,2026-06-28,completed
3736,453,Customer 453,São Paulo,SP,6,SSD 1TB,Storage,4,700.0,2800.0,2026-04-08,cancelled
3737,318,Customer 318,Salvador,BA,8,Tablet Pro,Tablets,5,2800.0,14000.0,2026-01-10,completed
3738,345,Customer 345,Rio de Janeiro,RJ,3,Monitor 27,Monitors,3,1200.0,3600.0,2026-08-19,completed
3739,91,Customer 91,Salvador,BA,6,SSD 1TB,Storage,3,700.0,2100.0,2026-03-06,completed
3740,479,Customer 479,Recife,PE,7,Webcam Full HD,Accessories,4,300.0,1200.0,2026-06-01,completed
3741,101,Customer 101,Niterói,RJ,6,SSD 1TB,Storage,5,700.0,3500.0,2026-03-17,completed
3742,327,Customer 327,Belo Horizonte,MG,3,Monitor 27,Monitors,5,1200.0,6000.0,2026-07-09,completed
3743,434,Customer 434,Brasília,DF,7,Webcam Full HD,Accessories,2,300.0,600.0,2026-08-10,completed
3744,280,Customer 280,Fortaleza,CE,2,Keyboard Mechanical,Accessories,3,350.0,1050.0,2026-04-14,completed
3745,134,Customer 134,Rio de Janeiro,RJ,6,SSD 1TB,Storage,2,700.0,1400.0,2026-05-17,completed
3746,370,Customer 370,Porto Alegre,RS,3,Monitor 27,Monitors,3,1200.0,3600.0,2026-04-10,completed
3747,496,Customer 496,Fortaleza,CE,3,Monitor 27,Monitors,4,1200.0,4800.0,2026-05-31,completed
3748,445,Customer 445,Belo Horizonte,MG,6,SSD 1TB,Storage,5,700.0,3500.0,2026-06-05,cancelled
3749,190,Customer 190,Rio de Janeiro,RJ,4,Mouse Wireless,Accessories,5,180.0,900.0,2026-01-28,completed
3750,364,Customer 364,Curitiba,PR,6,SSD 1TB,Storage,3,700.0,2100.0,2026-01-07,cancelled
3751,251,Customer 251,Recife,PE,5,Headset Pro,Accessories,4,450.0,1800.0,2026-08-06,completed
3752,167,Customer 167,São Paulo,SP,10,Laptop Stand,Accessories,3,250.0,750.0,2026-07-13,completed
3753,396,Customer 396,Brasília,DF,5,Headset Pro,Accessories,2,450.0,900.0,2026-01-02,completed
3754,157,Customer 157,Fortaleza,CE,2,Keyboard Mechanical,Accessories,5,350.0,1750.0,2026-07-31,completed
3755,39,Customer 39,Rio de Janeiro,RJ,8,Tablet Pro,Tablets,5,2800.0,14000.0,2026-05-04,completed
3756,25,Customer 25,Belo Horizonte,MG,9,External HD 2TB,Storage,3,500.0,1500.0,2026-05-29,completed
3757,138,Customer 138,São Paulo,SP,2,Keyboard Mechanical,Accessories,3,350.0,1050.0,2026-02-23,completed
3758,158,Customer 158,Rio de Janeiro,RJ,6,SSD 1TB,Storage,3,700.0,2100.0,2026-04-27,completed
3759,168,Customer 168,Salvador,BA,4,Mouse Wireless,Accessories,1,180.0,180.0,2026-02-25,cancelled
3760,89,Customer 89,Salvador,BA,10,Laptop Stand,Accessories,2,250.0,500.0,2026-07-29,completed
3761,244,Customer 244,Recife,PE,2,Keyboard Mechanical,Accessories,2,350.0,700.0,2026-07-24,completed
3762,230,Customer 230,Salvador,BA,1,Notebook Pro,Computers,1,4500.0,4500.0,2026-06-08,completed
3763,488,Customer 488,Niterói,RJ,2,Keyboard Mechanical,Accessories,3,350.0,1050.0,2026-07-17,completed
3764,19,Customer 19,Salvador,BA,3,Monitor 27,Monitors,4,1200.0,4800.0,2026-04-09,completed
3765,271,Customer 271,Rio de Janeiro,RJ,10,Laptop Stand,Accessories,5,250.0,1250.0,2026-05-02,completed
3766,31,Customer 31,Fortaleza,CE,3,Monitor 27,Monitors,4,1200.0,4800.0,2026-01-02,completed
3767,185,Customer 185,Niterói,RJ,4,Mouse Wireless,Accessories,5,180.0,900.0,2026-05-15,completed
3768,439,Customer 439,Salvador,BA,7,Webcam Full HD,Accessories,2,300.0,600.0,2026-08-16,completed
3769,479,Customer 479,Salvador,BA,9,External HD 2TB,Storage,4,500.0,2000.0,2026-04-17,completed
3770,490,Customer 490,Salvador,BA,10,Laptop Stand,Accessories,5,250.0,1250.0,2026-04-17,completed
3771,276,Customer 276,Porto Alegre,RS,5,Headset Pro,Accessories,3,450.0,1350.0,2026-08-09,completed
3772,71,Customer 71,Porto Alegre,RS,6,SSD 1TB,Storage,5,700.0,3500.0,2026-03-28,cancelled
3773,458,Customer 458,Brasília,DF,9,External HD 2TB,Storage,3,500.0,1500.0,2026-07-07,completed
3774,217,Customer 217,Salvador,BA,6,SSD 1TB,Storage,5,700.0,3500.0,2026-03-15,completed
3775,258,Customer 258,Niterói,RJ,5,Headset Pro,Accessories,5,450.0,2250.0,2026-08-22,completed
3776,496,Customer 496,Rio de Janeiro,RJ,7,Webcam Full HD,Accessories,3,300.0,900.0,2026-01-07,completed
3777,478,Customer 478,São Paulo,SP,1,Notebook Pro,Computers,1,4500.0,4500.0,2026-02-09,completed
3778,191,Customer 191,Belo Horizonte,MG,10,Laptop Stand,Accessories,2,250.0,500.0,2026-01-19,completed
3779,68,Customer 68,Rio de Janeiro,RJ,6,SSD 1TB,Storage,3,700.0,2100.0,2026-01-18,completed
3780,3,Customer 3,Salvador,BA,6,SSD 1TB,Storage,4,700.0,2800.0,2026-01-09,completed
3781,105,Customer 105,Curitiba,PR,9,External HD 2TB,Storage,2,500.0,1000.0,2026-06-24,completed
3782,146,Customer 146,Brasília,DF,5,Headset Pro,Accessories,5,450.0,2250.0,2026-05-15,completed
3783,197,Customer 197,Curitiba,PR,10,Laptop Stand,Accessories,5,250.0,1250.0,2026-07-03,completed
3784,74,Customer 74,Porto Alegre,RS,4,Mouse Wireless,Accessories,4,180.0,720.0,2026-04-25,cancelled
3785,404,Customer 404,Porto Alegre,RS,5,Headset Pro,Accessories,4,450.0,1800.0,2026-02-08,cancelled
3786,4,Customer 4,Niterói,RJ,6,SSD 1TB,Storage,5,700.0,3500.0,2026-07-09,cancelled
3787,86,Customer 86,Salvador,BA,5,Headset Pro,Accessories,2,450.0,900.0,2026-01-18,completed
3788,112,Customer 112,Niterói,RJ,9,External HD 2TB,Storage,1,500.0,500.0,2026-07-08,completed
3789,98,Customer 98,Rio de Janeiro,RJ,3,Monitor 27,Monitors,2,1200.0,2400.0,2026-06-05,completed
3790,450,Customer 450,São Paulo,SP,5,Headset Pro,Accessories,5,450.0,2250.0,2026-01-24,completed
3791,194,Customer 194,São Paulo,SP,2,Keyboard Mechanical,Accessories,5,350.0,1750.0,2026-03-04,completed
3792,135,Customer 135,Porto Alegre,RS,3,Monitor 27,Monitors,2,1200.0,2400.0,2026-07-03,completed
3793,238,Customer 238,Salvador,BA,1,Notebook Pro,Computers,5,4500.0,22500.0,2026-02-12,completed
3794,207,Customer 207,Recife,PE,2,Keyboard Mechanical,Accessories,4,350.0,1400.0,2026-02-15,completed
3795,461,Customer 461,Salvador,BA,8,Tablet Pro,Tablets,4,2800.0,11200.0,2026-03-24,completed
3796,383,Customer 383,Salvador,BA,9,External HD 2TB,Storage,3,500.0,1500.0,2026-05-04,completed
3797,195,Customer 195,Niterói,RJ,10,Laptop Stand,Accessories,1,250.0,250.0,2026-03-25,completed
3798,317,Customer 317,Rio de Janeiro,RJ,9,External HD 2TB,Storage,4,500.0,2000.0,2026-04-08,cancelled
3799,284,Customer 284,Belo Horizonte,MG,2,Keyboard Mechanical,Accessories,4,350.0,1400.0,2026-01-14,completed
3800,445,Customer 445,Niterói,RJ,8,Tablet Pro,Tablets,1,2800.0,2800.0,2026-06-15,completed
3801,90,Customer 90,Rio de Janeiro,RJ,8,Tablet Pro,Tablets,2,2800.0,5600.0,2026-02-20,completed
3802,404,Customer 404,Belo Horizonte,MG,10,Laptop Stand,Accessories,5,250.0,1250.0,2026-02-17,completed
3803,167,Customer 167,Niterói,RJ,3,Monitor 27,Monitors,2,1200.0,2400.0,2026-05-28,completed
3804,466,Customer 466,Fortaleza,CE,4,Mouse Wireless,Accessories,4,180.0,720.0,2026-08-14,completed
3805,490,Customer 490,Rio de Janeiro,RJ,7,Webcam Full HD,Accessories,3,300.0,900.0,2026-06-18,completed
3806,39,Customer 39,Brasília,DF,4,Mouse Wireless,Accessories,5,180.0,900.0,2026-05-21,completed
3807,122,Customer 122,Niterói,RJ,6,SSD 1TB,Storage,3,700.0,2100.0,2026-06-29,completed
3808,405,Customer 405,Fortaleza,CE,9,External HD 2TB,Storage,2,500.0,1000.0,2026-03-23,completed
3809,482,Customer 482,Brasília,DF,5,Headset Pro,Accessories,4,450.0,1800.0,2026-02-01,completed
3810,372,Customer 372,Porto Alegre,RS,8,Tablet Pro,Tablets,2,2800.0,5600.0,2026-02-11,completed
3811,149,Customer 149,Belo Horizonte,MG,1,Notebook Pro,Computers,5,4500.0,22500.0,2026-03-27,completed
3812,444,Customer 444,Brasília,DF,10,Laptop Stand,Accessories,4,250.0,1000.0,2026-06-06,cancelled
3813,372,Customer 372,Rio de Janeiro,RJ,3,Monitor 27,Monitors,4,1200.0,4800.0,2026-06-04,completed
3814,225,Customer 225,São Paulo,SP,3,Monitor 27,Monitors,5,1200.0,6000.0,2026-02-14,completed
3815,36,Customer 36,Niterói,RJ,1,Notebook Pro,Computers,3,4500.0,13500.0,2026-03-05,cancelled
3816,462,Customer 462,Fortaleza,CE,8,Tablet Pro,Tablets,5,2800.0,14000.0,2026-08-22,completed
3817,369,Customer 369,Rio de Janeiro,RJ,4,Mouse Wireless,Accessories,4,180.0,720.0,2026-07-01,completed
3818,71,Customer 71,Fortaleza,CE,9,External HD 2TB,Storage,5,500.0,2500.0,2026-03-04,completed
3819,77,Customer 77,São Paulo,SP,2,Keyboard Mechanical,Accessories,2,350.0,700.0,2026-07-23,completed
3820,204,Customer 204,São Paulo,SP,9,External HD 2TB,Storage,2,500.0,1000.0,2026-02-14,completed
3821,453,Customer 453,São Paulo,SP,5,Headset Pro,Accessories,5,450.0,2250.0,2026-05-06,completed
3822,416,Customer 416,Porto Alegre,RS,9,External HD 2TB,Storage,5,500.0,2500.0,2026-05-10,completed
3823,225,Customer 225,Salvador,BA,4,Mouse Wireless,Accessories,3,180.0,540.0,2026-06-20,completed
3824,183,Customer 183,Niterói,RJ,4,Mouse Wireless,Accessories,5,180.0,900.0,2026-04-11,completed
3825,409,Customer 409,São Paulo,SP,4,Mouse Wireless,Accessories,1,180.0,180.0,2026-03-13,completed
3826,121,Customer 121,Curitiba,PR,2,Keyboard Mechanical,Accessories,5,350.0,1750.0,2026-08-07,completed
3827,165,Customer 165,Rio de Janeiro,RJ,8,Tablet Pro,Tablets,1,2800.0,2800.0,2026-03-30,completed
3828,489,Customer 489,Belo Horizonte,MG,10,Laptop Stand,Accessories,1,250.0,250.0,2026-01-06,completed
3829,330,Customer 330,Fortaleza,CE,3,Monitor 27,Monitors,5,1200.0,6000.0,2026-07-11,completed
3830,340,Customer 340,São Paulo,SP,2,Keyboard Mechanical,Accessories,3,350.0,1050.0,2026-02-20,completed
3831,142,Customer 142,Recife,PE,4,Mouse Wireless,Accessories,1,180.0,180.0,2026-06-06,completed
3832,467,Customer 467,São Paulo,SP,10,Laptop Stand,Accessories,4,250.0,1000.0,2026-05-01,completed
3833,108,Customer 108,Fortaleza,CE,8,Tablet Pro,Tablets,1,2800.0,2800.0,2026-06-05,completed
3834,75,Customer 75,Curitiba,PR,1,Notebook Pro,Computers,2,4500.0,9000.0,2026-07-07,completed
3835,60,Customer 60,Belo Horizonte,MG,3,Monitor 27,Monitors,1,1200.0,1200.0,2026-08-10,cancelled
3836,474,Customer 474,Porto Alegre,RS,7,Webcam Full HD,Accessories,4,300.0,1200.0,2026-07-12,cancelled
3837,72,Customer 72,São Paulo,SP,2,Keyboard Mechanical,Accessories,5,350.0,1750.0,2026-07-17,cancelled
3838,345,Customer 345,Rio de Janeiro,RJ,2,Keyboard Mechanical,Accessories,1,350.0,350.0,2026-04-08,completed
3839,54,Customer 54,Niterói,RJ,3,Monitor 27,Monitors,1,1200.0,1200.0,2026-01-31,completed
3840,370,Customer 370,São Paulo,SP,8,Tablet Pro,Tablets,2,2800.0,5600.0,2026-07-05,completed
3841,339,Customer 339,Recife,PE,8,Tablet Pro,Tablets,2,2800.0,5600.0,2026-02-20,completed
3842,383,Customer 383,Belo Horizonte,MG,1,Notebook Pro,Computers,3,4500.0,13500.0,2026-05-27,completed
3843,221,Customer 221,Curitiba,PR,6,SSD 1TB,Storage,2,700.0,1400.0,2026-05-18,completed
3844,339,Customer 339,Niterói,RJ,8,Tablet Pro,Tablets,3,2800.0,8400.0,2026-07-18,completed
3845,54,Customer 54,Niterói,RJ,5,Headset Pro,Accessories,2,450.0,900.0,2026-01-26,completed
3846,146,Customer 146,São Paulo,SP,9,External HD 2TB,Storage,4,500.0,2000.0,2026-06-10,completed
3847,72,Customer 72,Salvador,BA,1,Notebook Pro,Computers,5,4500.0,22500.0,2026-06-20,completed
3848,69,Customer 69,Niterói,RJ,10,Laptop Stand,Accessories,3,250.0,750.0,2026-04-07,completed
3849,9,Customer 9,Fortaleza,CE,4,Mouse Wireless,Accessories,3,180.0,540.0,2026-03-31,cancelled
3850,195,Customer 195,Rio de Janeiro,RJ,1,Notebook Pro,Computers,2,4500.0,9000.0,2026-07-03,cancelled
3851,292,Customer 292,Fortaleza,CE,6,SSD 1TB,Storage,2,700.0,1400.0,2026-07-19,cancelled
3852,299,Customer 299,Porto Alegre,RS,1,Notebook Pro,Computers,1,4500.0,4500.0,2026-02-28,completed
3853,61,Customer 61,Niterói,RJ,5,Headset Pro,Accessories,2,450.0,900.0,2026-04-19,completed
3854,282,Customer 282,Salvador,BA,9,External HD 2TB,Storage,3,500.0,1500.0,2026-04-10,completed
3855,391,Customer 391,Niterói,RJ,4,Mouse Wireless,Accessories,1,180.0,180.0,2026-03-08,completed
3856,455,Customer 455,Niterói,RJ,1,Notebook Pro,Computers,2,4500.0,9000.0,2026-05-04,completed
3857,217,Customer 217,Rio de Janeiro,RJ,6,SSD 1TB,Storage,5,700.0,3500.0,2026-02-11,completed
3858,119,Customer 119,Recife,PE,8,Tablet Pro,Tablets,3,2800.0,8400.0,2026-01-16,completed
3859,307,Customer 307,Fortaleza,CE,1,Notebook Pro,Computers,4,4500.0,18000.0,2026-07-04,cancelled
3860,494,Customer 494,Rio de Janeiro,RJ,7,Webcam Full HD,Accessories,4,300.0,1200.0,2026-08-09,completed
3861,12,Customer 12,Curitiba,PR,4,Mouse Wireless,Accessories,2,180.0,360.0,2026-02-02,completed
3862,272,Customer 272,Rio de Janeiro,RJ,6,SSD 1TB,Storage,3,700.0,2100.0,2026-03-08,completed
3863,424,Customer 424,São Paulo,SP,4,Mouse Wireless,Accessories,3,180.0,540.0,2026-01-09,completed
3864,31,Customer 31,Rio de Janeiro,RJ,1,Notebook Pro,Computers,5,4500.0,22500.0,2026-04-03,completed
3865,490,Customer 490,Porto Alegre,RS,10,Laptop Stand,Accessories,4,250.0,1000.0,2026-04-05,completed
3866,458,Customer 458,Brasília,DF,10,Laptop Stand,Accessories,1,250.0,250.0,2026-04-05,completed
3867,303,Customer 303,Salvador,BA,6,SSD 1TB,Storage,3,700.0,2100.0,2026-04-19,completed
3868,485,Customer 485,Belo Horizonte,MG,5,Headset Pro,Accessories,4,450.0,1800.0,2026-08-04,completed
3869,71,Customer 71,Brasília,DF,8,Tablet Pro,Tablets,4,2800.0,11200.0,2026-01-01,completed
3870,23,Customer 23,Recife,PE,1,Notebook Pro,Computers,1,4500.0,4500.0,2026-07-24,completed
3871,63,Customer 63,São Paulo,SP,4,Mouse Wireless,Accessories,1,180.0,180.0,2026-07-26,cancelled
3872,406,Customer 406,Curitiba,PR,9,External HD 2TB,Storage,2,500.0,1000.0,2026-01-26,completed
3873,205,Customer 205,Brasília,DF,2,Keyboard Mechanical,Accessories,4,350.0,1400.0,2026-02-11,completed
3874,265,Customer 265,São Paulo,SP,9,External HD 2TB,Storage,1,500.0,500.0,2026-05-13,completed
3875,416,Customer 416,Salvador,BA,8,Tablet Pro,Tablets,1,2800.0,2800.0,2026-02-07,completed
3876,16,Customer 16,Rio de Janeiro,RJ,6,SSD 1TB,Storage,1,700.0,700.0,2026-04-29,completed
3877,101,Customer 101,Recife,PE,1,Notebook Pro,Computers,4,4500.0,18000.0,2026-04-26,completed
3878,127,Customer 127,São Paulo,SP,8,Tablet Pro,Tablets,2,2800.0,5600.0,2026-03-27,completed
3879,497,Customer 497,São Paulo,SP,5,Headset Pro,Accessories,3,450.0,1350.0,2026-05-16,completed
3880,252,Customer 252,Brasília,DF,4,Mouse Wireless,Accessories,4,180.0,720.0,2026-02-14,completed
3881,361,Customer 361,Belo Horizonte,MG,1,Notebook Pro,Computers,1,4500.0,4500.0,2026-05-25,completed
3882,94,Customer 94,Salvador,BA,9,External HD 2TB,Storage,5,500.0,2500.0,2026-06-23,completed
3883,229,Customer 229,Curitiba,PR,7,Webcam Full HD,Accessories,5,300.0,1500.0,2026-03-06,completed
3884,16,Customer 16,Belo Horizonte,MG,2,Keyboard Mechanical,Accessories,5,350.0,1750.0,2026-01-02,completed
3885,102,Customer 102,Belo Horizonte,MG,10,Laptop Stand,Accessories,4,250.0,1000.0,2026-02-10,completed
3886,473,Customer 473,Brasília,DF,7,Webcam Full HD,Accessories,4,300.0,1200.0,2026-04-22,completed
3887,41,Customer 41,Salvador,BA,10,Laptop Stand,Accessories,1,250.0,250.0,2026-05-15,completed
3888,426,Customer 426,Niterói,RJ,8,Tablet Pro,Tablets,1,2800.0,2800.0,2026-01-09,completed
3889,137,Customer 137,Curitiba,PR,7,Webcam Full HD,Accessories,4,300.0,1200.0,2026-01-26,completed
3890,495,Customer 495,Salvador,BA,10,Laptop Stand,Accessories,1,250.0,250.0,2026-07-13,completed
3891,408,Customer 408,Rio de Janeiro,RJ,1,Notebook Pro,Computers,4,4500.0,18000.0,2026-05-31,completed
3892,342,Customer 342,Porto Alegre,RS,2,Keyboard Mechanical,Accessories,3,350.0,1050.0,2026-01-10,completed
3893,384,Customer 384,Brasília,DF,10,Laptop Stand,Accessories,2,250.0,500.0,2026-05-20,completed
3894,35,Customer 35,Fortaleza,CE,5,Headset Pro,Accessories,5,450.0,2250.0,2026-01-01,completed
3895,128,Customer 128,Rio de Janeiro,RJ,6,SSD 1TB,Storage,2,700.0,1400.0,2026-01-11,completed
3896,313,Customer 313,Fortaleza,CE,9,External HD 2TB,Storage,1,500.0,500.0,2026-07-26,completed
3897,153,Customer 153,Fortaleza,CE,8,Tablet Pro,Tablets,4,2800.0,11200.0,2026-07-20,completed
3898,271,Customer 271,Porto Alegre,RS,4,Mouse Wireless,Accessories,1,180.0,180.0,2026-02-20,completed
3899,303,Customer 303,Porto Alegre,RS,2,Keyboard Mechanical,Accessories,4,350.0,1400.0,2026-04-08,completed
3900,285,Customer 285,Brasília,DF,2,Keyboard Mechanical,Accessories,4,350.0,1400.0,2026-08-21,completed
3901,490,Customer 490,Rio de Janeiro,RJ,3,Monitor 27,Monitors,2,1200.0,2400.0,2026-05-05,completed
3902,488,Customer 488,São Paulo,SP,8,Tablet Pro,Tablets,4,2800.0,11200.0,2026-05-27,completed
3903,128,Customer 128,Belo Horizonte,MG,3,Monitor 27,Monitors,3,1200.0,3600.0,2026-04-22,completed
3904,108,Customer 108,Recife,PE,10,Laptop Stand,Accessories,5,250.0,1250.0,2026-03-16,completed
3905,292,Customer 292,Rio de Janeiro,RJ,10,Laptop Stand,Accessories,4,250.0,1000.0,2026-07-26,completed
3906,35,Customer 35,Brasília,DF,3,Monitor 27,Monitors,4,1200.0,4800.0,2026-08-06,cancelled
3907,72,Customer 72,São Paulo,SP,4,Mouse Wireless,Accessories,4,180.0,720.0,2026-01-14,completed
3908,236,Customer 236,Recife,PE,3,Monitor 27,Monitors,1,1200.0,1200.0,2026-01-23,completed
3909,29,Customer 29,Niterói,RJ,1,Notebook Pro,Computers,3,4500.0,13500.0,2026-01-25,completed
3910,484,Customer 484,Rio de Janeiro,RJ,4,Mouse Wireless,Accessories,3,180.0,540.0,2026-06-25,cancelled
3911,385,Customer 385,Fortaleza,CE,10,Laptop Stand,Accessories,5,250.0,1250.0,2026-06-02,completed
3912,454,Customer 454,Fortaleza,CE,8,Tablet Pro,Tablets,2,2800.0,5600.0,2026-08-18,completed
3913,43,Customer 43,Porto Alegre,RS,1,Notebook Pro,Computers,5,4500.0,22500.0,2026-05-09,cancelled
3914,301,Customer 301,Brasília,DF,9,External HD 2TB,Storage,1,500.0,500.0,2026-07-28,completed
3915,497,Customer 497,Recife,PE,7,Webcam Full HD,Accessories,3,300.0,900.0,2026-03-19,completed
3916,71,Customer 71,Niterói,RJ,2,Keyboard Mechanical,Accessories,4,350.0,1400.0,2026-08-14,completed
3917,268,Customer 268,Recife,PE,4,Mouse Wireless,Accessories,5,180.0,900.0,2026-04-23,completed
3918,192,Customer 192,Porto Alegre,RS,1,Notebook Pro,Computers,5,4500.0,22500.0,2026-02-14,completed
3919,416,Customer 416,São Paulo,SP,5,Headset Pro,Accessories,5,450.0,2250.0,2026-01-12,completed
3920,243,Customer 243,Salvador,BA,8,Tablet Pro,Tablets,1,2800.0,2800.0,2026-08-01,completed
3921,432,Customer 432,Belo Horizonte,MG,7,Webcam Full HD,Accessories,5,300.0,1500.0,2026-01-22,completed
3922,305,Customer 305,Curitiba,PR,2,Keyboard Mechanical,Accessories,1,350.0,350.0,2026-08-28,completed
3923,262,Customer 262,Porto Alegre,RS,10,Laptop Stand,Accessories,3,250.0,750.0,2026-07-22,completed
3924,308,Customer 308,Curitiba,PR,9,External HD 2TB,Storage,5,500.0,2500.0,2026-02-08,completed
3925,372,Customer 372,Curitiba,PR,10,Laptop Stand,Accessories,4,250.0,1000.0,2026-06-20,cancelled
3926,26,Customer 26,Brasília,DF,1,Notebook Pro,Computers,5,4500.0,22500.0,2026-04-01,completed
3927,366,Customer 366,Rio de Janeiro,RJ,5,Headset Pro,Accessories,1,450.0,450.0,2026-07-22,completed
3928,217,Customer 217,Rio de Janeiro,RJ,6,SSD 1TB,Storage,4,700.0,2800.0,2026-01-12,completed
3929,461,Customer 461,Recife,PE,4,Mouse Wireless,Accessories,2,180.0,360.0,2026-05-05,completed
3930,346,Customer 346,Recife,PE,9,External HD 2TB,Storage,2,500.0,1000.0,2026-03-27,cancelled
3931,194,Customer 194,Salvador,BA,2,Keyboard Mechanical,Accessories,4,350.0,1400.0,2026-05-29,cancelled
3932,344,Customer 344,Curitiba,PR,3,Monitor 27,Monitors,3,1200.0,3600.0,2026-06-13,completed
3933,454,Customer 454,Fortaleza,CE,7,Webcam Full HD,Accessories,3,300.0,900.0,2026-08-02,completed
3934,193,Customer 193,Curitiba,PR,9,External HD 2TB,Storage,2,500.0,1000.0,2026-07-04,completed
3935,480,Customer 480,Fortaleza,CE,7,Webcam Full HD,Accessories,1,300.0,300.0,2026-03-10,completed
3936,262,Customer 262,Brasília,DF,3,Monitor 27,Monitors,1,1200.0,1200.0,2026-04-24,completed
3937,79,Customer 79,Recife,PE,6,SSD 1TB,Storage,1,700.0,700.0,2026-04-09,completed
3938,82,Customer 82,Salvador,BA,10,Laptop Stand,Accessories,2,250.0,500.0,2026-07-31,cancelled
3939,209,Customer 209,Brasília,DF,9,External HD 2TB,Storage,5,500.0,2500.0,2026-02-02,completed
3940,258,Customer 258,Fortaleza,CE,4,Mouse Wireless,Accessories,3,180.0,540.0,2026-05-17,completed
3941,273,Customer 273,Recife,PE,4,Mouse Wireless,Accessories,5,180.0,900.0,2026-01-11,completed
3942,71,Customer 71,Brasília,DF,7,Webcam Full HD,Accessories,4,300.0,1200.0,2026-02-08,completed
3943,228,Customer 228,Fortaleza,CE,10,Laptop Stand,Accessories,1,250.0,250.0,2026-04-19,completed
3944,320,Customer 320,Rio de Janeiro,RJ,2,Keyboard Mechanical,Accessories,3,350.0,1050.0,2026-01-19,completed
3945,425,Customer 425,Rio de Janeiro,RJ,10,Laptop Stand,Accessories,2,250.0,500.0,2026-04-02,cancelled
3946,387,Customer 387,Fortaleza,CE,3,Monitor 27,Monitors,2,1200.0,2400.0,2026-07-02,completed
3947,56,Customer 56,Belo Horizonte,MG,4,Mouse Wireless,Accessories,4,180.0,720.0,2026-07-04,completed
3948,458,Customer 458,São Paulo,SP,6,SSD 1TB,Storage,2,700.0,1400.0,2026-03-05,completed
3949,471,Customer 471,Brasília,DF,6,SSD 1TB,Storage,5,700.0,3500.0,2026-05-11,completed
3950,206,Customer 206,Salvador,BA,1,Notebook Pro,Computers,2,4500.0,9000.0,2026-04-03,completed
3951,385,Customer 385,Brasília,DF,8,Tablet Pro,Tablets,2,2800.0,5600.0,2026-03-09,completed
3952,316,Customer 316,Rio de Janeiro,RJ,7,Webcam Full HD,Accessories,3,300.0,900.0,2026-06-16,completed
3953,447,Customer 447,Belo Horizonte,MG,5,Headset Pro,Accessories,3,450.0,1350.0,2026-01-08,completed
3954,214,Customer 214,Curitiba,PR,2,Keyboard Mechanical,Accessories,4,350.0,1400.0,2026-07-13,cancelled
3955,248,Customer 248,Rio de Janeiro,RJ,9,External HD 2TB,Storage,2,500.0,1000.0,2026-06-29,completed
3956,305,Customer 305,Recife,PE,10,Laptop Stand,Accessories,5,250.0,1250.0,2026-06-11,completed
3957,280,Customer 280,Recife,PE,1,Notebook Pro,Computers,4,4500.0,18000.0,2026-04-29,completed
3958,75,Customer 75,Rio de Janeiro,RJ,5,Headset Pro,Accessories,1,450.0,450.0,2026-04-24,completed
3959,212,Customer 212,Recife,PE,2,Keyboard Mechanical,Accessories,2,350.0,700.0,2026-08-03,completed
3960,319,Customer 319,Niterói,RJ,7,Webcam Full HD,Accessories,4,300.0,1200.0,2026-03-09,completed
3961,217,Customer 217,Fortaleza,CE,9,External HD 2TB,Storage,5,500.0,2500.0,2026-07-26,completed
3962,358,Customer 358,Fortaleza,CE,7,Webcam Full HD,Accessories,5,300.0,1500.0,2026-05-21,completed
3963,160,Customer 160,Recife,PE,7,Webcam Full HD,Accessories,5,300.0,1500.0,2026-03-21,cancelled
3964,457,Customer 457,Rio de Janeiro,RJ,6,SSD 1TB,Storage,3,700.0,2100.0,2026-05-31,completed
3965,161,Customer 161,São Paulo,SP,2,Keyboard Mechanical,Accessories,1,350.0,350.0,2026-06-07,completed
3966,370,Customer 370,Fortaleza,CE,3,Monitor 27,Monitors,1,1200.0,1200.0,2026-08-05,cancelled
3967,400,Customer 400,Porto Alegre,RS,6,SSD 1TB,Storage,2,700.0,1400.0,2026-06-28,completed
3968,456,Customer 456,São Paulo,SP,6,SSD 1TB,Storage,1,700.0,700.0,2026-01-19,completed
3969,41,Customer 41,Curitiba,PR,1,Notebook Pro,Computers,2,4500.0,9000.0,2026-08-02,completed
3970,276,Customer 276,Recife,PE,7,Webcam Full HD,Accessories,2,300.0,600.0,2026-04-18,completed
3971,128,Customer 128,Curitiba,PR,3,Monitor 27,Monitors,1,1200.0,1200.0,2026-05-12,completed
3972,134,Customer 134,Salvador,BA,6,SSD 1TB,Storage,5,700.0,3500.0,2026-01-15,completed
3973,249,Customer 249,São Paulo,SP,1,Notebook Pro,Computers,1,4500.0,4500.0,2026-06-02,cancelled
3974,334,Customer 334,Fortaleza,CE,5,Headset Pro,Accessories,2,450.0,900.0,2026-03-18,completed
3975,498,Customer 498,Fortaleza,CE,5,Headset Pro,Accessories,2,450.0,900.0,2026-01-13,completed
3976,472,Customer 472,Curitiba,PR,7,Webcam Full HD,Accessories,3,300.0,900.0,2026-07-21,cancelled
3977,442,Customer 442,Recife,PE,10,Laptop Stand,Accessories,4,250.0,1000.0,2026-04-21,completed
3978,211,Customer 211,São Paulo,SP,6,SSD 1TB,Storage,4,700.0,2800.0,2026-03-09,completed
3979,8,Customer 8,Brasília,DF,6,SSD 1TB,Storage,4,700.0,2800.0,2026-08-10,completed
3980,251,Customer 251,Porto Alegre,RS,6,SSD 1TB,Storage,5,700.0,3500.0,2026-08-17,completed
3981,293,Customer 293,Porto Alegre,RS,5,Headset Pro,Accessories,3,450.0,1350.0,2026-02-26,completed
3982,401,Customer 401,Recife,PE,10,Laptop Stand,Accessories,1,250.0,250.0,2026-04-19,completed
3983,125,Customer 125,Salvador,BA,5,Headset Pro,Accessories,4,450.0,1800.0,2026-08-13,completed
3984,402,Customer 402,Niterói,RJ,3,Monitor 27,Monitors,4,1200.0,4800.0,2026-03-28,cancelled
3985,149,Customer 149,São Paulo,SP,2,Keyboard Mechanical,Accessories,4,350.0,1400.0,2026-06-11,completed
3986,310,Customer 310,Fortaleza,CE,6,SSD 1TB,Storage,2,700.0,1400.0,2026-08-25,completed
3987,5,Customer 5,Curitiba,PR,3,Monitor 27,Monitors,2,1200.0,2400.0,2026-01-31,completed
3988,78,Customer 78,Brasília,DF,3,Monitor 27,Monitors,4,1200.0,4800.0,2026-04-20,completed
3989,356,Customer 356,Porto Alegre,RS,5,Headset Pro,Accessories,4,450.0,1800.0,2026-02-04,completed
3990,314,Customer 314,Rio de Janeiro,RJ,7,Webcam Full HD,Accessories,1,300.0,300.0,2026-01-27,completed
3991,91,Customer 91,Brasília,DF,2,Keyboard Mechanical,Accessories,1,350.0,350.0,2026-04-06,completed
3992,418,Customer 418,Brasília,DF,9,External HD 2TB,Storage,5,500.0,2500.0,2026-06-13,completed
3993,31,Customer 31,São Paulo,SP,9,External HD 2TB,Storage,1,500.0,500.0,2026-01-28,completed
3994,302,Customer 302,Recife,PE,7,Webcam Full HD,Accessories,4,300.0,1200.0,2026-07-02,completed
3995,287,Customer 287,Niterói,RJ,4,Mouse Wireless,Accessories,1,180.0,180.0,2026-02-14,completed
3996,305,Customer 305,Salvador,BA,8,Tablet Pro,Tablets,1,2800.0,2800.0,2026-08-27,completed
3997,229,Customer 229,Niterói,RJ,7,Webcam Full HD,Accessories,3,300.0,900.0,2026-08-07,completed
3998,327,Customer 327,Curitiba,PR,2,Keyboard Mechanical,Accessories,2,350.0,700.0,2026-07-06,completed
3999,471,Customer 471,Niterói,RJ,1,Notebook Pro,Computers,2,4500.0,9000.0,2026-05-16,completed
4000,118,Customer 118,Porto Alegre,RS,6,SSD 1TB,Storage,2,700.0,1400.0,2026-04-21,completed
4001,357,Customer 357,Fortaleza,CE,7,Webcam Full HD,Accessories,5,300.0,1500.0,2026-01-13,completed
4002,284,Customer 284,Salvador,BA,3,Monitor 27,Monitors,3,1200.0,3600.0,2026-03-09,completed
4003,90,Customer 90,Brasília,DF,3,Monitor 27,Monitors,1,1200.0,1200.0,2026-06-21,completed
4004,356,Customer 356,Belo Horizonte,MG,9,External HD 2TB,Storage,3,500.0,1500.0,2026-08-13,completed
4005,186,Customer 186,Brasília,DF,1,Notebook Pro,Computers,1,4500.0,4500.0,2026-06-23,completed
4006,131,Customer 131,Brasília,DF,6,SSD 1TB,Storage,3,700.0,2100.0,2026-06-16,completed
4007,174,Customer 174,Niterói,RJ,4,Mouse Wireless,Accessories,1,180.0,180.0,2026-01-29,completed
4008,484,Customer 484,Belo Horizonte,MG,3,Monitor 27,Monitors,4,1200.0,4800.0,2026-03-15,completed
4009,315,Customer 315,Porto Alegre,RS,10,Laptop Stand,Accessories,1,250.0,250.0,2026-04-26,completed
4010,462,Customer 462,Curitiba,PR,4,Mouse Wireless,Accessories,2,180.0,360.0,2026-06-20,completed
4011,331,Customer 331,Niterói,RJ,8,Tablet Pro,Tablets,2,2800.0,5600.0,2026-01-08,completed
4012,445,Customer 445,Recife,PE,9,External HD 2TB,Storage,4,500.0,2000.0,2026-06-25,completed
4013,420,Customer 420,Rio de Janeiro,RJ,8,Tablet Pro,Tablets,3,2800.0,8400.0,2026-07-02,completed
4014,336,Customer 336,Recife,PE,1,Notebook Pro,Computers,1,4500.0,4500.0,2026-06-05,completed
4015,493,Customer 493,Belo Horizonte,MG,1,Notebook Pro,Computers,3,4500.0,13500.0,2026-03-26,cancelled
4016,326,Customer 326,Belo Horizonte,MG,1,Notebook Pro,Computers,4,4500.0,18000.0,2026-06-05,completed
4017,167,Customer 167,Recife,PE,9,External HD 2TB,Storage,2,500.0,1000.0,2026-03-10,completed
4018,458,Customer 458,Belo Horizonte,MG,6,SSD 1TB,Storage,2,700.0,1400.0,2026-08-14,completed
4019,7,Customer 7,São Paulo,SP,2,Keyboard Mechanical,Accessories,5,350.0,1750.0,2026-01-18,cancelled
4020,447,Customer 447,Curitiba,PR,8,Tablet Pro,Tablets,4,2800.0,11200.0,2026-05-10,completed
4021,264,Customer 264,Rio de Janeiro,RJ,7,Webcam Full HD,Accessories,3,300.0,900.0,2026-02-14,completed
4022,131,Customer 131,Brasília,DF,6,SSD 1TB,Storage,3,700.0,2100.0,2026-03-09,completed
4023,28,Customer 28,Recife,PE,4,Mouse Wireless,Accessories,5,180.0,900.0,2026-08-14,completed
4024,353,Customer 353,Rio de Janeiro,RJ,8,Tablet Pro,Tablets,5,2800.0,14000.0,2026-06-08,completed
4025,231,Customer 231,Recife,PE,2,Keyboard Mechanical,Accessories,1,350.0,350.0,2026-06-14,cancelled
4026,334,Customer 334,Salvador,BA,4,Mouse Wireless,Accessories,5,180.0,900.0,2026-02-01,completed
4027,275,Customer 275,Porto Alegre,RS,9,External HD 2TB,Storage,5,500.0,2500.0,2026-06-19,completed
4028,448,Customer 448,Recife,PE,7,Webcam Full HD,Accessories,5,300.0,1500.0,2026-05-26,completed
4029,218,Customer 218,Fortaleza,CE,9,External HD 2TB,Storage,5,500.0,2500.0,2026-07-18,completed
4030,454,Customer 454,Fortaleza,CE,1,Notebook Pro,Computers,3,4500.0,13500.0,2026-03-22,completed
4031,297,Customer 297,Niterói,RJ,8,Tablet Pro,Tablets,1,2800.0,2800.0,2026-03-12,completed
4032,349,Customer 349,Niterói,RJ,5,Headset Pro,Accessories,4,450.0,1800.0,2026-03-01,completed
4033,415,Customer 415,Rio de Janeiro,RJ,10,Laptop Stand,Accessories,5,250.0,1250.0,2026-07-11,completed
4034,364,Customer 364,Brasília,DF,3,Monitor 27,Monitors,3,1200.0,3600.0,2026-02-03,completed
4035,426,Customer 426,Recife,PE,4,Mouse Wireless,Accessories,5,180.0,900.0,2026-04-26,completed
4036,267,Customer 267,Belo Horizonte,MG,4,Mouse Wireless,Accessories,5,180.0,900.0,2026-07-22,completed
4037,78,Customer 78,Rio de Janeiro,RJ,9,External HD 2TB,Storage,4,500.0,2000.0,2026-01-08,completed
4038,472,Customer 472,Niterói,RJ,10,Laptop Stand,Accessories,2,250.0,500.0,2026-02-14,completed
4039,444,Customer 444,Recife,PE,1,Notebook Pro,Computers,5,4500.0,22500.0,2026-05-23,completed
4040,86,Customer 86,Niterói,RJ,2,Keyboard Mechanical,Accessories,1,350.0,350.0,2026-07-28,completed
4041,8,Customer 8,Niterói,RJ,4,Mouse Wireless,Accessories,2,180.0,360.0,2026-08-16,completed
4042,9,Customer 9,Rio de Janeiro,RJ,9,External HD 2TB,Storage,4,500.0,2000.0,2026-04-29,completed
4043,195,Customer 195,Rio de Janeiro,RJ,1,Notebook Pro,Computers,1,4500.0,4500.0,2026-05-11,cancelled
4044,306,Customer 306,Recife,PE,8,Tablet Pro,Tablets,4,2800.0,11200.0,2026-02-01,completed
4045,281,Customer 281,Rio de Janeiro,RJ,5,Headset Pro,Accessories,2,450.0,900.0,2026-04-06,completed
4046,408,Customer 408,Rio de Janeiro,RJ,5,Headset Pro,Accessories,1,450.0,450.0,2026-08-23,cancelled
4047,121,Customer 121,Recife,PE,5,Headset Pro,Accessories,3,450.0,1350.0,2026-06-16,completed
4048,329,Customer 329,Rio de Janeiro,RJ,10,Laptop Stand,Accessories,5,250.0,1250.0,2026-07-13,completed
4049,403,Customer 403,Porto Alegre,RS,5,Headset Pro,Accessories,4,450.0,1800.0,2026-07-20,completed
4050,329,Customer 329,Niterói,RJ,4,Mouse Wireless,Accessories,3,180.0,540.0,2026-03-21,completed
4051,444,Customer 444,Fortaleza,CE,6,SSD 1TB,Storage,1,700.0,700.0,2026-01-09,completed
4052,102,Customer 102,São Paulo,SP,8,Tablet Pro,Tablets,4,2800.0,11200.0,2026-08-23,completed
4053,2,Customer 2,Salvador,BA,5,Headset Pro,Accessories,3,450.0,1350.0,2026-07-10,completed
4054,195,Customer 195,Porto Alegre,RS,2,Keyboard Mechanical,Accessories,3,350.0,1050.0,2026-01-06,cancelled
4055,24,Customer 24,Curitiba,PR,7,Webcam Full HD,Accessories,4,300.0,1200.0,2026-04-19,completed
4056,48,Customer 48,Rio de Janeiro,RJ,1,Notebook Pro,Computers,4,4500.0,18000.0,2026-08-23,completed
4057,154,Customer 154,Rio de Janeiro,RJ,2,Keyboard Mechanical,Accessories,2,350.0,700.0,2026-03-14,completed
4058,414,Customer 414,Porto Alegre,RS,9,External HD 2TB,Storage,3,500.0,1500.0,2026-01-26,completed
4059,315,Customer 315,Fortaleza,CE,5,Headset Pro,Accessories,5,450.0,2250.0,2026-05-01,completed
4060,268,Customer 268,Fortaleza,CE,1,Notebook Pro,Computers,3,4500.0,13500.0,2026-07-17,completed
4061,390,Customer 390,Belo Horizonte,MG,7,Webcam Full HD,Accessories,4,300.0,1200.0,2026-05-21,completed
4062,151,Customer 151,Recife,PE,3,Monitor 27,Monitors,4,1200.0,4800.0,2026-05-17,cancelled
4063,291,Customer 291,Fortaleza,CE,10,Laptop Stand,Accessories,4,250.0,1000.0,2026-02-10,completed
4064,311,Customer 311,Porto Alegre,RS,1,Notebook Pro,Computers,5,4500.0,22500.0,2026-03-01,completed
4065,222,Customer 222,Recife,PE,9,External HD 2TB,Storage,5,500.0,2500.0,2026-08-18,cancelled
4066,290,Customer 290,Rio de Janeiro,RJ,8,Tablet Pro,Tablets,5,2800.0,14000.0,2026-06-24,cancelled
4067,329,Customer 329,Porto Alegre,RS,10,Laptop Stand,Accessories,1,250.0,250.0,2026-04-04,completed
4068,190,Customer 190,Fortaleza,CE,7,Webcam Full HD,Accessories,2,300.0,600.0,2026-04-03,completed
4069,433,Customer 433,Rio de Janeiro,RJ,10,Laptop Stand,Accessories,4,250.0,1000.0,2026-08-18,completed
4070,12,Customer 12,Fortaleza,CE,4,Mouse Wireless,Accessories,2,180.0,360.0,2026-01-06,completed
4071,68,Customer 68,Curitiba,PR,6,SSD 1TB,Storage,4,700.0,2800.0,2026-08-06,cancelled
4072,268,Customer 268,Fortaleza,CE,9,External HD 2TB,Storage,2,500.0,1000.0,2026-04-08,completed
4073,155,Customer 155,Rio de Janeiro,RJ,9,External HD 2TB,Storage,1,500.0,500.0,2026-07-14,completed
4074,189,Customer 189,Niterói,RJ,2,Keyboard Mechanical,Accessories,4,350.0,1400.0,2026-04-03,completed
4075,262,Customer 262,Salvador,BA,2,Keyboard Mechanical,Accessories,4,350.0,1400.0,2026-05-05,completed
4076,149,Customer 149,Rio de Janeiro,RJ,3,Monitor 27,Monitors,4,1200.0,4800.0,2026-03-17,completed
4077,309,Customer 309,Niterói,RJ,2,Keyboard Mechanical,Accessories,1,350.0,350.0,2026-05-19,cancelled
4078,409,Customer 409,Recife,PE,3,Monitor 27,Monitors,3,1200.0,3600.0,2026-01-24,completed
4079,365,Customer 365,Fortaleza,CE,7,Webcam Full HD,Accessories,2,300.0,600.0,2026-04-22,completed
4080,91,Customer 91,Niterói,RJ,3,Monitor 27,Monitors,5,1200.0,6000.0,2026-05-03,completed
4081,263,Customer 263,Fortaleza,CE,2,Keyboard Mechanical,Accessories,4,350.0,1400.0,2026-01-14,cancelled
4082,452,Customer 452,Brasília,DF,6,SSD 1TB,Storage,3,700.0,2100.0,2026-08-23,completed
4083,54,Customer 54,Recife,PE,6,SSD 1TB,Storage,3,700.0,2100.0,2026-04-06,completed
4084,427,Customer 427,São Paulo,SP,6,SSD 1TB,Storage,4,700.0,2800.0,2026-07-19,completed
4085,65,Customer 65,São Paulo,SP,10,Laptop Stand,Accessories,2,250.0,500.0,2026-02-02,completed
4086,255,Customer 255,São Paulo,SP,10,Laptop Stand,Accessories,1,250.0,250.0,2026-07-07,completed
4087,33,Customer 33,Curitiba,PR,4,Mouse Wireless,Accessories,3,180.0,540.0,2026-04-15,completed
4088,487,Customer 487,São Paulo,SP,8,Tablet Pro,Tablets,2,2800.0,5600.0,2026-02-24,completed
4089,143,Customer 143,Porto Alegre,RS,3,Monitor 27,Monitors,5,1200.0,6000.0,2026-02-11,completed
4090,313,Customer 313,Salvador,BA,5,Headset Pro,Accessories,1,450.0,450.0,2026-01-15,completed
4091,249,Customer 249,Recife,PE,9,External HD 2TB,Storage,2,500.0,1000.0,2026-02-11,cancelled
4092,135,Customer 135,Porto Alegre,RS,4,Mouse Wireless,Accessories,1,180.0,180.0,2026-02-04,completed
4093,38,Customer 38,Curitiba,PR,9,External HD 2TB,Storage,3,500.0,1500.0,2026-01-02,completed
4094,34,Customer 34,São Paulo,SP,6,SSD 1TB,Storage,5,700.0,3500.0,2026-06-14,cancelled
4095,386,Customer 386,São Paulo,SP,2,Keyboard Mechanical,Accessories,1,350.0,350.0,2026-05-28,completed
4096,500,Customer 500,São Paulo,SP,10,Laptop Stand,Accessories,2,250.0,500.0,2026-08-05,completed
4097,454,Customer 454,Rio de Janeiro,RJ,2,Keyboard Mechanical,Accessories,3,350.0,1050.0,2026-02-17,completed
4098,42,Customer 42,São Paulo,SP,6,SSD 1TB,Storage,2,700.0,1400.0,2026-07-29,completed
4099,28,Customer 28,Fortaleza,CE,3,Monitor 27,Monitors,2,1200.0,2400.0,2026-01-12,completed
4100,237,Customer 237,Rio de Janeiro,RJ,7,Webcam Full HD,Accessories,5,300.0,1500.0,2026-03-22,cancelled
4101,8,Customer 8,São Paulo,SP,8,Tablet Pro,Tablets,3,2800.0,8400.0,2026-08-20,cancelled
4102,425,Customer 425,Rio de Janeiro,RJ,9,External HD 2TB,Storage,5,500.0,2500.0,2026-07-21,completed
4103,288,Customer 288,Salvador,BA,5,Headset Pro,Accessories,2,450.0,900.0,2026-07-27,cancelled
4104,73,Customer 73,Fortaleza,CE,9,External HD 2TB,Storage,4,500.0,2000.0,2026-04-16,completed
4105,285,Customer 285,Fortaleza,CE,4,Mouse Wireless,Accessories,4,180.0,720.0,2026-03-30,completed
4106,305,Customer 305,Brasília,DF,5,Headset Pro,Accessories,4,450.0,1800.0,2026-07-16,completed
4107,212,Customer 212,Rio de Janeiro,RJ,10,Laptop Stand,Accessories,5,250.0,1250.0,2026-08-25,completed
4108,243,Customer 243,Belo Horizonte,MG,5,Headset Pro,Accessories,5,450.0,2250.0,2026-01-22,completed
4109,462,Customer 462,Rio de Janeiro,RJ,1,Notebook Pro,Computers,3,4500.0,13500.0,2026-03-27,completed
4110,79,Customer 79,Salvador,BA,9,External HD 2TB,Storage,5,500.0,2500.0,2026-04-14,completed
4111,351,Customer 351,Niterói,RJ,2,Keyboard Mechanical,Accessories,4,350.0,1400.0,2026-08-17,completed
4112,110,Customer 110,Salvador,BA,8,Tablet Pro,Tablets,3,2800.0,8400.0,2026-05-15,completed
4113,173,Customer 173,Niterói,RJ,7,Webcam Full HD,Accessories,5,300.0,1500.0,2026-01-16,completed
4114,442,Customer 442,Brasília,DF,9,External HD 2TB,Storage,4,500.0,2000.0,2026-01-10,cancelled
4115,220,Customer 220,Porto Alegre,RS,4,Mouse Wireless,Accessories,5,180.0,900.0,2026-05-21,completed
4116,368,Customer 368,Brasília,DF,5,Headset Pro,Accessories,5,450.0,2250.0,2026-05-09,completed
4117,281,Customer 281,Brasília,DF,3,Monitor 27,Monitors,3,1200.0,3600.0,2026-07-24,completed
4118,196,Customer 196,Brasília,DF,7,Webcam Full HD,Accessories,2,300.0,600.0,2026-05-19,completed
4119,170,Customer 170,Salvador,BA,1,Notebook Pro,Computers,4,4500.0,18000.0,2026-07-28,completed
4120,475,Customer 475,Brasília,DF,1,Notebook Pro,Computers,4,4500.0,18000.0,2026-04-03,completed
4121,318,Customer 318,Salvador,BA,6,SSD 1TB,Storage,1,700.0,700.0,2026-04-04,completed
4122,82,Customer 82,Belo Horizonte,MG,10,Laptop Stand,Accessories,2,250.0,500.0,2026-07-06,completed
4123,305,Customer 305,São Paulo,SP,9,External HD 2TB,Storage,3,500.0,1500.0,2026-08-19,completed
4124,55,Customer 55,São Paulo,SP,8,Tablet Pro,Tablets,3,2800.0,8400.0,2026-07-07,completed
4125,342,Customer 342,Fortaleza,CE,2,Keyboard Mechanical,Accessories,2,350.0,700.0,2026-01-26,completed
4126,52,Customer 52,Porto Alegre,RS,9,External HD 2TB,Storage,4,500.0,2000.0,2026-01-25,completed
4127,352,Customer 352,São Paulo,SP,3,Monitor 27,Monitors,3,1200.0,3600.0,2026-07-26,completed
4128,361,Customer 361,Porto Alegre,RS,7,Webcam Full HD,Accessories,1,300.0,300.0,2026-06-25,cancelled
4129,91,Customer 91,Niterói,RJ,1,Notebook Pro,Computers,4,4500.0,18000.0,2026-07-03,completed
4130,190,Customer 190,Belo Horizonte,MG,6,SSD 1TB,Storage,3,700.0,2100.0,2026-06-28,completed
4131,350,Customer 350,Niterói,RJ,1,Notebook Pro,Computers,1,4500.0,4500.0,2026-06-20,completed
4132,94,Customer 94,Porto Alegre,RS,6,SSD 1TB,Storage,5,700.0,3500.0,2026-04-02,completed
4133,6,Customer 6,Niterói,RJ,7,Webcam Full HD,Accessories,1,300.0,300.0,2026-01-21,completed
4134,57,Customer 57,Salvador,BA,4,Mouse Wireless,Accessories,2,180.0,360.0,2026-08-21,completed
4135,495,Customer 495,Fortaleza,CE,5,Headset Pro,Accessories,4,450.0,1800.0,2026-06-12,completed
4136,174,Customer 174,São Paulo,SP,8,Tablet Pro,Tablets,3,2800.0,8400.0,2026-01-12,completed
4137,52,Customer 52,Porto Alegre,RS,4,Mouse Wireless,Accessories,2,180.0,360.0,2026-04-29,completed
4138,282,Customer 282,São Paulo,SP,6,SSD 1TB,Storage,5,700.0,3500.0,2026-06-22,completed
4139,330,Customer 330,São Paulo,SP,4,Mouse Wireless,Accessories,1,180.0,180.0,2026-01-13,completed
4140,202,Customer 202,Brasília,DF,10,Laptop Stand,Accessories,2,250.0,500.0,2026-03-19,cancelled
4141,7,Customer 7,Belo Horizonte,MG,10,Laptop Stand,Accessories,1,250.0,250.0,2026-01-01,completed
4142,179,Customer 179,Niterói,RJ,1,Notebook Pro,Computers,2,4500.0,9000.0,2026-04-20,completed
4143,260,Customer 260,Fortaleza,CE,5,Headset Pro,Accessories,1,450.0,450.0,2026-01-19,completed
4144,154,Customer 154,Fortaleza,CE,2,Keyboard Mechanical,Accessories,2,350.0,700.0,2026-06-17,completed
4145,451,Customer 451,Fortaleza,CE,10,Laptop Stand,Accessories,2,250.0,500.0,2026-05-20,completed
4146,178,Customer 178,Belo Horizonte,MG,6,SSD 1TB,Storage,5,700.0,3500.0,2026-03-29,completed
4147,24,Customer 24,Salvador,BA,7,Webcam Full HD,Accessories,1,300.0,300.0,2026-01-09,completed
4148,209,Customer 209,Porto Alegre,RS,10,Laptop Stand,Accessories,5,250.0,1250.0,2026-01-04,cancelled
4149,10,Customer 10,Curitiba,PR,10,Laptop Stand,Accessories,4,250.0,1000.0,2026-08-22,completed
4150,31,Customer 31,Rio de Janeiro,RJ,9,External HD 2TB,Storage,4,500.0,2000.0,2026-07-03,completed
4151,245,Customer 245,Brasília,DF,1,Notebook Pro,Computers,2,4500.0,9000.0,2026-05-03,completed
4152,137,Customer 137,Niterói,RJ,4,Mouse Wireless,Accessories,2,180.0,360.0,2026-05-26,completed
4153,158,Customer 158,Fortaleza,CE,6,SSD 1TB,Storage,2,700.0,1400.0,2026-01-06,completed
4154,202,Customer 202,Porto Alegre,RS,8,Tablet Pro,Tablets,4,2800.0,11200.0,2026-07-14,completed
4155,172,Customer 172,Salvador,BA,1,Notebook Pro,Computers,2,4500.0,9000.0,2026-02-11,cancelled
4156,179,Customer 179,São Paulo,SP,2,Keyboard Mechanical,Accessories,4,350.0,1400.0,2026-02-24,completed
4157,161,Customer 161,Brasília,DF,3,Monitor 27,Monitors,4,1200.0,4800.0,2026-02-17,completed
4158,55,Customer 55,Porto Alegre,RS,9,External HD 2TB,Storage,3,500.0,1500.0,2026-02-17,completed
4159,32,Customer 32,Niterói,RJ,10,Laptop Stand,Accessories,2,250.0,500.0,2026-02-26,completed
4160,158,Customer 158,Salvador,BA,2,Keyboard Mechanical,Accessories,1,350.0,350.0,2026-01-04,cancelled
4161,404,Customer 404,São Paulo,SP,10,Laptop Stand,Accessories,1,250.0,250.0,2026-06-14,completed
4162,430,Customer 430,São Paulo,SP,6,SSD 1TB,Storage,2,700.0,1400.0,2026-01-02,cancelled
4163,392,Customer 392,Recife,PE,9,External HD 2TB,Storage,4,500.0,2000.0,2026-05-11,completed
4164,125,Customer 125,São Paulo,SP,3,Monitor 27,Monitors,1,1200.0,1200.0,2026-01-23,completed
4165,202,Customer 202,Porto Alegre,RS,4,Mouse Wireless,Accessories,2,180.0,360.0,2026-06-07,completed
4166,145,Customer 145,Salvador,BA,8,Tablet Pro,Tablets,3,2800.0,8400.0,2026-07-13,completed
4167,285,Customer 285,Recife,PE,8,Tablet Pro,Tablets,3,2800.0,8400.0,2026-08-08,completed
4168,441,Customer 441,Niterói,RJ,2,Keyboard Mechanical,Accessories,2,350.0,700.0,2026-06-01,cancelled
4169,304,Customer 304,Curitiba,PR,5,Headset Pro,Accessories,2,450.0,900.0,2026-04-12,completed
4170,119,Customer 119,Belo Horizonte,MG,7,Webcam Full HD,Accessories,2,300.0,600.0,2026-07-24,completed
4171,453,Customer 453,Niterói,RJ,8,Tablet Pro,Tablets,3,2800.0,8400.0,2026-04-01,completed
4172,96,Customer 96,Rio de Janeiro,RJ,5,Headset Pro,Accessories,4,450.0,1800.0,2026-04-29,completed
4173,356,Customer 356,Fortaleza,CE,3,Monitor 27,Monitors,1,1200.0,1200.0,2026-08-21,completed
4174,59,Customer 59,Rio de Janeiro,RJ,6,SSD 1TB,Storage,2,700.0,1400.0,2026-02-27,cancelled
4175,385,Customer 385,Recife,PE,1,Notebook Pro,Computers,2,4500.0,9000.0,2026-02-18,completed
4176,359,Customer 359,Niterói,RJ,2,Keyboard Mechanical,Accessories,5,350.0,1750.0,2026-07-05,cancelled
4177,88,Customer 88,Rio de Janeiro,RJ,6,SSD 1TB,Storage,5,700.0,3500.0,2026-07-21,completed
4178,268,Customer 268,Fortaleza,CE,8,Tablet Pro,Tablets,1,2800.0,2800.0,2026-06-25,completed
4179,290,Customer 290,Rio de Janeiro,RJ,7,Webcam Full HD,Accessories,1,300.0,300.0,2026-07-17,completed
4180,258,Customer 258,Curitiba,PR,4,Mouse Wireless,Accessories,5,180.0,900.0,2026-04-06,completed
4181,282,Customer 282,Recife,PE,2,Keyboard Mechanical,Accessories,5,350.0,1750.0,2026-08-14,completed
4182,292,Customer 292,Porto Alegre,RS,8,Tablet Pro,Tablets,2,2800.0,5600.0,2026-06-30,cancelled
4183,49,Customer 49,Curitiba,PR,9,External HD 2TB,Storage,5,500.0,2500.0,2026-01-12,cancelled
4184,26,Customer 26,Salvador,BA,4,Mouse Wireless,Accessories,4,180.0,720.0,2026-05-17,cancelled
4185,310,Customer 310,Belo Horizonte,MG,2,Keyboard Mechanical,Accessories,5,350.0,1750.0,2026-04-07,completed
4186,483,Customer 483,Niterói,RJ,9,External HD 2TB,Storage,5,500.0,2500.0,2026-05-03,completed
4187,412,Customer 412,Recife,PE,5,Headset Pro,Accessories,3,450.0,1350.0,2026-08-14,completed
4188,444,Customer 444,São Paulo,SP,2,Keyboard Mechanical,Accessories,5,350.0,1750.0,2026-02-05,completed
4189,370,Customer 370,Porto Alegre,RS,3,Monitor 27,Monitors,1,1200.0,1200.0,2026-01-14,completed
4190,283,Customer 283,Belo Horizonte,MG,10,Laptop Stand,Accessories,3,250.0,750.0,2026-05-18,completed
4191,321,Customer 321,Belo Horizonte,MG,3,Monitor 27,Monitors,2,1200.0,2400.0,2026-01-16,completed
4192,46,Customer 46,Brasília,DF,5,Headset Pro,Accessories,4,450.0,1800.0,2026-03-13,cancelled
4193,109,Customer 109,Niterói,RJ,9,External HD 2TB,Storage,1,500.0,500.0,2026-01-17,completed
4194,499,Customer 499,Salvador,BA,10,Laptop Stand,Accessories,5,250.0,1250.0,2026-07-01,completed
4195,359,Customer 359,São Paulo,SP,3,Monitor 27,Monitors,1,1200.0,1200.0,2026-02-02,completed
4196,325,Customer 325,Belo Horizonte,MG,1,Notebook Pro,Computers,3,4500.0,13500.0,2026-08-28,cancelled
4197,357,Customer 357,Niterói,RJ,4,Mouse Wireless,Accessories,2,180.0,360.0,2026-02-03,cancelled
4198,225,Customer 225,Porto Alegre,RS,6,SSD 1TB,Storage,2,700.0,1400.0,2026-06-28,completed
4199,125,Customer 125,Salvador,BA,4,Mouse Wireless,Accessories,1,180.0,180.0,2026-08-19,completed
4200,258,Customer 258,Rio de Janeiro,RJ,7,Webcam Full HD,Accessories,3,300.0,900.0,2026-08-15,completed
4201,209,Customer 209,Brasília,DF,7,Webcam Full HD,Accessories,2,300.0,600.0,2026-01-01,cancelled
4202,423,Customer 423,São Paulo,SP,6,SSD 1TB,Storage,5,700.0,3500.0,2026-03-01,completed
4203,234,Customer 234,Porto Alegre,RS,6,SSD 1TB,Storage,4,700.0,2800.0,2026-08-20,completed
4204,50,Customer 50,Fortaleza,CE,9,External HD 2TB,Storage,2,500.0,1000.0,2026-02-03,completed
4205,351,Customer 351,São Paulo,SP,3,Monitor 27,Monitors,5,1200.0,6000.0,2026-01-23,completed
4206,350,Customer 350,Rio de Janeiro,RJ,8,Tablet Pro,Tablets,3,2800.0,8400.0,2026-04-07,completed
4207,21,Customer 21,Niterói,RJ,10,Laptop Stand,Accessories,5,250.0,1250.0,2026-02-25,completed
4208,484,Customer 484,São Paulo,SP,5,Headset Pro,Accessories,2,450.0,900.0,2026-08-04,cancelled
4209,278,Customer 278,Brasília,DF,2,Keyboard Mechanical,Accessories,5,350.0,1750.0,2026-04-10,completed
4210,84,Customer 84,Niterói,RJ,10,Laptop Stand,Accessories,1,250.0,250.0,2026-07-25,completed
4211,481,Customer 481,Rio de Janeiro,RJ,7,Webcam Full HD,Accessories,4,300.0,1200.0,2026-01-04,completed
4212,29,Customer 29,Salvador,BA,7,Webcam Full HD,Accessories,5,300.0,1500.0,2026-08-15,completed
4213,497,Customer 497,Curitiba,PR,7,Webcam Full HD,Accessories,4,300.0,1200.0,2026-07-12,completed
4214,197,Customer 197,Belo Horizonte,MG,7,Webcam Full HD,Accessories,2,300.0,600.0,2026-01-22,completed
4215,263,Customer 263,Curitiba,PR,6,SSD 1TB,Storage,3,700.0,2100.0,2026-01-16,completed
4216,298,Customer 298,Brasília,DF,5,Headset Pro,Accessories,3,450.0,1350.0,2026-06-17,completed
4217,226,Customer 226,Curitiba,PR,7,Webcam Full HD,Accessories,2,300.0,600.0,2026-06-25,completed
4218,310,Customer 310,Belo Horizonte,MG,4,Mouse Wireless,Accessories,5,180.0,900.0,2026-04-17,completed
4219,5,Customer 5,Brasília,DF,10,Laptop Stand,Accessories,4,250.0,1000.0,2026-02-12,completed
4220,98,Customer 98,Niterói,RJ,3,Monitor 27,Monitors,4,1200.0,4800.0,2026-02-04,completed
4221,452,Customer 452,Rio de Janeiro,RJ,2,Keyboard Mechanical,Accessories,3,350.0,1050.0,2026-02-07,completed
4222,111,Customer 111,Curitiba,PR,3,Monitor 27,Monitors,3,1200.0,3600.0,2026-06-17,completed
4223,357,Customer 357,Salvador,BA,5,Headset Pro,Accessories,2,450.0,900.0,2026-01-26,cancelled
4224,264,Customer 264,Recife,PE,1,Notebook Pro,Computers,5,4500.0,22500.0,2026-07-08,completed
4225,486,Customer 486,Fortaleza,CE,10,Laptop Stand,Accessories,1,250.0,250.0,2026-07-09,completed
4226,477,Customer 477,Curitiba,PR,3,Monitor 27,Monitors,2,1200.0,2400.0,2026-07-05,completed
4227,465,Customer 465,Rio de Janeiro,RJ,10,Laptop Stand,Accessories,5,250.0,1250.0,2026-06-24,completed
4228,135,Customer 135,Belo Horizonte,MG,4,Mouse Wireless,Accessories,5,180.0,900.0,2026-03-28,completed
4229,455,Customer 455,Niterói,RJ,5,Headset Pro,Accessories,4,450.0,1800.0,2026-02-17,completed
4230,342,Customer 342,São Paulo,SP,6,SSD 1TB,Storage,5,700.0,3500.0,2026-03-02,completed
4231,126,Customer 126,Brasília,DF,4,Mouse Wireless,Accessories,1,180.0,180.0,2026-07-27,cancelled
4232,124,Customer 124,Rio de Janeiro,RJ,2,Keyboard Mechanical,Accessories,3,350.0,1050.0,2026-08-06,cancelled
4233,271,Customer 271,Porto Alegre,RS,7,Webcam Full HD,Accessories,1,300.0,300.0,2026-04-06,cancelled
4234,137,Customer 137,Salvador,BA,8,Tablet Pro,Tablets,4,2800.0,11200.0,2026-08-23,cancelled
4235,289,Customer 289,Brasília,DF,8,Tablet Pro,Tablets,3,2800.0,8400.0,2026-07-23,completed
4236,206,Customer 206,Fortaleza,CE,5,Headset Pro,Accessories,3,450.0,1350.0,2026-02-21,completed
4237,496,Customer 496,Belo Horizonte,MG,7,Webcam Full HD,Accessories,3,300.0,900.0,2026-05-25,completed
4238,439,Customer 439,Brasília,DF,7,Webcam Full HD,Accessories,4,300.0,1200.0,2026-08-27,cancelled
4239,305,Customer 305,Recife,PE,7,Webcam Full HD,Accessories,1,300.0,300.0,2026-04-21,completed
4240,464,Customer 464,Brasília,DF,3,Monitor 27,Monitors,1,1200.0,1200.0,2026-02-15,completed
4241,147,Customer 147,Salvador,BA,1,Notebook Pro,Computers,5,4500.0,22500.0,2026-06-28,completed
4242,294,Customer 294,Salvador,BA,10,Laptop Stand,Accessories,3,250.0,750.0,2026-05-11,completed
4243,418,Customer 418,Salvador,BA,3,Monitor 27,Monitors,4,1200.0,4800.0,2026-06-02,completed
4244,166,Customer 166,Salvador,BA,10,Laptop Stand,Accessories,4,250.0,1000.0,2026-04-12,completed
4245,433,Customer 433,Porto Alegre,RS,3,Monitor 27,Monitors,1,1200.0,1200.0,2026-08-07,completed
4246,7,Customer 7,Porto Alegre,RS,5,Headset Pro,Accessories,2,450.0,900.0,2026-03-03,completed
4247,398,Customer 398,Fortaleza,CE,2,Keyboard Mechanical,Accessories,3,350.0,1050.0,2026-02-16,completed
4248,63,Customer 63,Brasília,DF,1,Notebook Pro,Computers,3,4500.0,13500.0,2026-06-16,completed
4249,299,Customer 299,Belo Horizonte,MG,4,Mouse Wireless,Accessories,2,180.0,360.0,2026-04-17,completed
4250,155,Customer 155,Salvador,BA,5,Headset Pro,Accessories,2,450.0,900.0,2026-07-03,completed
4251,232,Customer 232,Fortaleza,CE,7,Webcam Full HD,Accessories,2,300.0,600.0,2026-06-18,completed
4252,116,Customer 116,Rio de Janeiro,RJ,1,Notebook Pro,Computers,1,4500.0,4500.0,2026-05-17,cancelled
4253,352,Customer 352,Rio de Janeiro,RJ,8,Tablet Pro,Tablets,5,2800.0,14000.0,2026-07-30,completed
4254,471,Customer 471,Niterói,RJ,3,Monitor 27,Monitors,1,1200.0,1200.0,2026-01-21,completed
4255,374,Customer 374,Recife,PE,8,Tablet Pro,Tablets,1,2800.0,2800.0,2026-08-23,completed
4256,144,Customer 144,Salvador,BA,3,Monitor 27,Monitors,2,1200.0,2400.0,2026-04-03,cancelled
4257,144,Customer 144,Niterói,RJ,7,Webcam Full HD,Accessories,5,300.0,1500.0,2026-07-24,completed
4258,133,Customer 133,Brasília,DF,8,Tablet Pro,Tablets,1,2800.0,2800.0,2026-01-29,completed
4259,100,Customer 100,Niterói,RJ,1,Notebook Pro,Computers,5,4500.0,22500.0,2026-04-16,completed
4260,449,Customer 449,Niterói,RJ,4,Mouse Wireless,Accessories,4,180.0,720.0,2026-04-29,completed
4261,68,Customer 68,Fortaleza,CE,7,Webcam Full HD,Accessories,4,300.0,1200.0,2026-06-24,completed
4262,209,Customer 209,Belo Horizonte,MG,4,Mouse Wireless,Accessories,4,180.0,720.0,2026-01-01,completed
4263,143,Customer 143,São Paulo,SP,1,Notebook Pro,Computers,3,4500.0,13500.0,2026-07-28,completed
4264,417,Customer 417,Porto Alegre,RS,9,External HD 2TB,Storage,1,500.0,500.0,2026-01-07,completed
4265,167,Customer 167,Recife,PE,1,Notebook Pro,Computers,1,4500.0,4500.0,2026-01-07,completed
4266,248,Customer 248,Niterói,RJ,3,Monitor 27,Monitors,1,1200.0,1200.0,2026-03-21,completed
4267,164,Customer 164,Porto Alegre,RS,4,Mouse Wireless,Accessories,1,180.0,180.0,2026-04-19,completed
4268,310,Customer 310,Brasília,DF,4,Mouse Wireless,Accessories,5,180.0,900.0,2026-06-27,completed
4269,394,Customer 394,Belo Horizonte,MG,7,Webcam Full HD,Accessories,5,300.0,1500.0,2026-07-26,cancelled
4270,356,Customer 356,Rio de Janeiro,RJ,8,Tablet Pro,Tablets,2,2800.0,5600.0,2026-08-21,completed
4271,102,Customer 102,Rio de Janeiro,RJ,4,Mouse Wireless,Accessories,4,180.0,720.0,2026-06-09,completed
4272,180,Customer 180,Niterói,RJ,9,External HD 2TB,Storage,4,500.0,2000.0,2026-02-15,cancelled
4273,14,Customer 14,Fortaleza,CE,3,Monitor 27,Monitors,5,1200.0,6000.0,2026-07-05,cancelled
4274,439,Customer 439,Porto Alegre,RS,4,Mouse Wireless,Accessories,3,180.0,540.0,2026-02-02,cancelled
4275,192,Customer 192,Fortaleza,CE,6,SSD 1TB,Storage,2,700.0,1400.0,2026-08-21,completed
4276,76,Customer 76,Niterói,RJ,3,Monitor 27,Monitors,4,1200.0,4800.0,2026-02-28,cancelled
4277,316,Customer 316,Belo Horizonte,MG,9,External HD 2TB,Storage,5,500.0,2500.0,2026-06-05,completed
4278,1,Customer 1,Brasília,DF,6,SSD 1TB,Storage,4,700.0,2800.0,2026-06-26,cancelled
4279,425,Customer 425,Belo Horizonte,MG,6,SSD 1TB,Storage,2,700.0,1400.0,2026-02-03,completed
4280,217,Customer 217,Curitiba,PR,2,Keyboard Mechanical,Accessories,5,350.0,1750.0,2026-03-31,completed
4281,241,Customer 241,Curitiba,PR,2,Keyboard Mechanical,Accessories,1,350.0,350.0,2026-05-22,completed
4282,24,Customer 24,Recife,PE,3,Monitor 27,Monitors,4,1200.0,4800.0,2026-06-05,completed
4283,404,Customer 404,Rio de Janeiro,RJ,9,External HD 2TB,Storage,2,500.0,1000.0,2026-08-01,completed
4284,196,Customer 196,São Paulo,SP,2,Keyboard Mechanical,Accessories,1,350.0,350.0,2026-05-06,completed
4285,80,Customer 80,Curitiba,PR,2,Keyboard Mechanical,Accessories,3,350.0,1050.0,2026-06-15,completed
4286,114,Customer 114,Recife,PE,9,External HD 2TB,Storage,2,500.0,1000.0,2026-06-30,completed
4287,494,Customer 494,Porto Alegre,RS,7,Webcam Full HD,Accessories,3,300.0,900.0,2026-05-17,completed
4288,400,Customer 400,Curitiba,PR,8,Tablet Pro,Tablets,2,2800.0,5600.0,2026-03-25,completed
4289,386,Customer 386,Brasília,DF,3,Monitor 27,Monitors,2,1200.0,2400.0,2026-02-23,completed
4290,354,Customer 354,Niterói,RJ,3,Monitor 27,Monitors,2,1200.0,2400.0,2026-08-24,cancelled
4291,261,Customer 261,São Paulo,SP,2,Keyboard Mechanical,Accessories,5,350.0,1750.0,2026-03-16,completed
4292,79,Customer 79,Salvador,BA,9,External HD 2TB,Storage,5,500.0,2500.0,2026-02-09,cancelled
4293,418,Customer 418,Niterói,RJ,3,Monitor 27,Monitors,3,1200.0,3600.0,2026-04-14,completed
4294,194,Customer 194,Niterói,RJ,10,Laptop Stand,Accessories,3,250.0,750.0,2026-02-24,completed
4295,336,Customer 336,São Paulo,SP,7,Webcam Full HD,Accessories,2,300.0,600.0,2026-08-02,cancelled
4296,405,Customer 405,Porto Alegre,RS,4,Mouse Wireless,Accessories,1,180.0,180.0,2026-08-07,cancelled
4297,59,Customer 59,Recife,PE,1,Notebook Pro,Computers,3,4500.0,13500.0,2026-04-12,cancelled
4298,407,Customer 407,Porto Alegre,RS,5,Headset Pro,Accessories,1,450.0,450.0,2026-07-31,completed
4299,4,Customer 4,Porto Alegre,RS,6,SSD 1TB,Storage,2,700.0,1400.0,2026-08-08,completed
4300,487,Customer 487,Brasília,DF,2,Keyboard Mechanical,Accessories,5,350.0,1750.0,2026-03-24,completed
4301,7,Customer 7,Rio de Janeiro,RJ,4,Mouse Wireless,Accessories,4,180.0,720.0,2026-02-14,completed
4302,339,Customer 339,São Paulo,SP,9,External HD 2TB,Storage,3,500.0,1500.0,2026-06-19,completed
4303,118,Customer 118,Fortaleza,CE,8,Tablet Pro,Tablets,3,2800.0,8400.0,2026-04-09,completed
4304,161,Customer 161,Brasília,DF,8,Tablet Pro,Tablets,1,2800.0,2800.0,2026-04-03,completed
4305,129,Customer 129,Fortaleza,CE,2,Keyboard Mechanical,Accessories,2,350.0,700.0,2026-08-28,cancelled
4306,338,Customer 338,Rio de Janeiro,RJ,6,SSD 1TB,Storage,1,700.0,700.0,2026-04-20,cancelled
4307,138,Customer 138,Rio de Janeiro,RJ,2,Keyboard Mechanical,Accessories,5,350.0,1750.0,2026-07-16,cancelled
4308,176,Customer 176,Salvador,BA,7,Webcam Full HD,Accessories,3,300.0,900.0,2026-01-05,completed
4309,478,Customer 478,Rio de Janeiro,RJ,10,Laptop Stand,Accessories,4,250.0,1000.0,2026-06-01,completed
4310,303,Customer 303,Salvador,BA,8,Tablet Pro,Tablets,5,2800.0,14000.0,2026-05-08,completed
4311,413,Customer 413,Niterói,RJ,1,Notebook Pro,Computers,4,4500.0,18000.0,2026-07-25,completed
4312,416,Customer 416,Niterói,RJ,1,Notebook Pro,Computers,3,4500.0,13500.0,2026-02-13,completed
4313,500,Customer 500,Niterói,RJ,1,Notebook Pro,Computers,1,4500.0,4500.0,2026-06-09,cancelled
4314,255,Customer 255,Rio de Janeiro,RJ,3,Monitor 27,Monitors,1,1200.0,1200.0,2026-02-08,completed
4315,38,Customer 38,Belo Horizonte,MG,10,Laptop Stand,Accessories,2,250.0,500.0,2026-07-12,cancelled
4316,221,Customer 221,Fortaleza,CE,7,Webcam Full HD,Accessories,4,300.0,1200.0,2026-05-17,completed
4317,332,Customer 332,Porto Alegre,RS,7,Webcam Full HD,Accessories,1,300.0,300.0,2026-05-25,completed
4318,243,Customer 243,Belo Horizonte,MG,2,Keyboard Mechanical,Accessories,2,350.0,700.0,2026-04-20,completed
4319,458,Customer 458,Porto Alegre,RS,4,Mouse Wireless,Accessories,1,180.0,180.0,2026-07-24,completed
4320,395,Customer 395,Niterói,RJ,3,Monitor 27,Monitors,4,1200.0,4800.0,2026-06-16,completed
4321,346,Customer 346,São Paulo,SP,8,Tablet Pro,Tablets,3,2800.0,8400.0,2026-06-28,completed
4322,494,Customer 494,Recife,PE,9,External HD 2TB,Storage,5,500.0,2500.0,2026-05-02,cancelled
4323,279,Customer 279,Curitiba,PR,6,SSD 1TB,Storage,2,700.0,1400.0,2026-08-04,cancelled
4324,480,Customer 480,Belo Horizonte,MG,10,Laptop Stand,Accessories,3,250.0,750.0,2026-02-21,completed
4325,309,Customer 309,Rio de Janeiro,RJ,7,Webcam Full HD,Accessories,3,300.0,900.0,2026-03-21,completed
4326,16,Customer 16,Recife,PE,10,Laptop Stand,Accessories,3,250.0,750.0,2026-02-16,completed
4327,64,Customer 64,Niterói,RJ,1,Notebook Pro,Computers,2,4500.0,9000.0,2026-01-31,completed
4328,36,Customer 36,Salvador,BA,1,Notebook Pro,Computers,3,4500.0,13500.0,2026-05-05,completed
4329,140,Customer 140,Brasília,DF,10,Laptop Stand,Accessories,4,250.0,1000.0,2026-07-24,completed
4330,246,Customer 246,São Paulo,SP,1,Notebook Pro,Computers,1,4500.0,4500.0,2026-02-05,completed
4331,496,Customer 496,Recife,PE,8,Tablet Pro,Tablets,4,2800.0,11200.0,2026-03-20,completed
4332,279,Customer 279,Curitiba,PR,8,Tablet Pro,Tablets,4,2800.0,11200.0,2026-03-18,completed
4333,230,Customer 230,Fortaleza,CE,8,Tablet Pro,Tablets,3,2800.0,8400.0,2026-08-15,completed
4334,215,Customer 215,Belo Horizonte,MG,7,Webcam Full HD,Accessories,3,300.0,900.0,2026-04-20,cancelled
4335,18,Customer 18,Brasília,DF,6,SSD 1TB,Storage,1,700.0,700.0,2026-01-06,completed
4336,126,Customer 126,Salvador,BA,6,SSD 1TB,Storage,2,700.0,1400.0,2026-05-01,completed
4337,20,Customer 20,Fortaleza,CE,7,Webcam Full HD,Accessories,3,300.0,900.0,2026-05-25,completed
4338,316,Customer 316,Niterói,RJ,8,Tablet Pro,Tablets,4,2800.0,11200.0,2026-01-21,completed
4339,452,Customer 452,Fortaleza,CE,6,SSD 1TB,Storage,2,700.0,1400.0,2026-05-26,cancelled
4340,195,Customer 195,Belo Horizonte,MG,6,SSD 1TB,Storage,2,700.0,1400.0,2026-01-13,cancelled
4341,190,Customer 190,Fortaleza,CE,8,Tablet Pro,Tablets,1,2800.0,2800.0,2026-02-15,completed
4342,180,Customer 180,Rio de Janeiro,RJ,3,Monitor 27,Monitors,5,1200.0,6000.0,2026-02-11,completed
4343,212,Customer 212,Belo Horizonte,MG,7,Webcam Full HD,Accessories,3,300.0,900.0,2026-03-02,completed
4344,437,Customer 437,Salvador,BA,10,Laptop Stand,Accessories,3,250.0,750.0,2026-08-23,completed
4345,318,Customer 318,Recife,PE,10,Laptop Stand,Accessories,3,250.0,750.0,2026-06-06,completed
4346,179,Customer 179,Brasília,DF,7,Webcam Full HD,Accessories,4,300.0,1200.0,2026-03-05,completed
4347,498,Customer 498,Salvador,BA,5,Headset Pro,Accessories,3,450.0,1350.0,2026-07-10,completed
4348,158,Customer 158,Brasília,DF,2,Keyboard Mechanical,Accessories,3,350.0,1050.0,2026-06-06,completed
4349,203,Customer 203,Fortaleza,CE,10,Laptop Stand,Accessories,5,250.0,1250.0,2026-03-04,completed
4350,125,Customer 125,Brasília,DF,5,Headset Pro,Accessories,5,450.0,2250.0,2026-04-26,completed
4351,116,Customer 116,Fortaleza,CE,5,Headset Pro,Accessories,4,450.0,1800.0,2026-03-09,completed
4352,270,Customer 270,Recife,PE,3,Monitor 27,Monitors,2,1200.0,2400.0,2026-02-27,completed
4353,304,Customer 304,Salvador,BA,9,External HD 2TB,Storage,4,500.0,2000.0,2026-02-02,completed
4354,371,Customer 371,Porto Alegre,RS,4,Mouse Wireless,Accessories,5,180.0,900.0,2026-06-21,completed
4355,329,Customer 329,Recife,PE,10,Laptop Stand,Accessories,3,250.0,750.0,2026-01-26,completed
4356,81,Customer 81,Rio de Janeiro,RJ,1,Notebook Pro,Computers,5,4500.0,22500.0,2026-04-25,completed
4357,32,Customer 32,Niterói,RJ,2,Keyboard Mechanical,Accessories,4,350.0,1400.0,2026-07-14,completed
4358,246,Customer 246,Salvador,BA,5,Headset Pro,Accessories,5,450.0,2250.0,2026-03-31,completed
4359,147,Customer 147,Curitiba,PR,6,SSD 1TB,Storage,3,700.0,2100.0,2026-05-01,completed
4360,68,Customer 68,Niterói,RJ,1,Notebook Pro,Computers,2,4500.0,9000.0,2026-01-03,completed
4361,155,Customer 155,Brasília,DF,10,Laptop Stand,Accessories,4,250.0,1000.0,2026-08-06,completed
4362,196,Customer 196,Rio de Janeiro,RJ,3,Monitor 27,Monitors,5,1200.0,6000.0,2026-02-27,completed
4363,28,Customer 28,São Paulo,SP,3,Monitor 27,Monitors,3,1200.0,3600.0,2026-01-28,completed
4364,399,Customer 399,Rio de Janeiro,RJ,4,Mouse Wireless,Accessories,4,180.0,720.0,2026-03-27,completed
4365,443,Customer 443,Salvador,BA,9,External HD 2TB,Storage,5,500.0,2500.0,2026-04-11,completed
4366,170,Customer 170,Fortaleza,CE,6,SSD 1TB,Storage,4,700.0,2800.0,2026-01-01,completed
4367,482,Customer 482,Curitiba,PR,2,Keyboard Mechanical,Accessories,5,350.0,1750.0,2026-06-06,completed
4368,484,Customer 484,Rio de Janeiro,RJ,5,Headset Pro,Accessories,3,450.0,1350.0,2026-05-22,completed
4369,97,Customer 97,Brasília,DF,6,SSD 1TB,Storage,4,700.0,2800.0,2026-04-10,completed
4370,44,Customer 44,Rio de Janeiro,RJ,4,Mouse Wireless,Accessories,5,180.0,900.0,2026-05-21,completed
4371,25,Customer 25,Belo Horizonte,MG,5,Headset Pro,Accessories,2,450.0,900.0,2026-02-18,completed
4372,81,Customer 81,Niterói,RJ,1,Notebook Pro,Computers,2,4500.0,9000.0,2026-02-19,completed
4373,235,Customer 235,Brasília,DF,3,Monitor 27,Monitors,3,1200.0,3600.0,2026-04-15,completed
4374,336,Customer 336,Rio de Janeiro,RJ,1,Notebook Pro,Computers,3,4500.0,13500.0,2026-03-01,cancelled
4375,231,Customer 231,Fortaleza,CE,7,Webcam Full HD,Accessories,5,300.0,1500.0,2026-07-09,cancelled
4376,346,Customer 346,Curitiba,PR,9,External HD 2TB,Storage,1,500.0,500.0,2026-01-09,completed
4377,406,Customer 406,Salvador,BA,3,Monitor 27,Monitors,5,1200.0,6000.0,2026-08-09,completed
4378,196,Customer 196,Fortaleza,CE,1,Notebook Pro,Computers,2,4500.0,9000.0,2026-08-15,cancelled
4379,46,Customer 46,Porto Alegre,RS,8,Tablet Pro,Tablets,3,2800.0,8400.0,2026-01-17,completed
4380,135,Customer 135,Belo Horizonte,MG,1,Notebook Pro,Computers,3,4500.0,13500.0,2026-02-23,completed
4381,30,Customer 30,Niterói,RJ,4,Mouse Wireless,Accessories,5,180.0,900.0,2026-07-23,completed
4382,485,Customer 485,São Paulo,SP,3,Monitor 27,Monitors,2,1200.0,2400.0,2026-07-28,completed
4383,313,Customer 313,Brasília,DF,7,Webcam Full HD,Accessories,4,300.0,1200.0,2026-03-28,completed
4384,230,Customer 230,Salvador,BA,3,Monitor 27,Monitors,2,1200.0,2400.0,2026-02-21,completed
4385,267,Customer 267,Niterói,RJ,10,Laptop Stand,Accessories,2,250.0,500.0,2026-01-03,completed
4386,9,Customer 9,Niterói,RJ,6,SSD 1TB,Storage,4,700.0,2800.0,2026-05-27,completed
4387,111,Customer 111,Belo Horizonte,MG,1,Notebook Pro,Computers,2,4500.0,9000.0,2026-01-06,completed
4388,102,Customer 102,Brasília,DF,7,Webcam Full HD,Accessories,4,300.0,1200.0,2026-04-23,completed
4389,376,Customer 376,Rio de Janeiro,RJ,7,Webcam Full HD,Accessories,4,300.0,1200.0,2026-04-04,completed
4390,225,Customer 225,Curitiba,PR,3,Monitor 27,Monitors,4,1200.0,4800.0,2026-06-06,completed
4391,178,Customer 178,Salvador,BA,4,Mouse Wireless,Accessories,1,180.0,180.0,2026-02-14,completed
4392,329,Customer 329,Salvador,BA,4,Mouse Wireless,Accessories,1,180.0,180.0,2026-01-21,completed
4393,467,Customer 467,Belo Horizonte,MG,10,Laptop Stand,Accessories,5,250.0,1250.0,2026-07-17,completed
4394,418,Customer 418,Porto Alegre,RS,3,Monitor 27,Monitors,2,1200.0,2400.0,2026-01-08,completed
4395,139,Customer 139,Niterói,RJ,1,Notebook Pro,Computers,2,4500.0,9000.0,2026-05-19,completed
4396,235,Customer 235,Rio de Janeiro,RJ,10,Laptop Stand,Accessories,1,250.0,250.0,2026-01-24,completed
4397,368,Customer 368,Niterói,RJ,3,Monitor 27,Monitors,2,1200.0,2400.0,2026-03-16,completed
4398,452,Customer 452,Salvador,BA,1,Notebook Pro,Computers,4,4500.0,18000.0,2026-07-28,cancelled
4399,212,Customer 212,Brasília,DF,9,External HD 2TB,Storage,4,500.0,2000.0,2026-07-06,completed
4400,426,Customer 426,Porto Alegre,RS,8,Tablet Pro,Tablets,3,2800.0,8400.0,2026-07-31,completed
4401,212,Customer 212,Rio de Janeiro,RJ,10,Laptop Stand,Accessories,5,250.0,1250.0,2026-08-28,completed
4402,474,Customer 474,Brasília,DF,1,Notebook Pro,Computers,4,4500.0,18000.0,2026-04-03,cancelled
4403,278,Customer 278,Belo Horizonte,MG,9,External HD 2TB,Storage,4,500.0,2000.0,2026-02-09,cancelled
4404,241,Customer 241,Niterói,RJ,6,SSD 1TB,Storage,5,700.0,3500.0,2026-08-12,completed
4405,93,Customer 93,Niterói,RJ,6,SSD 1TB,Storage,5,700.0,3500.0,2026-01-11,completed
4406,401,Customer 401,Salvador,BA,7,Webcam Full HD,Accessories,4,300.0,1200.0,2026-07-14,completed
4407,145,Customer 145,Brasília,DF,9,External HD 2TB,Storage,2,500.0,1000.0,2026-03-05,completed
4408,128,Customer 128,Belo Horizonte,MG,8,Tablet Pro,Tablets,5,2800.0,14000.0,2026-07-16,completed
4409,407,Customer 407,Niterói,RJ,2,Keyboard Mechanical,Accessories,2,350.0,700.0,2026-01-22,completed
4410,25,Customer 25,Rio de Janeiro,RJ,9,External HD 2TB,Storage,4,500.0,2000.0,2026-05-12,completed
4411,121,Customer 121,Salvador,BA,9,External HD 2TB,Storage,4,500.0,2000.0,2026-07-26,cancelled
4412,315,Customer 315,São Paulo,SP,2,Keyboard Mechanical,Accessories,4,350.0,1400.0,2026-08-07,completed
4413,442,Customer 442,Porto Alegre,RS,5,Headset Pro,Accessories,1,450.0,450.0,2026-07-24,cancelled
4414,478,Customer 478,Belo Horizonte,MG,10,Laptop Stand,Accessories,2,250.0,500.0,2026-04-01,completed
4415,301,Customer 301,Fortaleza,CE,10,Laptop Stand,Accessories,3,250.0,750.0,2026-06-27,completed
4416,92,Customer 92,Fortaleza,CE,6,SSD 1TB,Storage,1,700.0,700.0,2026-05-07,completed
4417,89,Customer 89,Niterói,RJ,3,Monitor 27,Monitors,4,1200.0,4800.0,2026-04-10,cancelled
4418,131,Customer 131,Belo Horizonte,MG,4,Mouse Wireless,Accessories,5,180.0,900.0,2026-04-27,completed
4419,84,Customer 84,São Paulo,SP,6,SSD 1TB,Storage,3,700.0,2100.0,2026-02-08,completed
4420,58,Customer 58,Curitiba,PR,3,Monitor 27,Monitors,4,1200.0,4800.0,2026-06-23,completed
4421,351,Customer 351,Brasília,DF,10,Laptop Stand,Accessories,4,250.0,1000.0,2026-08-06,completed
4422,466,Customer 466,Belo Horizonte,MG,1,Notebook Pro,Computers,5,4500.0,22500.0,2026-07-29,completed
4423,104,Customer 104,Brasília,DF,5,Headset Pro,Accessories,3,450.0,1350.0,2026-04-24,completed
4424,157,Customer 157,Recife,PE,9,External HD 2TB,Storage,4,500.0,2000.0,2026-05-11,completed
4425,298,Customer 298,Salvador,BA,1,Notebook Pro,Computers,3,4500.0,13500.0,2026-04-29,completed
4426,412,Customer 412,Niterói,RJ,1,Notebook Pro,Computers,3,4500.0,13500.0,2026-06-07,cancelled
4427,194,Customer 194,Recife,PE,6,SSD 1TB,Storage,1,700.0,700.0,2026-06-06,completed
4428,98,Customer 98,Porto Alegre,RS,8,Tablet Pro,Tablets,3,2800.0,8400.0,2026-06-09,cancelled
4429,463,Customer 463,Niterói,RJ,7,Webcam Full HD,Accessories,4,300.0,1200.0,2026-06-12,cancelled
4430,108,Customer 108,Niterói,RJ,10,Laptop Stand,Accessories,3,250.0,750.0,2026-04-17,completed
4431,138,Customer 138,Niterói,RJ,8,Tablet Pro,Tablets,4,2800.0,11200.0,2026-05-02,completed
4432,407,Customer 407,Niterói,RJ,3,Monitor 27,Monitors,3,1200.0,3600.0,2026-05-26,completed
4433,9,Customer 9,Curitiba,PR,2,Keyboard Mechanical,Accessories,4,350.0,1400.0,2026-03-31,completed
4434,43,Customer 43,Niterói,RJ,10,Laptop Stand,Accessories,2,250.0,500.0,2026-01-08,cancelled
4435,189,Customer 189,Fortaleza,CE,3,Monitor 27,Monitors,2,1200.0,2400.0,2026-06-01,completed
4436,60,Customer 60,Rio de Janeiro,RJ,6,SSD 1TB,Storage,4,700.0,2800.0,2026-02-25,completed
4437,78,Customer 78,Fortaleza,CE,6,SSD 1TB,Storage,3,700.0,2100.0,2026-07-13,cancelled
4438,359,Customer 359,Fortaleza,CE,7,Webcam Full HD,Accessories,2,300.0,600.0,2026-04-22,completed
4439,238,Customer 238,Niterói,RJ,7,Webcam Full HD,Accessories,2,300.0,600.0,2026-07-31,completed
4440,371,Customer 371,Brasília,DF,3,Monitor 27,Monitors,1,1200.0,1200.0,2026-04-21,completed
4441,39,Customer 39,Salvador,BA,5,Headset Pro,Accessories,5,450.0,2250.0,2026-05-12,completed
4442,331,Customer 331,Recife,PE,6,SSD 1TB,Storage,1,700.0,700.0,2026-02-19,completed
4443,371,Customer 371,Rio de Janeiro,RJ,4,Mouse Wireless,Accessories,5,180.0,900.0,2026-07-14,completed
4444,23,Customer 23,Brasília,DF,10,Laptop Stand,Accessories,5,250.0,1250.0,2026-08-07,completed
4445,361,Customer 361,Niterói,RJ,2,Keyboard Mechanical,Accessories,1,350.0,350.0,2026-02-15,completed
4446,49,Customer 49,Niterói,RJ,2,Keyboard Mechanical,Accessories,3,350.0,1050.0,2026-07-11,completed
4447,262,Customer 262,Rio de Janeiro,RJ,6,SSD 1TB,Storage,5,700.0,3500.0,2026-02-09,completed
4448,279,Customer 279,Curitiba,PR,9,External HD 2TB,Storage,4,500.0,2000.0,2026-04-13,completed
4449,458,Customer 458,São Paulo,SP,2,Keyboard Mechanical,Accessories,5,350.0,1750.0,2026-01-29,completed
4450,168,Customer 168,Brasília,DF,9,External HD 2TB,Storage,5,500.0,2500.0,2026-01-15,completed
4451,159,Customer 159,Brasília,DF,3,Monitor 27,Monitors,1,1200.0,1200.0,2026-01-11,completed
4452,91,Customer 91,Fortaleza,CE,9,External HD 2TB,Storage,4,500.0,2000.0,2026-04-24,cancelled
4453,269,Customer 269,Porto Alegre,RS,4,Mouse Wireless,Accessories,3,180.0,540.0,2026-05-14,completed
4454,398,Customer 398,Curitiba,PR,7,Webcam Full HD,Accessories,3,300.0,900.0,2026-08-11,completed
4455,384,Customer 384,Brasília,DF,2,Keyboard Mechanical,Accessories,5,350.0,1750.0,2026-04-22,cancelled
4456,67,Customer 67,Belo Horizonte,MG,5,Headset Pro,Accessories,2,450.0,900.0,2026-01-29,completed
4457,73,Customer 73,Curitiba,PR,3,Monitor 27,Monitors,2,1200.0,2400.0,2026-01-20,completed
4458,94,Customer 94,São Paulo,SP,5,Headset Pro,Accessories,1,450.0,450.0,2026-01-12,completed
4459,84,Customer 84,Fortaleza,CE,5,Headset Pro,Accessories,5,450.0,2250.0,2026-02-25,completed
4460,145,Customer 145,Porto Alegre,RS,9,External HD 2TB,Storage,5,500.0,2500.0,2026-07-17,cancelled
4461,444,Customer 444,Rio de Janeiro,RJ,2,Keyboard Mechanical,Accessories,4,350.0,1400.0,2026-08-09,completed
4462,229,Customer 229,Niterói,RJ,7,Webcam Full HD,Accessories,5,300.0,1500.0,2026-06-06,completed
4463,314,Customer 314,Brasília,DF,10,Laptop Stand,Accessories,5,250.0,1250.0,2026-01-25,cancelled
4464,83,Customer 83,Recife,PE,4,Mouse Wireless,Accessories,1,180.0,180.0,2026-07-08,completed
4465,11,Customer 11,São Paulo,SP,4,Mouse Wireless,Accessories,4,180.0,720.0,2026-04-19,completed
4466,11,Customer 11,Niterói,RJ,1,Notebook Pro,Computers,1,4500.0,4500.0,2026-01-02,completed
4467,480,Customer 480,Belo Horizonte,MG,3,Monitor 27,Monitors,5,1200.0,6000.0,2026-03-28,completed
4468,279,Customer 279,Curitiba,PR,4,Mouse Wireless,Accessories,1,180.0,180.0,2026-01-01,completed
4469,324,Customer 324,São Paulo,SP,6,SSD 1TB,Storage,2,700.0,1400.0,2026-03-11,completed
4470,454,Customer 454,Recife,PE,4,Mouse Wireless,Accessories,5,180.0,900.0,2026-07-01,completed
4471,479,Customer 479,Salvador,BA,9,External HD 2TB,Storage,2,500.0,1000.0,2026-08-25,completed
4472,432,Customer 432,Fortaleza,CE,3,Monitor 27,Monitors,5,1200.0,6000.0,2026-07-16,completed
4473,32,Customer 32,São Paulo,SP,8,Tablet Pro,Tablets,4,2800.0,11200.0,2026-05-17,cancelled
4474,222,Customer 222,Niterói,RJ,8,Tablet Pro,Tablets,4,2800.0,11200.0,2026-08-27,completed
4475,440,Customer 440,Belo Horizonte,MG,3,Monitor 27,Monitors,5,1200.0,6000.0,2026-08-16,completed
4476,452,Customer 452,Recife,PE,10,Laptop Stand,Accessories,4,250.0,1000.0,2026-06-22,completed
4477,110,Customer 110,Porto Alegre,RS,7,Webcam Full HD,Accessories,1,300.0,300.0,2026-05-10,completed
4478,326,Customer 326,Rio de Janeiro,RJ,9,External HD 2TB,Storage,4,500.0,2000.0,2026-02-15,completed
4479,233,Customer 233,Rio de Janeiro,RJ,4,Mouse Wireless,Accessories,4,180.0,720.0,2026-05-22,completed
4480,495,Customer 495,Rio de Janeiro,RJ,1,Notebook Pro,Computers,1,4500.0,4500.0,2026-02-18,completed
4481,340,Customer 340,Recife,PE,3,Monitor 27,Monitors,2,1200.0,2400.0,2026-08-19,completed
4482,368,Customer 368,Fortaleza,CE,3,Monitor 27,Monitors,1,1200.0,1200.0,2026-06-22,completed
4483,435,Customer 435,Recife,PE,4,Mouse Wireless,Accessories,3,180.0,540.0,2026-08-18,completed
4484,237,Customer 237,Fortaleza,CE,2,Keyboard Mechanical,Accessories,5,350.0,1750.0,2026-05-03,completed
4485,363,Customer 363,São Paulo,SP,7,Webcam Full HD,Accessories,4,300.0,1200.0,2026-05-07,completed
4486,49,Customer 49,São Paulo,SP,7,Webcam Full HD,Accessories,3,300.0,900.0,2026-07-31,completed
4487,86,Customer 86,São Paulo,SP,9,External HD 2TB,Storage,5,500.0,2500.0,2026-01-26,cancelled
4488,417,Customer 417,Brasília,DF,4,Mouse Wireless,Accessories,1,180.0,180.0,2026-06-09,completed
4489,240,Customer 240,Fortaleza,CE,8,Tablet Pro,Tablets,4,2800.0,11200.0,2026-01-30,completed
4490,471,Customer 471,Recife,PE,2,Keyboard Mechanical,Accessories,3,350.0,1050.0,2026-06-01,completed
4491,297,Customer 297,Recife,PE,4,Mouse Wireless,Accessories,5,180.0,900.0,2026-06-27,completed
4492,180,Customer 180,Porto Alegre,RS,3,Monitor 27,Monitors,1,1200.0,1200.0,2026-07-03,cancelled
4493,78,Customer 78,Curitiba,PR,7,Webcam Full HD,Accessories,3,300.0,900.0,2026-06-28,completed
4494,274,Customer 274,Curitiba,PR,3,Monitor 27,Monitors,5,1200.0,6000.0,2026-08-11,completed
4495,295,Customer 295,Rio de Janeiro,RJ,3,Monitor 27,Monitors,3,1200.0,3600.0,2026-04-25,completed
4496,158,Customer 158,Fortaleza,CE,9,External HD 2TB,Storage,5,500.0,2500.0,2026-05-25,completed
4497,176,Customer 176,Salvador,BA,4,Mouse Wireless,Accessories,5,180.0,900.0,2026-03-11,cancelled
4498,223,Customer 223,São Paulo,SP,8,Tablet Pro,Tablets,3,2800.0,8400.0,2026-08-15,completed
4499,297,Customer 297,Fortaleza,CE,1,Notebook Pro,Computers,4,4500.0,18000.0,2026-03-10,cancelled
4500,244,Customer 244,Niterói,RJ,10,Laptop Stand,Accessories,4,250.0,1000.0,2026-04-19,completed
4501,156,Customer 156,Rio de Janeiro,RJ,8,Tablet Pro,Tablets,5,2800.0,14000.0,2026-06-08,completed
4502,249,Customer 249,São Paulo,SP,9,External HD 2TB,Storage,1,500.0,500.0,2026-05-22,completed
4503,235,Customer 235,Brasília,DF,8,Tablet Pro,Tablets,3,2800.0,8400.0,2026-05-24,completed
4504,352,Customer 352,Fortaleza,CE,10,Laptop Stand,Accessories,3,250.0,750.0,2026-04-14,completed
4505,39,Customer 39,Recife,PE,4,Mouse Wireless,Accessories,5,180.0,900.0,2026-07-25,completed
4506,434,Customer 434,Brasília,DF,2,Keyboard Mechanical,Accessories,4,350.0,1400.0,2026-04-29,completed
4507,148,Customer 148,Porto Alegre,RS,9,External HD 2TB,Storage,3,500.0,1500.0,2026-02-22,completed
4508,376,Customer 376,Fortaleza,CE,9,External HD 2TB,Storage,5,500.0,2500.0,2026-01-28,completed
4509,150,Customer 150,Fortaleza,CE,9,External HD 2TB,Storage,1,500.0,500.0,2026-03-09,completed
4510,162,Customer 162,São Paulo,SP,10,Laptop Stand,Accessories,2,250.0,500.0,2026-06-19,cancelled
4511,264,Customer 264,Curitiba,PR,1,Notebook Pro,Computers,3,4500.0,13500.0,2026-02-13,completed
4512,428,Customer 428,São Paulo,SP,3,Monitor 27,Monitors,4,1200.0,4800.0,2026-02-05,completed
4513,21,Customer 21,Curitiba,PR,7,Webcam Full HD,Accessories,3,300.0,900.0,2026-05-22,completed
4514,462,Customer 462,São Paulo,SP,1,Notebook Pro,Computers,5,4500.0,22500.0,2026-02-15,completed
4515,274,Customer 274,Brasília,DF,6,SSD 1TB,Storage,5,700.0,3500.0,2026-01-27,completed
4516,1,Customer 1,Recife,PE,9,External HD 2TB,Storage,5,500.0,2500.0,2026-05-23,completed
4517,448,Customer 448,São Paulo,SP,6,SSD 1TB,Storage,4,700.0,2800.0,2026-03-20,cancelled
4518,418,Customer 418,Recife,PE,9,External HD 2TB,Storage,2,500.0,1000.0,2026-06-08,completed
4519,378,Customer 378,Porto Alegre,RS,5,Headset Pro,Accessories,1,450.0,450.0,2026-05-22,completed
4520,213,Customer 213,Belo Horizonte,MG,1,Notebook Pro,Computers,2,4500.0,9000.0,2026-08-25,completed
4521,404,Customer 404,Salvador,BA,1,Notebook Pro,Computers,1,4500.0,4500.0,2026-01-01,completed
4522,24,Customer 24,Salvador,BA,7,Webcam Full HD,Accessories,4,300.0,1200.0,2026-01-27,completed
4523,455,Customer 455,Fortaleza,CE,6,SSD 1TB,Storage,2,700.0,1400.0,2026-01-05,completed
4524,199,Customer 199,Brasília,DF,2,Keyboard Mechanical,Accessories,5,350.0,1750.0,2026-03-08,completed
4525,99,Customer 99,Porto Alegre,RS,9,External HD 2TB,Storage,3,500.0,1500.0,2026-04-21,completed
4526,292,Customer 292,São Paulo,SP,9,External HD 2TB,Storage,4,500.0,2000.0,2026-08-22,cancelled
4527,468,Customer 468,São Paulo,SP,2,Keyboard Mechanical,Accessories,5,350.0,1750.0,2026-05-01,completed
4528,213,Customer 213,São Paulo,SP,1,Notebook Pro,Computers,1,4500.0,4500.0,2026-06-11,completed
4529,219,Customer 219,Salvador,BA,2,Keyboard Mechanical,Accessories,1,350.0,350.0,2026-03-01,completed
4530,471,Customer 471,Brasília,DF,5,Headset Pro,Accessories,3,450.0,1350.0,2026-02-03,completed
4531,305,Customer 305,São Paulo,SP,7,Webcam Full HD,Accessories,4,300.0,1200.0,2026-03-12,cancelled
4532,176,Customer 176,Curitiba,PR,9,External HD 2TB,Storage,4,500.0,2000.0,2026-07-29,completed
4533,85,Customer 85,Brasília,DF,1,Notebook Pro,Computers,4,4500.0,18000.0,2026-02-06,completed
4534,60,Customer 60,Salvador,BA,6,SSD 1TB,Storage,5,700.0,3500.0,2026-06-02,completed
4535,447,Customer 447,Porto Alegre,RS,3,Monitor 27,Monitors,3,1200.0,3600.0,2026-08-27,completed
4536,394,Customer 394,Niterói,RJ,3,Monitor 27,Monitors,2,1200.0,2400.0,2026-02-01,completed
4537,5,Customer 5,Salvador,BA,4,Mouse Wireless,Accessories,2,180.0,360.0,2026-08-27,cancelled
4538,332,Customer 332,Brasília,DF,8,Tablet Pro,Tablets,1,2800.0,2800.0,2026-03-08,completed
4539,158,Customer 158,Porto Alegre,RS,7,Webcam Full HD,Accessories,3,300.0,900.0,2026-05-19,completed
4540,351,Customer 351,Salvador,BA,6,SSD 1TB,Storage,5,700.0,3500.0,2026-02-27,completed
4541,224,Customer 224,Salvador,BA,3,Monitor 27,Monitors,1,1200.0,1200.0,2026-08-06,completed
4542,274,Customer 274,Belo Horizonte,MG,6,SSD 1TB,Storage,1,700.0,700.0,2026-05-06,completed
4543,497,Customer 497,Niterói,RJ,5,Headset Pro,Accessories,3,450.0,1350.0,2026-07-06,completed
4544,112,Customer 112,Rio de Janeiro,RJ,3,Monitor 27,Monitors,5,1200.0,6000.0,2026-01-15,completed
4545,380,Customer 380,Belo Horizonte,MG,7,Webcam Full HD,Accessories,2,300.0,600.0,2026-06-18,completed
4546,485,Customer 485,Rio de Janeiro,RJ,2,Keyboard Mechanical,Accessories,4,350.0,1400.0,2026-03-02,cancelled
4547,74,Customer 74,Porto Alegre,RS,8,Tablet Pro,Tablets,2,2800.0,5600.0,2026-04-19,completed
4548,275,Customer 275,Recife,PE,4,Mouse Wireless,Accessories,5,180.0,900.0,2026-03-30,completed
4549,165,Customer 165,Salvador,BA,9,External HD 2TB,Storage,3,500.0,1500.0,2026-02-13,completed
4550,300,Customer 300,Brasília,DF,3,Monitor 27,Monitors,3,1200.0,3600.0,2026-02-05,cancelled
4551,440,Customer 440,Salvador,BA,2,Keyboard Mechanical,Accessories,4,350.0,1400.0,2026-01-30,completed
4552,168,Customer 168,Porto Alegre,RS,6,SSD 1TB,Storage,5,700.0,3500.0,2026-01-22,completed
4553,35,Customer 35,São Paulo,SP,6,SSD 1TB,Storage,1,700.0,700.0,2026-05-16,cancelled
4554,25,Customer 25,Salvador,BA,5,Headset Pro,Accessories,5,450.0,2250.0,2026-01-24,completed
4555,230,Customer 230,Porto Alegre,RS,5,Headset Pro,Accessories,3,450.0,1350.0,2026-05-01,completed
4556,392,Customer 392,Salvador,BA,4,Mouse Wireless,Accessories,3,180.0,540.0,2026-07-17,completed
4557,153,Customer 153,Porto Alegre,RS,9,External HD 2TB,Storage,3,500.0,1500.0,2026-01-29,completed
4558,61,Customer 61,Salvador,BA,10,Laptop Stand,Accessories,3,250.0,750.0,2026-06-29,completed
4559,236,Customer 236,Belo Horizonte,MG,5,Headset Pro,Accessories,3,450.0,1350.0,2026-08-05,completed
4560,105,Customer 105,São Paulo,SP,6,SSD 1TB,Storage,2,700.0,1400.0,2026-05-06,completed
4561,274,Customer 274,São Paulo,SP,4,Mouse Wireless,Accessories,2,180.0,360.0,2026-02-01,completed
4562,112,Customer 112,Curitiba,PR,2,Keyboard Mechanical,Accessories,1,350.0,350.0,2026-06-26,completed
4563,123,Customer 123,Recife,PE,10,Laptop Stand,Accessories,2,250.0,500.0,2026-04-20,completed
4564,263,Customer 263,Porto Alegre,RS,9,External HD 2TB,Storage,5,500.0,2500.0,2026-08-16,completed
4565,416,Customer 416,Recife,PE,2,Keyboard Mechanical,Accessories,3,350.0,1050.0,2026-07-23,completed
4566,246,Customer 246,Recife,PE,8,Tablet Pro,Tablets,2,2800.0,5600.0,2026-01-03,completed
4567,424,Customer 424,Recife,PE,7,Webcam Full HD,Accessories,2,300.0,600.0,2026-03-22,cancelled
4568,33,Customer 33,Salvador,BA,3,Monitor 27,Monitors,1,1200.0,1200.0,2026-04-24,cancelled
4569,157,Customer 157,Curitiba,PR,6,SSD 1TB,Storage,2,700.0,1400.0,2026-08-26,completed
4570,374,Customer 374,Belo Horizonte,MG,8,Tablet Pro,Tablets,5,2800.0,14000.0,2026-01-13,completed
4571,263,Customer 263,Fortaleza,CE,2,Keyboard Mechanical,Accessories,3,350.0,1050.0,2026-04-19,cancelled
4572,245,Customer 245,Belo Horizonte,MG,5,Headset Pro,Accessories,3,450.0,1350.0,2026-08-11,completed
4573,255,Customer 255,Rio de Janeiro,RJ,8,Tablet Pro,Tablets,4,2800.0,11200.0,2026-07-10,completed
4574,478,Customer 478,Niterói,RJ,10,Laptop Stand,Accessories,4,250.0,1000.0,2026-05-31,completed
4575,159,Customer 159,Belo Horizonte,MG,4,Mouse Wireless,Accessories,4,180.0,720.0,2026-02-04,completed
4576,310,Customer 310,Fortaleza,CE,5,Headset Pro,Accessories,4,450.0,1800.0,2026-06-11,completed
4577,135,Customer 135,Salvador,BA,1,Notebook Pro,Computers,5,4500.0,22500.0,2026-05-31,completed
4578,300,Customer 300,São Paulo,SP,1,Notebook Pro,Computers,1,4500.0,4500.0,2026-01-13,completed
4579,305,Customer 305,Recife,PE,6,SSD 1TB,Storage,4,700.0,2800.0,2026-02-28,completed
4580,9,Customer 9,Recife,PE,4,Mouse Wireless,Accessories,3,180.0,540.0,2026-02-11,completed
4581,361,Customer 361,Rio de Janeiro,RJ,9,External HD 2TB,Storage,5,500.0,2500.0,2026-04-15,cancelled
4582,268,Customer 268,Brasília,DF,5,Headset Pro,Accessories,2,450.0,900.0,2026-06-16,completed
4583,200,Customer 200,Brasília,DF,9,External HD 2TB,Storage,5,500.0,2500.0,2026-03-18,completed
4584,385,Customer 385,Fortaleza,CE,8,Tablet Pro,Tablets,5,2800.0,14000.0,2026-04-05,completed
4585,88,Customer 88,Recife,PE,6,SSD 1TB,Storage,4,700.0,2800.0,2026-03-26,cancelled
4586,364,Customer 364,Fortaleza,CE,6,SSD 1TB,Storage,5,700.0,3500.0,2026-02-02,completed
4587,380,Customer 380,Rio de Janeiro,RJ,10,Laptop Stand,Accessories,1,250.0,250.0,2026-02-15,completed
4588,37,Customer 37,Porto Alegre,RS,10,Laptop Stand,Accessories,4,250.0,1000.0,2026-07-07,completed
4589,312,Customer 312,Rio de Janeiro,RJ,3,Monitor 27,Monitors,3,1200.0,3600.0,2026-05-16,completed
4590,97,Customer 97,Fortaleza,CE,8,Tablet Pro,Tablets,1,2800.0,2800.0,2026-04-29,completed
4591,475,Customer 475,Salvador,BA,10,Laptop Stand,Accessories,5,250.0,1250.0,2026-03-18,completed
4592,474,Customer 474,Salvador,BA,2,Keyboard Mechanical,Accessories,3,350.0,1050.0,2026-07-23,completed
4593,218,Customer 218,Porto Alegre,RS,3,Monitor 27,Monitors,5,1200.0,6000.0,2026-04-11,completed
4594,54,Customer 54,Rio de Janeiro,RJ,3,Monitor 27,Monitors,2,1200.0,2400.0,2026-06-13,completed
4595,108,Customer 108,Recife,PE,9,External HD 2TB,Storage,3,500.0,1500.0,2026-07-12,completed
4596,435,Customer 435,Recife,PE,2,Keyboard Mechanical,Accessories,1,350.0,350.0,2026-05-28,completed
4597,313,Customer 313,Porto Alegre,RS,9,External HD 2TB,Storage,1,500.0,500.0,2026-03-12,completed
4598,296,Customer 296,São Paulo,SP,1,Notebook Pro,Computers,5,4500.0,22500.0,2026-06-18,cancelled
4599,294,Customer 294,Niterói,RJ,2,Keyboard Mechanical,Accessories,4,350.0,1400.0,2026-04-30,completed
4600,25,Customer 25,Salvador,BA,6,SSD 1TB,Storage,2,700.0,1400.0,2026-05-24,completed
4601,474,Customer 474,Curitiba,PR,10,Laptop Stand,Accessories,2,250.0,500.0,2026-02-26,completed
4602,46,Customer 46,Salvador,BA,9,External HD 2TB,Storage,5,500.0,2500.0,2026-07-12,completed
4603,387,Customer 387,Porto Alegre,RS,1,Notebook Pro,Computers,3,4500.0,13500.0,2026-02-19,completed
4604,345,Customer 345,Curitiba,PR,1,Notebook Pro,Computers,1,4500.0,4500.0,2026-02-01,completed
4605,124,Customer 124,Fortaleza,CE,2,Keyboard Mechanical,Accessories,1,350.0,350.0,2026-03-05,completed
4606,65,Customer 65,Fortaleza,CE,8,Tablet Pro,Tablets,3,2800.0,8400.0,2026-02-04,cancelled
4607,444,Customer 444,Salvador,BA,6,SSD 1TB,Storage,1,700.0,700.0,2026-03-04,cancelled
4608,219,Customer 219,São Paulo,SP,10,Laptop Stand,Accessories,1,250.0,250.0,2026-06-26,completed
4609,168,Customer 168,Recife,PE,2,Keyboard Mechanical,Accessories,5,350.0,1750.0,2026-07-03,completed
4610,22,Customer 22,Brasília,DF,6,SSD 1TB,Storage,1,700.0,700.0,2026-08-14,completed
4611,154,Customer 154,Belo Horizonte,MG,8,Tablet Pro,Tablets,2,2800.0,5600.0,2026-04-13,completed
4612,464,Customer 464,Salvador,BA,9,External HD 2TB,Storage,4,500.0,2000.0,2026-02-22,completed
4613,388,Customer 388,Curitiba,PR,3,Monitor 27,Monitors,4,1200.0,4800.0,2026-01-21,completed
4614,354,Customer 354,Salvador,BA,9,External HD 2TB,Storage,5,500.0,2500.0,2026-04-13,completed
4615,126,Customer 126,Belo Horizonte,MG,6,SSD 1TB,Storage,2,700.0,1400.0,2026-07-24,completed
4616,31,Customer 31,São Paulo,SP,6,SSD 1TB,Storage,5,700.0,3500.0,2026-03-24,completed
4617,47,Customer 47,Salvador,BA,5,Headset Pro,Accessories,4,450.0,1800.0,2026-06-20,completed
4618,45,Customer 45,Salvador,BA,7,Webcam Full HD,Accessories,4,300.0,1200.0,2026-03-03,completed
4619,250,Customer 250,Fortaleza,CE,3,Monitor 27,Monitors,3,1200.0,3600.0,2026-03-30,completed
4620,52,Customer 52,Curitiba,PR,5,Headset Pro,Accessories,2,450.0,900.0,2026-04-11,cancelled
4621,315,Customer 315,São Paulo,SP,3,Monitor 27,Monitors,5,1200.0,6000.0,2026-08-22,completed
4622,242,Customer 242,Porto Alegre,RS,3,Monitor 27,Monitors,4,1200.0,4800.0,2026-01-08,completed
4623,279,Customer 279,Fortaleza,CE,7,Webcam Full HD,Accessories,4,300.0,1200.0,2026-04-15,completed
4624,176,Customer 176,Belo Horizonte,MG,5,Headset Pro,Accessories,2,450.0,900.0,2026-05-14,completed
4625,194,Customer 194,Brasília,DF,5,Headset Pro,Accessories,1,450.0,450.0,2026-07-29,cancelled
4626,350,Customer 350,Curitiba,PR,2,Keyboard Mechanical,Accessories,1,350.0,350.0,2026-08-17,completed
4627,320,Customer 320,Porto Alegre,RS,6,SSD 1TB,Storage,2,700.0,1400.0,2026-03-27,completed
4628,447,Customer 447,Brasília,DF,7,Webcam Full HD,Accessories,3,300.0,900.0,2026-01-11,completed
4629,494,Customer 494,Rio de Janeiro,RJ,1,Notebook Pro,Computers,2,4500.0,9000.0,2026-06-21,completed
4630,280,Customer 280,São Paulo,SP,3,Monitor 27,Monitors,4,1200.0,4800.0,2026-02-24,completed
4631,136,Customer 136,Niterói,RJ,8,Tablet Pro,Tablets,4,2800.0,11200.0,2026-02-23,completed
4632,69,Customer 69,Recife,PE,2,Keyboard Mechanical,Accessories,3,350.0,1050.0,2026-06-12,completed
4633,347,Customer 347,Brasília,DF,8,Tablet Pro,Tablets,1,2800.0,2800.0,2026-05-16,completed
4634,118,Customer 118,Fortaleza,CE,6,SSD 1TB,Storage,2,700.0,1400.0,2026-08-26,completed
4635,295,Customer 295,Curitiba,PR,10,Laptop Stand,Accessories,1,250.0,250.0,2026-04-18,completed
4636,206,Customer 206,Brasília,DF,10,Laptop Stand,Accessories,1,250.0,250.0,2026-05-26,completed
4637,89,Customer 89,Recife,PE,9,External HD 2TB,Storage,3,500.0,1500.0,2026-06-07,completed
4638,233,Customer 233,Brasília,DF,6,SSD 1TB,Storage,3,700.0,2100.0,2026-01-29,cancelled
4639,122,Customer 122,Salvador,BA,9,External HD 2TB,Storage,4,500.0,2000.0,2026-02-04,completed
4640,64,Customer 64,Porto Alegre,RS,5,Headset Pro,Accessories,2,450.0,900.0,2026-01-06,cancelled
4641,496,Customer 496,Curitiba,PR,9,External HD 2TB,Storage,5,500.0,2500.0,2026-01-31,completed
4642,388,Customer 388,Curitiba,PR,5,Headset Pro,Accessories,1,450.0,450.0,2026-02-21,completed
4643,485,Customer 485,Belo Horizonte,MG,10,Laptop Stand,Accessories,5,250.0,1250.0,2026-07-14,completed
4644,462,Customer 462,Rio de Janeiro,RJ,9,External HD 2TB,Storage,4,500.0,2000.0,2026-02-22,completed
4645,241,Customer 241,Porto Alegre,RS,6,SSD 1TB,Storage,5,700.0,3500.0,2026-02-26,cancelled
4646,120,Customer 120,Belo Horizonte,MG,7,Webcam Full HD,Accessories,3,300.0,900.0,2026-07-14,completed
4647,231,Customer 231,São Paulo,SP,5,Headset Pro,Accessories,1,450.0,450.0,2026-03-01,cancelled
4648,5,Customer 5,Fortaleza,CE,1,Notebook Pro,Computers,5,4500.0,22500.0,2026-08-22,completed
4649,483,Customer 483,Salvador,BA,4,Mouse Wireless,Accessories,5,180.0,900.0,2026-07-31,cancelled
4650,448,Customer 448,Curitiba,PR,1,Notebook Pro,Computers,2,4500.0,9000.0,2026-05-20,completed
4651,203,Customer 203,Niterói,RJ,6,SSD 1TB,Storage,3,700.0,2100.0,2026-07-21,completed
4652,497,Customer 497,São Paulo,SP,5,Headset Pro,Accessories,1,450.0,450.0,2026-06-17,completed
4653,442,Customer 442,Belo Horizonte,MG,2,Keyboard Mechanical,Accessories,5,350.0,1750.0,2026-01-09,cancelled
4654,335,Customer 335,Salvador,BA,8,Tablet Pro,Tablets,4,2800.0,11200.0,2026-02-04,completed
4655,138,Customer 138,Brasília,DF,2,Keyboard Mechanical,Accessories,1,350.0,350.0,2026-01-15,cancelled
4656,354,Customer 354,Porto Alegre,RS,10,Laptop Stand,Accessories,3,250.0,750.0,2026-01-26,completed
4657,111,Customer 111,Niterói,RJ,5,Headset Pro,Accessories,3,450.0,1350.0,2026-07-19,completed
4658,431,Customer 431,Recife,PE,2,Keyboard Mechanical,Accessories,1,350.0,350.0,2026-06-09,completed
4659,366,Customer 366,Fortaleza,CE,5,Headset Pro,Accessories,1,450.0,450.0,2026-06-12,completed
4660,74,Customer 74,Brasília,DF,9,External HD 2TB,Storage,4,500.0,2000.0,2026-01-08,completed
4661,374,Customer 374,Recife,PE,8,Tablet Pro,Tablets,2,2800.0,5600.0,2026-07-10,completed
4662,131,Customer 131,Fortaleza,CE,7,Webcam Full HD,Accessories,2,300.0,600.0,2026-02-16,completed
4663,192,Customer 192,Rio de Janeiro,RJ,8,Tablet Pro,Tablets,3,2800.0,8400.0,2026-07-23,completed
4664,95,Customer 95,Brasília,DF,1,Notebook Pro,Computers,3,4500.0,13500.0,2026-08-02,cancelled
4665,331,Customer 331,Belo Horizonte,MG,3,Monitor 27,Monitors,4,1200.0,4800.0,2026-01-26,completed
4666,274,Customer 274,Fortaleza,CE,1,Notebook Pro,Computers,1,4500.0,4500.0,2026-02-19,completed
4667,196,Customer 196,Recife,PE,7,Webcam Full HD,Accessories,1,300.0,300.0,2026-06-26,completed
4668,111,Customer 111,São Paulo,SP,8,Tablet Pro,Tablets,1,2800.0,2800.0,2026-02-08,completed
4669,205,Customer 205,Porto Alegre,RS,3,Monitor 27,Monitors,1,1200.0,1200.0,2026-08-28,completed
4670,399,Customer 399,São Paulo,SP,1,Notebook Pro,Computers,5,4500.0,22500.0,2026-03-27,completed
4671,201,Customer 201,Curitiba,PR,3,Monitor 27,Monitors,1,1200.0,1200.0,2026-05-27,completed
4672,101,Customer 101,Curitiba,PR,9,External HD 2TB,Storage,5,500.0,2500.0,2026-01-08,completed
4673,174,Customer 174,Porto Alegre,RS,8,Tablet Pro,Tablets,5,2800.0,14000.0,2026-03-22,completed
4674,31,Customer 31,Rio de Janeiro,RJ,8,Tablet Pro,Tablets,2,2800.0,5600.0,2026-02-04,completed
4675,490,Customer 490,Fortaleza,CE,1,Notebook Pro,Computers,1,4500.0,4500.0,2026-07-24,completed
4676,111,Customer 111,Fortaleza,CE,8,Tablet Pro,Tablets,1,2800.0,2800.0,2026-02-18,completed
4677,336,Customer 336,Porto Alegre,RS,3,Monitor 27,Monitors,2,1200.0,2400.0,2026-01-24,completed
4678,105,Customer 105,Recife,PE,7,Webcam Full HD,Accessories,5,300.0,1500.0,2026-01-11,cancelled
4679,261,Customer 261,Porto Alegre,RS,2,Keyboard Mechanical,Accessories,4,350.0,1400.0,2026-05-07,completed
4680,96,Customer 96,Rio de Janeiro,RJ,1,Notebook Pro,Computers,3,4500.0,13500.0,2026-03-22,cancelled
4681,397,Customer 397,Brasília,DF,7,Webcam Full HD,Accessories,1,300.0,300.0,2026-05-07,completed
4682,292,Customer 292,Niterói,RJ,9,External HD 2TB,Storage,1,500.0,500.0,2026-05-02,completed
4683,233,Customer 233,Brasília,DF,5,Headset Pro,Accessories,2,450.0,900.0,2026-04-15,completed
4684,75,Customer 75,Belo Horizonte,MG,5,Headset Pro,Accessories,3,450.0,1350.0,2026-08-08,completed
4685,95,Customer 95,Salvador,BA,3,Monitor 27,Monitors,1,1200.0,1200.0,2026-06-15,completed
4686,8,Customer 8,Niterói,RJ,6,SSD 1TB,Storage,2,700.0,1400.0,2026-02-24,completed
4687,139,Customer 139,Rio de Janeiro,RJ,3,Monitor 27,Monitors,1,1200.0,1200.0,2026-05-30,completed
4688,157,Customer 157,Porto Alegre,RS,8,Tablet Pro,Tablets,2,2800.0,5600.0,2026-04-07,completed
4689,12,Customer 12,Belo Horizonte,MG,3,Monitor 27,Monitors,4,1200.0,4800.0,2026-06-14,cancelled
4690,181,Customer 181,Salvador,BA,2,Keyboard Mechanical,Accessories,2,350.0,700.0,2026-08-25,completed
4691,241,Customer 241,Curitiba,PR,2,Keyboard Mechanical,Accessories,4,350.0,1400.0,2026-06-04,completed
4692,369,Customer 369,Recife,PE,1,Notebook Pro,Computers,2,4500.0,9000.0,2026-03-11,completed
4693,424,Customer 424,Salvador,BA,10,Laptop Stand,Accessories,5,250.0,1250.0,2026-03-31,completed
4694,196,Customer 196,São Paulo,SP,3,Monitor 27,Monitors,1,1200.0,1200.0,2026-01-28,completed
4695,342,Customer 342,Rio de Janeiro,RJ,6,SSD 1TB,Storage,5,700.0,3500.0,2026-05-29,completed
4696,88,Customer 88,Curitiba,PR,9,External HD 2TB,Storage,4,500.0,2000.0,2026-07-13,cancelled
4697,147,Customer 147,Fortaleza,CE,9,External HD 2TB,Storage,4,500.0,2000.0,2026-03-07,completed
4698,285,Customer 285,Curitiba,PR,9,External HD 2TB,Storage,4,500.0,2000.0,2026-02-02,completed
4699,238,Customer 238,Curitiba,PR,1,Notebook Pro,Computers,1,4500.0,4500.0,2026-05-09,completed
4700,138,Customer 138,Brasília,DF,8,Tablet Pro,Tablets,3,2800.0,8400.0,2026-01-07,completed
4701,384,Customer 384,Belo Horizonte,MG,8,Tablet Pro,Tablets,5,2800.0,14000.0,2026-01-23,completed
4702,57,Customer 57,Fortaleza,CE,1,Notebook Pro,Computers,4,4500.0,18000.0,2026-03-16,completed
4703,434,Customer 434,Fortaleza,CE,3,Monitor 27,Monitors,1,1200.0,1200.0,2026-04-22,completed
4704,23,Customer 23,São Paulo,SP,7,Webcam Full HD,Accessories,5,300.0,1500.0,2026-07-08,cancelled
4705,392,Customer 392,Recife,PE,4,Mouse Wireless,Accessories,4,180.0,720.0,2026-06-05,cancelled
4706,321,Customer 321,Niterói,RJ,4,Mouse Wireless,Accessories,3,180.0,540.0,2026-02-28,completed
4707,277,Customer 277,Brasília,DF,9,External HD 2TB,Storage,4,500.0,2000.0,2026-03-11,completed
4708,484,Customer 484,São Paulo,SP,9,External HD 2TB,Storage,2,500.0,1000.0,2026-01-31,completed
4709,294,Customer 294,Recife,PE,7,Webcam Full HD,Accessories,3,300.0,900.0,2026-03-12,completed
4710,96,Customer 96,Niterói,RJ,1,Notebook Pro,Computers,2,4500.0,9000.0,2026-01-17,completed
4711,103,Customer 103,Porto Alegre,RS,3,Monitor 27,Monitors,1,1200.0,1200.0,2026-04-02,completed
4712,1,Customer 1,Belo Horizonte,MG,4,Mouse Wireless,Accessories,1,180.0,180.0,2026-01-16,completed
4713,10,Customer 10,Recife,PE,9,External HD 2TB,Storage,4,500.0,2000.0,2026-03-05,completed
4714,381,Customer 381,Curitiba,PR,8,Tablet Pro,Tablets,2,2800.0,5600.0,2026-06-01,completed
4715,314,Customer 314,São Paulo,SP,1,Notebook Pro,Computers,5,4500.0,22500.0,2026-05-14,completed
4716,394,Customer 394,Fortaleza,CE,2,Keyboard Mechanical,Accessories,1,350.0,350.0,2026-03-06,completed
4717,208,Customer 208,São Paulo,SP,1,Notebook Pro,Computers,5,4500.0,22500.0,2026-08-08,completed
4718,197,Customer 197,Fortaleza,CE,3,Monitor 27,Monitors,2,1200.0,2400.0,2026-02-05,cancelled
4719,254,Customer 254,Belo Horizonte,MG,8,Tablet Pro,Tablets,5,2800.0,14000.0,2026-06-22,completed
4720,484,Customer 484,Fortaleza,CE,8,Tablet Pro,Tablets,5,2800.0,14000.0,2026-01-12,completed
4721,5,Customer 5,Recife,PE,6,SSD 1TB,Storage,3,700.0,2100.0,2026-05-20,completed
4722,483,Customer 483,Recife,PE,7,Webcam Full HD,Accessories,4,300.0,1200.0,2026-03-08,completed
4723,126,Customer 126,São Paulo,SP,1,Notebook Pro,Computers,1,4500.0,4500.0,2026-08-24,completed
4724,418,Customer 418,Fortaleza,CE,9,External HD 2TB,Storage,3,500.0,1500.0,2026-06-25,completed
4725,128,Customer 128,Curitiba,PR,2,Keyboard Mechanical,Accessories,1,350.0,350.0,2026-07-05,completed
4726,488,Customer 488,Porto Alegre,RS,2,Keyboard Mechanical,Accessories,1,350.0,350.0,2026-05-14,completed
4727,163,Customer 163,Rio de Janeiro,RJ,10,Laptop Stand,Accessories,5,250.0,1250.0,2026-06-15,completed
4728,356,Customer 356,Brasília,DF,6,SSD 1TB,Storage,5,700.0,3500.0,2026-02-06,completed
4729,493,Customer 493,Brasília,DF,3,Monitor 27,Monitors,1,1200.0,1200.0,2026-02-18,cancelled
4730,134,Customer 134,São Paulo,SP,2,Keyboard Mechanical,Accessories,3,350.0,1050.0,2026-02-22,completed
4731,391,Customer 391,Belo Horizonte,MG,5,Headset Pro,Accessories,4,450.0,1800.0,2026-04-16,completed
4732,229,Customer 229,Salvador,BA,7,Webcam Full HD,Accessories,5,300.0,1500.0,2026-06-05,completed
4733,129,Customer 129,Brasília,DF,10,Laptop Stand,Accessories,3,250.0,750.0,2026-08-09,completed
4734,222,Customer 222,Porto Alegre,RS,3,Monitor 27,Monitors,1,1200.0,1200.0,2026-01-25,completed
4735,282,Customer 282,Niterói,RJ,5,Headset Pro,Accessories,1,450.0,450.0,2026-07-27,completed
4736,362,Customer 362,Recife,PE,2,Keyboard Mechanical,Accessories,5,350.0,1750.0,2026-02-08,completed
4737,335,Customer 335,Belo Horizonte,MG,9,External HD 2TB,Storage,4,500.0,2000.0,2026-06-02,completed
4738,496,Customer 496,São Paulo,SP,3,Monitor 27,Monitors,4,1200.0,4800.0,2026-02-06,completed
4739,272,Customer 272,Salvador,BA,9,External HD 2TB,Storage,1,500.0,500.0,2026-05-08,completed
4740,353,Customer 353,Salvador,BA,3,Monitor 27,Monitors,4,1200.0,4800.0,2026-02-28,completed
4741,327,Customer 327,Belo Horizonte,MG,7,Webcam Full HD,Accessories,3,300.0,900.0,2026-02-10,completed
4742,177,Customer 177,Porto Alegre,RS,1,Notebook Pro,Computers,1,4500.0,4500.0,2026-03-17,completed
4743,82,Customer 82,Fortaleza,CE,2,Keyboard Mechanical,Accessories,5,350.0,1750.0,2026-02-05,completed
4744,360,Customer 360,Salvador,BA,2,Keyboard Mechanical,Accessories,5,350.0,1750.0,2026-01-30,cancelled
4745,215,Customer 215,Rio de Janeiro,RJ,3,Monitor 27,Monitors,3,1200.0,3600.0,2026-03-30,completed
4746,10,Customer 10,Brasília,DF,7,Webcam Full HD,Accessories,1,300.0,300.0,2026-08-15,completed
4747,32,Customer 32,Porto Alegre,RS,10,Laptop Stand,Accessories,2,250.0,500.0,2026-02-26,completed
4748,136,Customer 136,Curitiba,PR,7,Webcam Full HD,Accessories,1,300.0,300.0,2026-01-14,completed
4749,66,Customer 66,Recife,PE,4,Mouse Wireless,Accessories,5,180.0,900.0,2026-02-06,completed
4750,45,Customer 45,São Paulo,SP,2,Keyboard Mechanical,Accessories,2,350.0,700.0,2026-02-21,completed
4751,291,Customer 291,Curitiba,PR,2,Keyboard Mechanical,Accessories,3,350.0,1050.0,2026-01-23,completed
4752,16,Customer 16,Brasília,DF,9,External HD 2TB,Storage,3,500.0,1500.0,2026-01-03,completed
4753,377,Customer 377,Curitiba,PR,7,Webcam Full HD,Accessories,3,300.0,900.0,2026-02-27,cancelled
4754,468,Customer 468,Brasília,DF,5,Headset Pro,Accessories,4,450.0,1800.0,2026-07-05,completed
4755,497,Customer 497,Brasília,DF,3,Monitor 27,Monitors,2,1200.0,2400.0,2026-04-23,completed
4756,113,Customer 113,Brasília,DF,7,Webcam Full HD,Accessories,1,300.0,300.0,2026-01-28,completed
4757,46,Customer 46,Salvador,BA,4,Mouse Wireless,Accessories,1,180.0,180.0,2026-04-04,completed
4758,369,Customer 369,Belo Horizonte,MG,5,Headset Pro,Accessories,4,450.0,1800.0,2026-08-05,completed
4759,133,Customer 133,Belo Horizonte,MG,6,SSD 1TB,Storage,5,700.0,3500.0,2026-04-18,completed
4760,252,Customer 252,Curitiba,PR,9,External HD 2TB,Storage,2,500.0,1000.0,2026-02-11,completed
4761,388,Customer 388,Rio de Janeiro,RJ,3,Monitor 27,Monitors,4,1200.0,4800.0,2026-06-21,completed
4762,202,Customer 202,Porto Alegre,RS,1,Notebook Pro,Computers,5,4500.0,22500.0,2026-04-11,completed
4763,361,Customer 361,Curitiba,PR,6,SSD 1TB,Storage,4,700.0,2800.0,2026-02-09,completed
4764,142,Customer 142,Rio de Janeiro,RJ,10,Laptop Stand,Accessories,4,250.0,1000.0,2026-08-15,completed
4765,437,Customer 437,Recife,PE,8,Tablet Pro,Tablets,5,2800.0,14000.0,2026-08-08,completed
4766,405,Customer 405,Fortaleza,CE,5,Headset Pro,Accessories,4,450.0,1800.0,2026-04-30,completed
4767,340,Customer 340,Niterói,RJ,10,Laptop Stand,Accessories,1,250.0,250.0,2026-06-13,completed
4768,186,Customer 186,São Paulo,SP,1,Notebook Pro,Computers,4,4500.0,18000.0,2026-08-27,completed
4769,413,Customer 413,Recife,PE,5,Headset Pro,Accessories,5,450.0,2250.0,2026-05-25,completed
4770,155,Customer 155,Niterói,RJ,3,Monitor 27,Monitors,2,1200.0,2400.0,2026-03-22,completed
4771,416,Customer 416,Belo Horizonte,MG,5,Headset Pro,Accessories,1,450.0,450.0,2026-03-20,cancelled
4772,215,Customer 215,Curitiba,PR,9,External HD 2TB,Storage,2,500.0,1000.0,2026-01-29,completed
4773,45,Customer 45,Salvador,BA,7,Webcam Full HD,Accessories,3,300.0,900.0,2026-06-04,cancelled
4774,385,Customer 385,Salvador,BA,3,Monitor 27,Monitors,3,1200.0,3600.0,2026-03-07,completed
4775,403,Customer 403,Niterói,RJ,1,Notebook Pro,Computers,4,4500.0,18000.0,2026-06-18,cancelled
4776,142,Customer 142,Brasília,DF,2,Keyboard Mechanical,Accessories,1,350.0,350.0,2026-01-26,cancelled
4777,364,Customer 364,Fortaleza,CE,8,Tablet Pro,Tablets,2,2800.0,5600.0,2026-05-20,completed
4778,42,Customer 42,Recife,PE,3,Monitor 27,Monitors,4,1200.0,4800.0,2026-03-05,completed
4779,439,Customer 439,Curitiba,PR,4,Mouse Wireless,Accessories,3,180.0,540.0,2026-02-27,completed
4780,347,Customer 347,Fortaleza,CE,5,Headset Pro,Accessories,5,450.0,2250.0,2026-08-12,completed
4781,413,Customer 413,Niterói,RJ,2,Keyboard Mechanical,Accessories,5,350.0,1750.0,2026-05-13,completed
4782,301,Customer 301,Curitiba,PR,9,External HD 2TB,Storage,1,500.0,500.0,2026-04-14,completed
4783,133,Customer 133,São Paulo,SP,6,SSD 1TB,Storage,1,700.0,700.0,2026-07-29,completed
4784,23,Customer 23,Niterói,RJ,2,Keyboard Mechanical,Accessories,2,350.0,700.0,2026-07-28,completed
4785,160,Customer 160,Belo Horizonte,MG,5,Headset Pro,Accessories,1,450.0,450.0,2026-07-25,cancelled
4786,96,Customer 96,Belo Horizonte,MG,1,Notebook Pro,Computers,1,4500.0,4500.0,2026-07-01,completed
4787,27,Customer 27,Brasília,DF,10,Laptop Stand,Accessories,5,250.0,1250.0,2026-04-19,completed
4788,422,Customer 422,Belo Horizonte,MG,8,Tablet Pro,Tablets,2,2800.0,5600.0,2026-01-26,cancelled
4789,374,Customer 374,Recife,PE,7,Webcam Full HD,Accessories,1,300.0,300.0,2026-01-15,completed
4790,84,Customer 84,São Paulo,SP,4,Mouse Wireless,Accessories,1,180.0,180.0,2026-06-02,completed
4791,282,Customer 282,Fortaleza,CE,10,Laptop Stand,Accessories,5,250.0,1250.0,2026-08-22,completed
4792,42,Customer 42,Rio de Janeiro,RJ,5,Headset Pro,Accessories,1,450.0,450.0,2026-01-04,completed
4793,153,Customer 153,Porto Alegre,RS,2,Keyboard Mechanical,Accessories,2,350.0,700.0,2026-01-28,cancelled
4794,255,Customer 255,Rio de Janeiro,RJ,10,Laptop Stand,Accessories,4,250.0,1000.0,2026-07-15,cancelled
4795,285,Customer 285,Curitiba,PR,1,Notebook Pro,Computers,1,4500.0,4500.0,2026-08-15,cancelled
4796,388,Customer 388,Curitiba,PR,3,Monitor 27,Monitors,3,1200.0,3600.0,2026-06-25,cancelled
4797,316,Customer 316,São Paulo,SP,9,External HD 2TB,Storage,3,500.0,1500.0,2026-01-26,completed
4798,332,Customer 332,Brasília,DF,8,Tablet Pro,Tablets,5,2800.0,14000.0,2026-03-26,completed
4799,472,Customer 472,São Paulo,SP,2,Keyboard Mechanical,Accessories,1,350.0,350.0,2026-02-22,completed
4800,175,Customer 175,Belo Horizonte,MG,6,SSD 1TB,Storage,5,700.0,3500.0,2026-02-12,cancelled
4801,62,Customer 62,São Paulo,SP,8,Tablet Pro,Tablets,2,2800.0,5600.0,2026-05-23,completed
4802,347,Customer 347,Porto Alegre,RS,9,External HD 2TB,Storage,1,500.0,500.0,2026-05-01,completed
4803,400,Customer 400,Porto Alegre,RS,10,Laptop Stand,Accessories,1,250.0,250.0,2026-07-03,completed
4804,240,Customer 240,Rio de Janeiro,RJ,7,Webcam Full HD,Accessories,1,300.0,300.0,2026-04-20,completed
4805,283,Customer 283,Recife,PE,2,Keyboard Mechanical,Accessories,5,350.0,1750.0,2026-05-01,completed
4806,67,Customer 67,Belo Horizonte,MG,10,Laptop Stand,Accessories,5,250.0,1250.0,2026-06-12,completed
4807,129,Customer 129,Porto Alegre,RS,8,Tablet Pro,Tablets,1,2800.0,2800.0,2026-05-18,completed
4808,249,Customer 249,Salvador,BA,4,Mouse Wireless,Accessories,1,180.0,180.0,2026-04-25,completed
4809,287,Customer 287,Rio de Janeiro,RJ,1,Notebook Pro,Computers,2,4500.0,9000.0,2026-07-24,completed
4810,281,Customer 281,São Paulo,SP,9,External HD 2TB,Storage,3,500.0,1500.0,2026-07-20,completed
4811,239,Customer 239,Recife,PE,1,Notebook Pro,Computers,1,4500.0,4500.0,2026-02-13,cancelled
4812,132,Customer 132,Brasília,DF,4,Mouse Wireless,Accessories,2,180.0,360.0,2026-02-24,completed
4813,494,Customer 494,Niterói,RJ,3,Monitor 27,Monitors,1,1200.0,1200.0,2026-04-11,completed
4814,20,Customer 20,Curitiba,PR,10,Laptop Stand,Accessories,4,250.0,1000.0,2026-05-22,completed
4815,434,Customer 434,Porto Alegre,RS,5,Headset Pro,Accessories,4,450.0,1800.0,2026-06-20,completed
4816,11,Customer 11,Curitiba,PR,8,Tablet Pro,Tablets,3,2800.0,8400.0,2026-01-17,completed
4817,318,Customer 318,Rio de Janeiro,RJ,4,Mouse Wireless,Accessories,5,180.0,900.0,2026-08-06,completed
4818,357,Customer 357,Niterói,RJ,2,Keyboard Mechanical,Accessories,3,350.0,1050.0,2026-01-15,cancelled
4819,60,Customer 60,Curitiba,PR,5,Headset Pro,Accessories,2,450.0,900.0,2026-04-10,completed
4820,3,Customer 3,Porto Alegre,RS,1,Notebook Pro,Computers,2,4500.0,9000.0,2026-02-20,completed
4821,24,Customer 24,Recife,PE,5,Headset Pro,Accessories,2,450.0,900.0,2026-03-14,completed
4822,360,Customer 360,Rio de Janeiro,RJ,10,Laptop Stand,Accessories,5,250.0,1250.0,2026-08-10,completed
4823,296,Customer 296,Niterói,RJ,5,Headset Pro,Accessories,5,450.0,2250.0,2026-08-07,completed
4824,258,Customer 258,Rio de Janeiro,RJ,4,Mouse Wireless,Accessories,1,180.0,180.0,2026-01-03,completed
4825,468,Customer 468,Rio de Janeiro,RJ,7,Webcam Full HD,Accessories,5,300.0,1500.0,2026-07-27,completed
4826,417,Customer 417,São Paulo,SP,6,SSD 1TB,Storage,2,700.0,1400.0,2026-01-12,completed
4827,52,Customer 52,Salvador,BA,2,Keyboard Mechanical,Accessories,4,350.0,1400.0,2026-05-02,cancelled
4828,187,Customer 187,Recife,PE,7,Webcam Full HD,Accessories,3,300.0,900.0,2026-04-14,cancelled
4829,407,Customer 407,Belo Horizonte,MG,4,Mouse Wireless,Accessories,5,180.0,900.0,2026-08-09,completed
4830,120,Customer 120,Brasília,DF,9,External HD 2TB,Storage,1,500.0,500.0,2026-01-24,completed
4831,167,Customer 167,São Paulo,SP,2,Keyboard Mechanical,Accessories,3,350.0,1050.0,2026-08-22,completed
4832,216,Customer 216,Brasília,DF,3,Monitor 27,Monitors,4,1200.0,4800.0,2026-05-10,completed
4833,404,Customer 404,Curitiba,PR,2,Keyboard Mechanical,Accessories,3,350.0,1050.0,2026-05-01,completed
4834,283,Customer 283,Salvador,BA,6,SSD 1TB,Storage,1,700.0,700.0,2026-02-05,completed
4835,395,Customer 395,Rio de Janeiro,RJ,8,Tablet Pro,Tablets,4,2800.0,11200.0,2026-03-26,completed
4836,69,Customer 69,Belo Horizonte,MG,10,Laptop Stand,Accessories,3,250.0,750.0,2026-07-15,completed
4837,255,Customer 255,Recife,PE,2,Keyboard Mechanical,Accessories,3,350.0,1050.0,2026-04-03,completed
4838,80,Customer 80,Curitiba,PR,1,Notebook Pro,Computers,5,4500.0,22500.0,2026-04-29,completed
4839,117,Customer 117,Curitiba,PR,1,Notebook Pro,Computers,2,4500.0,9000.0,2026-03-17,completed
4840,223,Customer 223,Salvador,BA,5,Headset Pro,Accessories,4,450.0,1800.0,2026-07-17,completed
4841,240,Customer 240,Niterói,RJ,1,Notebook Pro,Computers,3,4500.0,13500.0,2026-01-17,completed
4842,53,Customer 53,São Paulo,SP,8,Tablet Pro,Tablets,2,2800.0,5600.0,2026-01-16,completed
4843,238,Customer 238,Rio de Janeiro,RJ,6,SSD 1TB,Storage,4,700.0,2800.0,2026-07-26,completed
4844,387,Customer 387,Porto Alegre,RS,9,External HD 2TB,Storage,2,500.0,1000.0,2026-05-04,cancelled
4845,371,Customer 371,São Paulo,SP,4,Mouse Wireless,Accessories,1,180.0,180.0,2026-05-05,completed
4846,158,Customer 158,Belo Horizonte,MG,9,External HD 2TB,Storage,1,500.0,500.0,2026-07-18,completed
4847,455,Customer 455,Porto Alegre,RS,5,Headset Pro,Accessories,1,450.0,450.0,2026-08-04,completed
4848,258,Customer 258,Salvador,BA,8,Tablet Pro,Tablets,2,2800.0,5600.0,2026-04-09,completed
4849,83,Customer 83,Fortaleza,CE,3,Monitor 27,Monitors,3,1200.0,3600.0,2026-03-08,completed
4850,351,Customer 351,Recife,PE,7,Webcam Full HD,Accessories,2,300.0,600.0,2026-08-17,completed
4851,96,Customer 96,Recife,PE,9,External HD 2TB,Storage,3,500.0,1500.0,2026-01-12,completed
4852,214,Customer 214,Curitiba,PR,5,Headset Pro,Accessories,2,450.0,900.0,2026-01-03,completed
4853,335,Customer 335,Curitiba,PR,4,Mouse Wireless,Accessories,2,180.0,360.0,2026-05-03,completed
4854,441,Customer 441,Belo Horizonte,MG,6,SSD 1TB,Storage,2,700.0,1400.0,2026-07-06,completed
4855,496,Customer 496,Curitiba,PR,8,Tablet Pro,Tablets,4,2800.0,11200.0,2026-06-27,completed
4856,184,Customer 184,Fortaleza,CE,3,Monitor 27,Monitors,2,1200.0,2400.0,2026-08-17,completed
4857,221,Customer 221,Recife,PE,8,Tablet Pro,Tablets,5,2800.0,14000.0,2026-01-14,completed
4858,459,Customer 459,São Paulo,SP,5,Headset Pro,Accessories,5,450.0,2250.0,2026-08-24,completed
4859,202,Customer 202,Fortaleza,CE,4,Mouse Wireless,Accessories,2,180.0,360.0,2026-01-15,cancelled
4860,172,Customer 172,Salvador,BA,4,Mouse Wireless,Accessories,3,180.0,540.0,2026-01-02,completed
4861,404,Customer 404,São Paulo,SP,9,External HD 2TB,Storage,5,500.0,2500.0,2026-07-17,completed
4862,243,Customer 243,Belo Horizonte,MG,10,Laptop Stand,Accessories,4,250.0,1000.0,2026-07-10,completed
4863,490,Customer 490,Salvador,BA,10,Laptop Stand,Accessories,4,250.0,1000.0,2026-04-20,completed
4864,398,Customer 398,São Paulo,SP,6,SSD 1TB,Storage,2,700.0,1400.0,2026-06-24,cancelled
4865,378,Customer 378,Salvador,BA,7,Webcam Full HD,Accessories,4,300.0,1200.0,2026-01-15,cancelled
4866,243,Customer 243,Recife,PE,10,Laptop Stand,Accessories,4,250.0,1000.0,2026-05-08,cancelled
4867,174,Customer 174,Salvador,BA,5,Headset Pro,Accessories,2,450.0,900.0,2026-04-22,completed
4868,301,Customer 301,São Paulo,SP,4,Mouse Wireless,Accessories,5,180.0,900.0,2026-03-08,completed
4869,433,Customer 433,Niterói,RJ,8,Tablet Pro,Tablets,2,2800.0,5600.0,2026-08-09,completed
4870,384,Customer 384,Niterói,RJ,8,Tablet Pro,Tablets,2,2800.0,5600.0,2026-02-16,completed
4871,362,Customer 362,Niterói,RJ,3,Monitor 27,Monitors,2,1200.0,2400.0,2026-05-04,completed
4872,55,Customer 55,Rio de Janeiro,RJ,8,Tablet Pro,Tablets,3,2800.0,8400.0,2026-06-16,completed
4873,219,Customer 219,Fortaleza,CE,2,Keyboard Mechanical,Accessories,4,350.0,1400.0,2026-01-28,completed
4874,85,Customer 85,São Paulo,SP,5,Headset Pro,Accessories,2,450.0,900.0,2026-06-07,completed
4875,191,Customer 191,Rio de Janeiro,RJ,5,Headset Pro,Accessories,3,450.0,1350.0,2026-08-03,completed
4876,207,Customer 207,Fortaleza,CE,9,External HD 2TB,Storage,2,500.0,1000.0,2026-01-09,completed
4877,90,Customer 90,Rio de Janeiro,RJ,7,Webcam Full HD,Accessories,5,300.0,1500.0,2026-01-03,completed
4878,300,Customer 300,Niterói,RJ,3,Monitor 27,Monitors,1,1200.0,1200.0,2026-08-19,completed
4879,383,Customer 383,Curitiba,PR,10,Laptop Stand,Accessories,5,250.0,1250.0,2026-01-04,completed
4880,456,Customer 456,Brasília,DF,3,Monitor 27,Monitors,4,1200.0,4800.0,2026-03-10,completed
4881,425,Customer 425,Rio de Janeiro,RJ,1,Notebook Pro,Computers,4,4500.0,18000.0,2026-05-20,completed
4882,445,Customer 445,Rio de Janeiro,RJ,8,Tablet Pro,Tablets,4,2800.0,11200.0,2026-08-15,completed
4883,472,Customer 472,Belo Horizonte,MG,2,Keyboard Mechanical,Accessories,4,350.0,1400.0,2026-08-25,completed
4884,229,Customer 229,São Paulo,SP,6,SSD 1TB,Storage,1,700.0,700.0,2026-01-09,completed
4885,299,Customer 299,Belo Horizonte,MG,4,Mouse Wireless,Accessories,2,180.0,360.0,2026-04-16,completed
4886,94,Customer 94,Brasília,DF,5,Headset Pro,Accessories,4,450.0,1800.0,2026-05-28,completed
4887,437,Customer 437,Rio de Janeiro,RJ,8,Tablet Pro,Tablets,2,2800.0,5600.0,2026-05-25,completed
4888,401,Customer 401,Porto Alegre,RS,7,Webcam Full HD,Accessories,2,300.0,600.0,2026-08-23,completed
4889,3,Customer 3,Recife,PE,4,Mouse Wireless,Accessories,5,180.0,900.0,2026-01-09,cancelled
4890,204,Customer 204,Salvador,BA,5,Headset Pro,Accessories,1,450.0,450.0,2026-02-10,completed
4891,316,Customer 316,Fortaleza,CE,9,External HD 2TB,Storage,3,500.0,1500.0,2026-01-28,cancelled
4892,310,Customer 310,Belo Horizonte,MG,10,Laptop Stand,Accessories,2,250.0,500.0,2026-02-02,completed
4893,359,Customer 359,Niterói,RJ,8,Tablet Pro,Tablets,2,2800.0,5600.0,2026-05-19,completed
4894,82,Customer 82,Fortaleza,CE,2,Keyboard Mechanical,Accessories,4,350.0,1400.0,2026-02-26,completed
4895,334,Customer 334,São Paulo,SP,5,Headset Pro,Accessories,5,450.0,2250.0,2026-07-29,completed
4896,31,Customer 31,Niterói,RJ,7,Webcam Full HD,Accessories,4,300.0,1200.0,2026-04-26,completed
4897,331,Customer 331,Salvador,BA,3,Monitor 27,Monitors,4,1200.0,4800.0,2026-08-09,completed
4898,284,Customer 284,Brasília,DF,6,SSD 1TB,Storage,2,700.0,1400.0,2026-05-31,completed
4899,136,Customer 136,Fortaleza,CE,10,Laptop Stand,Accessories,3,250.0,750.0,2026-01-06,completed
4900,371,Customer 371,São Paulo,SP,9,External HD 2TB,Storage,5,500.0,2500.0,2026-04-22,completed
4901,418,Customer 418,São Paulo,SP,7,Webcam Full HD,Accessories,4,300.0,1200.0,2026-04-04,completed
4902,434,Customer 434,São Paulo,SP,3,Monitor 27,Monitors,1,1200.0,1200.0,2026-05-20,completed
4903,341,Customer 341,Rio de Janeiro,RJ,10,Laptop Stand,Accessories,2,250.0,500.0,2026-06-02,completed
4904,85,Customer 85,Niterói,RJ,2,Keyboard Mechanical,Accessories,3,350.0,1050.0,2026-07-18,completed
4905,452,Customer 452,Belo Horizonte,MG,10,Laptop Stand,Accessories,1,250.0,250.0,2026-03-13,completed
4906,278,Customer 278,Fortaleza,CE,1,Notebook Pro,Computers,5,4500.0,22500.0,2026-02-27,completed
4907,461,Customer 461,Niterói,RJ,6,SSD 1TB,Storage,2,700.0,1400.0,2026-03-05,completed
4908,89,Customer 89,São Paulo,SP,3,Monitor 27,Monitors,2,1200.0,2400.0,2026-04-02,completed
4909,21,Customer 21,Niterói,RJ,6,SSD 1TB,Storage,3,700.0,2100.0,2026-03-30,completed
4910,59,Customer 59,Fortaleza,CE,4,Mouse Wireless,Accessories,3,180.0,540.0,2026-03-14,completed
4911,408,Customer 408,São Paulo,SP,4,Mouse Wireless,Accessories,4,180.0,720.0,2026-05-29,completed
4912,417,Customer 417,Recife,PE,9,External HD 2TB,Storage,3,500.0,1500.0,2026-06-27,completed
4913,320,Customer 320,Belo Horizonte,MG,4,Mouse Wireless,Accessories,2,180.0,360.0,2026-08-13,completed
4914,151,Customer 151,Belo Horizonte,MG,7,Webcam Full HD,Accessories,2,300.0,600.0,2026-06-01,completed
4915,68,Customer 68,São Paulo,SP,9,External HD 2TB,Storage,1,500.0,500.0,2026-03-30,completed
4916,383,Customer 383,Recife,PE,4,Mouse Wireless,Accessories,1,180.0,180.0,2026-02-02,completed
4917,386,Customer 386,Brasília,DF,2,Keyboard Mechanical,Accessories,2,350.0,700.0,2026-08-14,completed
4918,30,Customer 30,Porto Alegre,RS,6,SSD 1TB,Storage,5,700.0,3500.0,2026-04-11,completed
4919,465,Customer 465,Fortaleza,CE,10,Laptop Stand,Accessories,5,250.0,1250.0,2026-02-04,completed
4920,61,Customer 61,Niterói,RJ,4,Mouse Wireless,Accessories,4,180.0,720.0,2026-04-13,completed
4921,39,Customer 39,Porto Alegre,RS,8,Tablet Pro,Tablets,3,2800.0,8400.0,2026-05-31,completed
4922,143,Customer 143,Niterói,RJ,2,Keyboard Mechanical,Accessories,1,350.0,350.0,2026-04-09,completed
4923,305,Customer 305,Brasília,DF,2,Keyboard Mechanical,Accessories,5,350.0,1750.0,2026-02-22,completed
4924,176,Customer 176,Fortaleza,CE,2,Keyboard Mechanical,Accessories,5,350.0,1750.0,2026-02-03,completed
4925,203,Customer 203,Porto Alegre,RS,2,Keyboard Mechanical,Accessories,2,350.0,700.0,2026-01-26,completed
4926,191,Customer 191,Belo Horizonte,MG,7,Webcam Full HD,Accessories,2,300.0,600.0,2026-04-19,completed
4927,243,Customer 243,Salvador,BA,3,Monitor 27,Monitors,5,1200.0,6000.0,2026-06-11,completed
4928,129,Customer 129,Curitiba,PR,2,Keyboard Mechanical,Accessories,2,350.0,700.0,2026-06-29,completed
4929,456,Customer 456,Fortaleza,CE,7,Webcam Full HD,Accessories,1,300.0,300.0,2026-04-25,completed
4930,14,Customer 14,São Paulo,SP,10,Laptop Stand,Accessories,5,250.0,1250.0,2026-02-10,cancelled
4931,380,Customer 380,Recife,PE,5,Headset Pro,Accessories,3,450.0,1350.0,2026-08-12,completed
4932,139,Customer 139,São Paulo,SP,4,Mouse Wireless,Accessories,2,180.0,360.0,2026-06-30,completed
4933,33,Customer 33,Salvador,BA,4,Mouse Wireless,Accessories,3,180.0,540.0,2026-04-01,completed
4934,163,Customer 163,Rio de Janeiro,RJ,5,Headset Pro,Accessories,2,450.0,900.0,2026-07-04,completed
4935,52,Customer 52,Fortaleza,CE,2,Keyboard Mechanical,Accessories,3,350.0,1050.0,2026-03-02,cancelled
4936,431,Customer 431,São Paulo,SP,9,External HD 2TB,Storage,4,500.0,2000.0,2026-05-05,completed
4937,237,Customer 237,Niterói,RJ,5,Headset Pro,Accessories,4,450.0,1800.0,2026-06-04,completed
4938,192,Customer 192,Brasília,DF,3,Monitor 27,Monitors,2,1200.0,2400.0,2026-01-24,completed
4939,280,Customer 280,Belo Horizonte,MG,5,Headset Pro,Accessories,3,450.0,1350.0,2026-06-29,completed
4940,406,Customer 406,Rio de Janeiro,RJ,10,Laptop Stand,Accessories,2,250.0,500.0,2026-07-08,completed
4941,155,Customer 155,Recife,PE,8,Tablet Pro,Tablets,4,2800.0,11200.0,2026-01-11,completed
4942,253,Customer 253,Curitiba,PR,10,Laptop Stand,Accessories,2,250.0,500.0,2026-02-23,completed
4943,388,Customer 388,Niterói,RJ,10,Laptop Stand,Accessories,5,250.0,1250.0,2026-05-23,completed
4944,182,Customer 182,Rio de Janeiro,RJ,6,SSD 1TB,Storage,5,700.0,3500.0,2026-01-15,completed
4945,175,Customer 175,Porto Alegre,RS,9,External HD 2TB,Storage,3,500.0,1500.0,2026-04-21,completed
4946,30,Customer 30,Recife,PE,6,SSD 1TB,Storage,5,700.0,3500.0,2026-07-21,completed
4947,377,Customer 377,Recife,PE,9,External HD 2TB,Storage,2,500.0,1000.0,2026-08-01,cancelled
4948,278,Customer 278,Niterói,RJ,6,SSD 1TB,Storage,4,700.0,2800.0,2026-07-01,completed
4949,70,Customer 70,Curitiba,PR,3,Monitor 27,Monitors,1,1200.0,1200.0,2026-07-09,completed
4950,137,Customer 137,Curitiba,PR,8,Tablet Pro,Tablets,2,2800.0,5600.0,2026-06-18,completed
4951,399,Customer 399,Niterói,RJ,6,SSD 1TB,Storage,3,700.0,2100.0,2026-08-25,completed
4952,442,Customer 442,Salvador,BA,6,SSD 1TB,Storage,1,700.0,700.0,2026-07-21,completed
4953,201,Customer 201,Niterói,RJ,9,External HD 2TB,Storage,2,500.0,1000.0,2026-02-14,completed
4954,446,Customer 446,Salvador,BA,1,Notebook Pro,Computers,1,4500.0,4500.0,2026-05-17,completed
4955,181,Customer 181,Curitiba,PR,3,Monitor 27,Monitors,3,1200.0,3600.0,2026-04-25,completed
4956,283,Customer 283,Curitiba,PR,4,Mouse Wireless,Accessories,5,180.0,900.0,2026-07-14,completed
4957,451,Customer 451,Niterói,RJ,1,Notebook Pro,Computers,1,4500.0,4500.0,2026-08-06,completed
4958,406,Customer 406,Niterói,RJ,4,Mouse Wireless,Accessories,3,180.0,540.0,2026-01-23,completed
4959,292,Customer 292,Fortaleza,CE,3,Monitor 27,Monitors,5,1200.0,6000.0,2026-01-03,completed
4960,311,Customer 311,Curitiba,PR,7,Webcam Full HD,Accessories,2,300.0,600.0,2026-08-01,cancelled
4961,228,Customer 228,São Paulo,SP,3,Monitor 27,Monitors,4,1200.0,4800.0,2026-04-13,completed
4962,135,Customer 135,Salvador,BA,1,Notebook Pro,Computers,5,4500.0,22500.0,2026-04-03,completed
4963,100,Customer 100,Niterói,RJ,2,Keyboard Mechanical,Accessories,4,350.0,1400.0,2026-08-03,completed
4964,332,Customer 332,São Paulo,SP,1,Notebook Pro,Computers,2,4500.0,9000.0,2026-06-07,completed
4965,26,Customer 26,Rio de Janeiro,RJ,10,Laptop Stand,Accessories,2,250.0,500.0,2026-03-04,completed
4966,391,Customer 391,Belo Horizonte,MG,9,External HD 2TB,Storage,5,500.0,2500.0,2026-02-15,completed
4967,83,Customer 83,Brasília,DF,8,Tablet Pro,Tablets,1,2800.0,2800.0,2026-01-23,completed
4968,114,Customer 114,Curitiba,PR,1,Notebook Pro,Computers,1,4500.0,4500.0,2026-04-18,completed
4969,478,Customer 478,Recife,PE,3,Monitor 27,Monitors,4,1200.0,4800.0,2026-05-05,cancelled
4970,20,Customer 20,Salvador,BA,7,Webcam Full HD,Accessories,3,300.0,900.0,2026-04-13,completed
4971,473,Customer 473,Curitiba,PR,1,Notebook Pro,Computers,4,4500.0,18000.0,2026-04-22,completed
4972,201,Customer 201,Brasília,DF,4,Mouse Wireless,Accessories,5,180.0,900.0,2026-07-02,completed
4973,6,Customer 6,São Paulo,SP,10,Laptop Stand,Accessories,3,250.0,750.0,2026-02-28,completed
4974,89,Customer 89,Belo Horizonte,MG,5,Headset Pro,Accessories,4,450.0,1800.0,2026-01-24,completed
4975,423,Customer 423,Curitiba,PR,3,Monitor 27,Monitors,2,1200.0,2400.0,2026-06-22,completed
4976,106,Customer 106,Belo Horizonte,MG,7,Webcam Full HD,Accessories,1,300.0,300.0,2026-01-04,cancelled
4977,480,Customer 480,Fortaleza,CE,5,Headset Pro,Accessories,3,450.0,1350.0,2026-07-02,completed
4978,495,Customer 495,Curitiba,PR,5,Headset Pro,Accessories,2,450.0,900.0,2026-02-21,cancelled
4979,51,Customer 51,Curitiba,PR,6,SSD 1TB,Storage,3,700.0,2100.0,2026-08-19,completed
4980,60,Customer 60,Belo Horizonte,MG,8,Tablet Pro,Tablets,2,2800.0,5600.0,2026-04-29,completed
4981,338,Customer 338,Curitiba,PR,9,External HD 2TB,Storage,3,500.0,1500.0,2026-05-03,completed
4982,458,Customer 458,São Paulo,SP,7,Webcam Full HD,Accessories,2,300.0,600.0,2026-07-22,completed
4983,310,Customer 310,Brasília,DF,3,Monitor 27,Monitors,5,1200.0,6000.0,2026-01-12,completed
4984,451,Customer 451,Curitiba,PR,2,Keyboard Mechanical,Accessories,4,350.0,1400.0,2026-03-25,completed
4985,52,Customer 52,Recife,PE,9,External HD 2TB,Storage,4,500.0,2000.0,2026-01-06,completed
4986,428,Customer 428,Porto Alegre,RS,10,Laptop Stand,Accessories,5,250.0,1250.0,2026-05-25,completed
4987,89,Customer 89,Brasília,DF,3,Monitor 27,Monitors,1,1200.0,1200.0,2026-08-14,completed
4988,147,Customer 147,Recife,PE,4,Mouse Wireless,Accessories,4,180.0,720.0,2026-03-20,completed
4989,396,Customer 396,Brasília,DF,2,Keyboard Mechanical,Accessories,4,350.0,1400.0,2026-02-13,completed
4990,138,Customer 138,Salvador,BA,7,Webcam Full HD,Accessories,3,300.0,900.0,2026-07-23,completed
4991,257,Customer 257,Curitiba,PR,10,Laptop Stand,Accessories,3,250.0,750.0,2026-04-25,completed
4992,390,Customer 390,São Paulo,SP,3,Monitor 27,Monitors,3,1200.0,3600.0,2026-08-12,completed
4993,396,Customer 396,Recife,PE,6,SSD 1TB,Storage,2,700.0,1400.0,2026-04-07,completed
4994,215,Customer 215,Recife,PE,10,Laptop Stand,Accessories,1,250.0,250.0,2026-03-13,cancelled
4995,240,Customer 240,Niterói,RJ,4,Mouse Wireless,Accessories,5,180.0,900.0,2026-04-22,cancelled
4996,362,Customer 362,Brasília,DF,2,Keyboard Mechanical,Accessories,1,350.0,350.0,2026-01-01,completed
4997,174,Customer 174,Belo Horizonte,MG,9,External HD 2TB,Storage,3,500.0,1500.0,2026-06-10,completed
4998,247,Customer 247,Brasília,DF,3,Monitor 27,Monitors,1,1200.0,1200.0,2026-04-11,cancelled
4999,143,Customer 143,Belo Horizonte,MG,6,SSD 1TB,Storage,5,700.0,3500.0,2026-06-04,completed
5000,428,Customer 428,São Paulo,SP,10,Laptop Stand,Accessories,2,250.0,500.0,2026-05-03,completed
